title,genre,director,country,year,imdb_id,imdb_rating
5 причин не влюбиться в казаха,комедийный фильм,Аскар Узабаев,Казахстан,2017,,-
,,,,,,-
5 недель,трагикомедия,Александр Андреев,Россия,2021,tt15436686,4.7
5 неизвестных,триллер,Симон Бранд,США,2006,tt0450340,6.4
6 дней,"боевик, триллер",Тоа Фрейзер,"Великобритания, Новая Зеландия",2017,tt4703048,6.2
5×2,"мелодрама, драма",Франсуа Озон,Франция,2004,tt0354356,6.6
5-я волна,"постапокалиптика, научная фантастика",Дж. Блэйксон,США,2016,tt2304933,5.2
4:44. Последний день на Земле,"драма, фантастика",Абель Феррара,США,2011,tt1707391,4.6
5 терапия,"драма, триллер, биография",Алиса Павловская,Украина,2017,tt7607276,7.4
6-й день,киберпанк,Роджер Споттисвуд,США,2000,tt0216216,5.9
4.3.2.1,"триллер, электро-хаус, соул, R’n’B, хип-хоп, грайм",Ноэль Кларк,Великобритания,2010,tt1514041,5.8
5 разбитых камер,документальный фильм,"Эмад Бурнат, Гай Давиди","Израиль, ПНА, Франция, Нидерланды",2011,tt2125423,7.9
4 маленькие девочки,Исторический документальный,Спайк Ли,США,1997,tt0118540,7.8
4:0 в пользу Танечки,комедия,Радомир Василевский,СССР,1982,tt0083512,6.9
4 x 4,"драма, комедия","Рольф Клеменс, Палле Кьерулф-Шмидт, Мауну Куркваара",Финляндия,1965,tt0058864,6.9
"4 месяца, 3 недели и 2 дня",драма,Кристиан Мунджиу,Румыния,2007,tt1032846,7.9
4 листа фанеры,детектив,"Иван Гаврилюк, Сайдо Курбанов",Украина,1992,tt6571730,5.1
4 американских композитора,"документальный, музыкальный",Питер Гринуэй,Великобритания,1983,tt0085562,7.4
5 дней в августе,"военный, боевик, пропагандистский фильм",Ренни Харлин,"США, Грузия",2011,tt1486193,5.5
4 дня в мае,"военная, драма, боевик",Ахим фон Боррис,"Германия, Украина, Россия",2011,tt1699202,6.4
Четыре,драма,Илья Хржановский,"Россия, Нидерланды",2004,tt0445161,6.5
3: История Дейла Эрнхардта,"биографическая, спортивная, драма",Рассел Малкэхи,США,,tt0401088,6.7
3 ночи в пустыне,драма,Гэбриэль Коуэн,США,2014,tt2123884,4.5
2:37,драматический фильм,Мулари К. Теллури,Австралия,2006,tt0472582,6.8
3 идиота,"комедия, драма",Раджкумар Хирани,Индия,2009,tt1187043,8.4
2pac: Легенда,"байопик, драма, боевик",Бенни Бум,США,2017,tt1666185,5.9
2+1,Музыка к фильму,Юго Желен,"Франция, Великобритания",2016,tt5078204,7.3
2 секунды,комедия,Манон Брайан,Канада,1998,tt0158446,6.6
2 Girls 1 Cup,"порнофильм, ЛГБТ-фильм",Марко Фиорито,Бразилия,"5 января, 2007",tt1765847,4.3
2:22,триллер,Пол Карри,"США, Австралия",2017,tt1131724,5.7
42 / Номер 42,"драма, спортивный фильм",Брайан Хелгеленд,США,"12 апреля, 2013, 8 августа, 2013",tt0453562,7.5
2-Асса-2,драма,Сергей Соловьёв,Россия,2008,tt2719860,4.6
42-я улица,"комедия, мюзикл, мелодрама","Ллойд Бэкон, Басби Беркли",США,1933,tt0024034,7.3
2 дурня в снегу,комедия,Жан-Луи Гийерму,Франция,1977,tt0417603,3.4
40,"детектив, триллер",Александр Галибин,Россия,2007,tt13374330,5.8
39-я бригада,"исторический фильм, военный, экранизация",Карой Макк,Венгрия,1959,tt0052531,6.7
38-я параллель,"драма, боевик, военный",Кан Джегю,Республика Корея,2004,tt0386064,8.0
40 дней и 40 ночей,кинокомедия,Майкл Леманн,США,2002,tt0243736,5.6
40-я дверь,драма,Эльчин Мусаоглу,Азербайджан,2009,tt1441366,7.9
36 безумных кулаков,"боевик, комедия",Чэнь Чжихуа,Гонконг,1977,tt0076661,5.0
34-й скорый,"Фильм-катастрофа, приключенческий фильм, драма",Андрей Малюков,СССР,1981,tt0081967,6.2
,"драма, мелодрама",Дени Вильнёв,Канада,1998,tt0156248,6.5
33,драма,Патрисия Ригген,"США, Чили, Колумбия",2015,tt2006295,6.9
31-й километр,"ужасы, мистика",Ригоберто Кастаньеда,"Мексика, Испания",2006,tt0460485,5.3
32 декабря,"комедия, фантастика, мелодрама",Александр Муратов,Россия,2004,tt0417390,5.0
30 Rock: A XXX Parody,порнофильм,Ли Рой Майерс,США,2009,tt1499909,6.3
30 свиданий,"комедия, мелодрама",Таисия Игуменцева,Россия,2016,tt5437194,4.9
31,Фильм ужасов,Роб Зомби,США,2016,tt3835080,5.1
30 ночей паранормального явления с одержимой девушкой с татуировкой дракона,"комедийный, фильм ужасов",Крэйг Мосс,США,2012,tt2417650,2.6
31 июня,"музыкальный фильм, мюзикл, фэнтези",Леонид Квинихидзе,СССР,,tt0077114,7.3
29 пальм,"драма, роуд-муви",Брюно Дюмон,"Франция, Германия, США",2003,tt0315110,5.1
30 дней ночи: Тёмные времена,"триллер, фильм ужасов",Бен Кетай,США,2010,tt1320304,4.3
29-я улица,"комедия, драма",Джордж Галло,США,1991,tt0101252,7.1
30 дней ночи,фильм о вампирах,Дэвид Слейд,США,"16 октября, 2007, 8 ноября, 2007",tt0389722,6.6
30 безумных желаний,независимый кинематограф,Питер Хатчингс,США,2018,tt4859168,6.9
30 дней до рассвета,"фильм ужасов, комедия",Андерс Банке,Швеция,2006,tt0454457,5.5
29 Километр,"драма, музыкальный фильм",Леонид Андронов,Россия,2012,tt2153518,8.7
28 дней спустя,"постапокалиптический, фильм ужасов, Музыка к фильму",Дэнни Бойл,Великобритания,2002,tt0289043,7.5
28 лет спустя. Часть II: Костяной храм,"постапокалиптика, фильм ужасов",Ниа Дакоста,,"16 января, 2026",tt32141377,Рейтинг не найден
28 недель спустя,"постапокалиптический, фильм ужасов",Хуан Карлос Фреснадильо,"Великобритания, США, Испания, [, ]",2007,tt0463854,6.9
28 дней,"драма, комедия",Бетти Томас,США,2000,tt0191754,6.1
27 Секунд памяти,документальный,Иван Качалин,"Россия, Чехия, Нидерланды",2019,tt10693092,6.8
27-й день,научная фантастика,Уильям Эшер,США,1957,tt0050085,6.1
27 свадеб,романтическая комедия,Энн Флетчер,США,2008,tt0988595,6.1
28 лет спустя,"постапокалиптический, фильм ужасов",Дэнни Бойл,"Великобритания, США",2025,tt10548174,Рейтинг не найден
27 украденных поцелуев,"комедия, драма, мелодрама",Нана Джорджадзе,"Грузия, Франция, Германия, Россия",2000,tt0246405,6.6
25 ватт,Комедийная драма,Хуан Пабло Ребелья,Уругвай,2001,tt0280381,7.1
25-й час,"криминальный фильм, драма",Спайк Ли,США,2002,tt0307901,7.6
24 часа,"боевик, драма",Александр Атанесян,Россия,2000,tt0260671,6.0
24 часа,триллер,Луис Мандоки,"США, Германия",2002,tt0280380,6.1
24 часа из жизни женщины,комедия,Нэнси Савока,США,1999,tt0138279,5.3
24 часа: Искупление,"боевик, драматический фильм, Музыка к фильму",Джон Кассар,ЮАР,,tt0813980,7.4
24-25 не возвращается,"детективный фильм, драма","Алоиз Бренч, Ростислав Горяев",СССР,1968,tt0312292,5.9
24 недели,драматический фильм,Анна Зора Берашед,Германия,"22 сентября, 2016, 13 октября, 2016, 2016",tt5369484,7.1
2019: После падения Нью-Йорка,"боевик, фильм ужасов, фантастика, постапокалиптика",Сержо Мартино,"Франция, Италия",1983,tt0085125,5.5
2012: Ледниковый период,"научно-фантастический, фильм-катастрофа",Трэвис Форт,США,2011,tt1846444,2.2
Аванти!,комедия,Билли Уайлдер,"США, Италия",1972,tt0068240,7.2
2009: Утраченные воспоминания,"Альтернативная история, Фантастический, боевик, Триллер",Ли Щи-мён,Южная Корея,2002,tt0294252,6.1
2001 маньяк,комедия ужасов,Тим Салливан,США,2005,tt0264323,5.3
2012,"научно-фантастический, фильм-катастрофа",Роланд Эммерих,"США, [, ]",2009,tt1190080,5.8
2001 маньяк: Территория криков,"комедия, фильм ужасов",Тим Салливан,США,2010,tt0858411,3.1
Авраам: Хранитель веры,драма,Джозеф Сарджент,"США, Италия, Великобритания",1994,tt0109036,7.0
"Авель, твой брат","психологическая, драма",Януш Насфетер,Польша,1970,tt0065366,7.0
Авиценна,"Биографический фильм, исторический фильм",Камиль Ярматов,СССР,1956,tt0312400,6.2
"Авива, любовь моя",драматический фильм,Шеми Зархин,Израиль,2006,tt0833422,7.2
Авиапочта,"мелодрама, приключения",Ирвин Виллат,США,1925,tt0015547,6.4
Авиатор,"фильм-биография, драма",Мартин Скорсезе,"США, Германия",2004,tt0338751,7.5
Аве Мария,"драма, мелодрама",Людмила Ефименко,Украина,1999,tt0228041,7.4
Августовские киты,драма,Линдсей Андерсон,США,1987,tt0094315,7.1
Аве Цезарь,комедия,Энтони Майкл Холл,США,1994,tt0109969,3.2
Авдотья Павловна,"киноповесть, драма, социальная драма",Александр Муратов,СССР,1966,tt0290438,6.3
Августовская рапсодия,драма,Акира Куросава,Япония,1991,tt0101991,7.2
Август Раш,"драма, мелодрама",Кирстен Шеридан,США,2007,tt0426931,7.4
Август: Графство Осейдж,драма,Джон Уэллс,США,2013,tt1322269,7.2
Август без императора,"драма, триллер",Сацуо Ямамото,Япония,1978,tt0328049,6.7
1993,драматический фильм,Александр Велединский,Россия,2023,tt22460506,6.2
Август. Восьмого,"военный, боевик, драма",Джаник Файзиев,Россия,2012,tt2094767,5.6
"Аватар, или Замена душ","фантастика, драма",Януш Маевский,Польша,1964,tt0932937,6.8
Август,"комедия, драма",Энтони Хопкинс,Великобритания,1996,tt0115591,5.8
«Аватар: Путь воды»,,"Джеймс Кэмерон, Экспедиция «Бисмарк», Чужие из бездны",США,2022,tt1630029,7.5
Аватар: Огонь и пепел,"эпический фильм, научная фантастика, боевик, приключения, фэнтези","Джеймс Кэмерон, Экспедиция «Бисмарк», Чужие из бездны",США,2025,tt1757678,Рейтинг не найден
Аватар,драма,Кармине Галлоне,Италия,1916,tt0278325,7.2
Аватар,,"Джеймс Кэмерон, Экспедиция «Бисмарк», Чужие из бездны","США, [, ], [, ], [, ], Великобритания, [, ]",2009,tt0499549,7.9
Авария!,Ужасы,Чарльз Бэнд,США,1976,tt0075887,4.8
Авария,триллер,Джонатан Мостоу,США,1997,tt0118771,7.0
Авария,детектив,Джеймс Аллен,"ЮАР, США, Заир",1990,tt0096995,3.6
Авария (Несчастный случай),боевик,Серджиу Николаеску,Румыния,1976,tt0074090,6.7
Авария,"детектив, драма",Витаутас Жалакявичюс,СССР,1974,tt1753465,6.6
Авантюрист,"драма, приключенческий фильм",Чжан Пэйчэн,Китайская Республика,1976,tt1399203,Рейтинг не найден
Авантюристы,приключенческий фильм,Дэвид Макдональд,Великобритания,1951,tt0043263,5.5
Авария,Детектив,"Александр Абрамов, Наум Бирман",СССР,1965,tt0147861,6.8
Аварийный выход,комедия,Роман Залуски,Польша,1982,tt0084923,6.7
Авария — дочь мента,драма,Михаил Туманишвили,СССР,1989,tt0096858,6.6
Авантюристы,приключения,Константин Буслов,Россия,2014,tt3684498,4.1
Авантюристы,"драма, комедия, боевик, военный, приключения",Анри Вернёй,Франция,1984,tt0087742,6.1
Авантюра,"комедия, шпионский фильм",Виталий Макаров,"Россия, Украина",1995,tt0112422,4.2
Аванпост,"фильм-триллер, постапокалиптический фильм, научно-фантастический фильм","Баранов, Егор Геннадьевич",Россия,2019,tt8664988,6.0
Авангард: Арктические волки,боевик,Стэнли Тонг,Китай,2020,tt9695722,4.7
Авалон,драма,Барри Левинсон,США,1990,tt0099073,7.2
Ава,драма,Леа Мисиус,Франция,2017,tt6194530,6.6
Агент Коди Бэнкс,"комедия, пародия, боевик",Харальд Цварт,США,2003,tt0313911,5.1
Авантюра леди Хелен,короткометражный фильм,Дэвид Уорк Гриффит,США,1909,tt0000933,5.1
Аватар 4,"эпический фильм, научная фантастика, боевик, приключения, фэнтези","Джеймс Кэмерон, Экспедиция «Бисмарк», Чужие из бездны",США,2029,tt3095356,Рейтинг не найден
Агент Ева,"боевик, триллер, драма, криминал, детектив",Тейт Тейлор,США,"25 сентября, 2020, 2 июля, 2020",tt8784956,5.5
Алая буква,драма,Виктор Шёстрём,США,1926,tt0017350,7.6
Агент Картер,"короткометражка, боевик, приключения, научная фантастика",Луис Д'Эспозито,США,2013,tt3067038,7.4
Аланис,драматический фильм,Анаи Бернери,Аргентина,"21 сентября, 2017, 22 сентября, 2017, 2 октября, 2017, 9 сентября, 2017",tt7297954,6.2
Алая буква,драматический фильм,"Джозеф В. Смайли, Джордж Лоан Такер",США,1911,tt0001872,7.5
Алан Партридж: Альфа Отец,комедия,Деклан Лоуни,"Великобритания, Франция",,tt0469021,6.9
Аламо,"Драма, исторический фильм, военный фильм, вестерн",Джон Ли Хэнкок,США,2004,tt0318974,6.1
Аладдин и его волшебная лампа,"приключенческий фильм, комедия, семейный фильм, фэнтези",Тим Бёртон,США,1986,tt0125603,6.5
Штурмующие,"драма, боевик",Берт Кеннеди,США,1987,tt0092527,6.1
Авалон,"фантастика, триллер, драма, киберпанк",Мамору Осии,"Япония, Польша",2001,tt0267287,6.4
Алавердоба,притча,Георгий Шенгелая,СССР,1962,tt0174452,8.2
Акция,военный фильм,Владимир Шамшурин,СССР,1987,tt0092526,6.0
Акулий торнадо 5: Глобальное роение,"комедийный, научно-фантастический, фильм ужасов, фильм-катастрофа",Энтони Ферранте,США,2017,tt6298780,3.9
Акулий торнадо 4: Пробуждение,"комедийный, научно-фантастический, фильм ужасов, фильм-катастрофа",Энтони Ферранте,США,2016,tt4831420,3.9
Акулосьминог,"ужасы, фантастика, боевик, комедия",Деклан О’Брайен,США,2010,tt1619880,3.3
Акулий торнадо 2: Второй по счёту,"ужасы, комедия, фантастика, трэш",Энтони Ферранте,США,2014,tt3062074,4.0
Акулий торнадо 3,"комедийный, научно-фантастический, фильм ужасов, фильм-катастрофа",Энтони Ферранте,США,2015,tt3899796,4.0
Акула-робот,"Фантастика, комедия, Боевик, Триллер",Джеффри Скотт Ландо,,2015,tt4443784,3.0
Акулий торнадо,"фильм-катастрофа, ужасы, фантастика, комедия",Энтони Ферранте,США,2013,tt2724064,3.3
Акула-монстр,"боевик, фильм ужасов, триллер",Ламберто Бава,"Италия, Франция",1984,tt0088100,2.8
Актрисы,драматический фильм,Ли Джэ Ён,Республика Корея,2009,tt1459219,7.0
Агент Джонни Инглиш: Перезагрузка,,Оливер Паркер,"Великобритания, США, Франция",2011,tt1634122,6.3
Актриса и трансильванцы,вестерн,Мирча Верою,СР Румыния,1979,tt0078799,7.3
Актриса,"мелодрама, комедия, военный фильм",Леонид Трауберг,СССР,1942,tt0035620,7.0
Активная зона,драматический фильм,Леонид Пчёлкин,СССР,1979,tt0078745,6.3
Акулы,"боевик, фильм ужасов, триллер",Боб Мисиоровски,"США, Израиль, ЮАР",1999,tt0161970,3.4
Актёры,"комедия, криминал",Конор МакФерсон,"Великобритания, Германия, Ирландия",2003,tt0307919,5.9
Актер Йоллер,драма,Вирве Аруоя,СССР,1960,tt1921041,6.2
Актёры,комедия,Бертран Блие,Франция,2000,tt0211900,5.9
Акт убийства,Фильм нуар,Майкл Гордон,США,1948,tt0040072,6.9
Акт насилия,"Фильм нуар, Драма",Фред Циннеман,США,1948,tt0041088,7.5
Акт убийства,"документальный, исторический",Джошуа Оппенхаймер,"Великобритания, Дания, Норвегия",2012,tt2375605,8.2
Аладдин,"комедия, мюзикл, фэнтези, приключения, мелодрама",Гай Ричи,Aladdin Jr.,2019,tt6139732,6.9
Аксели и Элина,"драма, исторический",Эдвин Лайне,Финляндия,1970,tt0132676,6.8
Акт агрессии,"криминальный фильм, драма",Жерар Пирес,"Франция, Италия",1975,tt0072618,5.3
Акт,"мелодрама, детектив",Александр Рогожкин,Россия,1993,tt0280392,5.4
Акселератка,эксцентрическая комедия,Алексей Коренев,СССР,1987,tt0092525,5.5
Акробатическая смесь,"хроника, короткометражка",Макс Складановский,Германская империя,1895,tt0000011,5.2
"Акмаль, дракон и принцесса",сказка,Юрий Степчук,СССР,1981,tt1718717,5.4
Аккумулятор 1,"фантастика, комедия",Ян Сверак,Чехия,1994,tt0109071,7.0
Аккорды долгой жизни,"биографический фильм, драма, комедия, мюзикл",Анар Рзаев,СССР,1981,tt1198151,7.9
Американская девочка,"подростковый фильм, комедийный фильм, драматический фильм, ЛГБТ-фильм",Джордан Брэйди,США,2002,tt0329297,5.9
Алпамыс идёт в школу,Детский фильм,Абдулла Карсакбаев,СССР,1976,tt0318976,5.1
"Алукарда, дочь тьмы","Ужасы, Эротика",Хуан Лопез Моктезума,Мексика,1977,tt0075666,6.3
Американская готика,,Джон Хаф,"Великобритания, Канада",1987,tt0094642,5.8
Американский пирог 2,Комедия,Джеймс Роджерс,США,2001,tt0252866,6.4
Акты насилия,"боевик, приключенческий фильм",Бретт Доноху,"Канада, США",2018,tt6684714,5.3
Американский пирог,комедия,Пол Вайц,США,1999,tt0163651,7.0
Американский огурчик,кинокомедия,Брэндон Трост,США,2020,tt9059704,5.7
Американский оборотень в Париже,комедийный фильм ужасов,Энтони Уоллер,"США, [, ], Великобритания, Франция, [, ], Нидерланды, [, ], Люксембург, [, ]",1997,tt0118604,5.1
Американский ниндзя 5,экшн,Бобби Джин Леонард,США,1993,tt0106257,3.0
Американский оборотень в Лондоне,комедийный фильм ужасов,Джон Лэндис,"США, [, ], Великобритания, [, ]",1981,tt0082010,7.5
Американский ниндзя 4: Разрушение,боевик,Седрик Сандстром,США,1991,tt0101326,4.0
Американский ниндзя 3: Кровавая охота,боевик,Седрик Сандстром,США,1989,tt0096804,3.7
Американский ниндзя 2,боевик,Сэм Фёрстенберг,США,1985,tt0092548,5.0
Американский ниндзя,боевик,Сэм Фёрстенберг,"США, Филиппины",1985,tt0088708,5.5
Американский неудачник,биографический,"Эндрю Эрвин, Джон Эрвин",США,2021,tt11729298,7.1
Американский киборг: Стальной воин,"боевик, постапокалиптика",Боаз Дэвидсон,США,1993,tt0109098,4.3
Американский жиголо,мелодрама,Пол Шредер,США,1980,tt0080365,6.3
Американский дедушка,Комедия,Иван Щёголев,Россия,1993,tt0187693,4.8
Американский грайндхаус,документальный,Элайджа Дреннер,США,2010,tt1307861,7.1
Американский боевой корабль,"мокбастер, научно-фантастический фильм, боевик, вторжение пришельцев, фильм-триллер, военный фильм",Тандер Левин,США,"5 июля, 2012, 2012",tt2175927,2.8
Американские молнии,"спортивный, драматический фильм",Джон Бэдэм,США,1985,tt0088707,6.5
Американские детки,"Комедия, Драма",Джош Столберг,США,2005,tt0408961,5.6
Американский дьявол,триллер,Эш Эвилдсен,США,2017,tt5451690,5.6
Американские бродяги,"комедия, роуд-муви, боевик",Майкл Коверт,США,1996,tt0115531,5.2
Американские животные,драма,Барт Лэйтон,"Великобритания, США",2018,tt6212478,7.0
Американские горки,"криминальная драма, триллер, боевик",Джеб Стюарт,США,1997,tt0119210,6.4
Американские граффити,"комедийная драма, история взросления","Джордж Лукас, Битва за пределами Солнца, Distant Vision",Дважды много лет назад,1973,tt0069704,7.4
Американская трагедия,судебная драма,Лоуренс Шиллер,США,,tt0250135,5.4
Американская трагедия,драма,Марийонас Гидрис,СССР,,tt4795608,6.9
Американская трагедия,драматический фильм,Джозеф фон Штернберг,США,1931,tt0021607,6.4
Американская сказка,"фэнтези, комедия",Дэвид Цукер,США,2008,tt1190617,4.0
Американский друг,драма,Вим Вендерс,ФРГ,1977,tt0075675,7.4
Американская Мэри,"фильм ужасов, триллер","Джен Соска, Сильвия Соска",Канада,2012,tt1959332,6.2
Американская рапсодия,"биографический фильм, история взросления, драматический фильм",Эва Гардос,США,2001,tt0221799,6.7
Американская пастораль,драма,Юэн Макгрегор,США,2016,tt0376479,6.1
Американская мечта,"комедия, музыка",Пол Вайц,США,2006,tt0465142,5.5
Американская ночь,трагикомедия,Франсуа Трюффо,"Франция, Италия",1973,tt0070460,8.0
Американская милашка,Роуд-муви,Андреа Арнольд,"Великобритания, США",2016,tt3721936,7.0
Американская интрижка,"комедия, драма",Уильям Олсон,США,2008,tt0899138,6.1
Американская история Икс,"драма, криминал, Инструментальная, электроакустическая",Тони Кэй,США,1998,tt0120586,8.5
Американская звезда,фильм-триллер,Гонсало Лопес-Гальего,США,2024,tt19984386,5.5
Американская дочь,"трагикомедия, роуд-муви",Карен Шахназаров,"Россия, США",1995,tt0112348,6.3
Американская жестокость,"криминальный фильм, драматический фильм",Тимоти Вудворд мл.,США,2016,tt5848714,4.5
Американка,"драма, трагикомедия",Дмитрий Месхиев,Россия,1997,tt0149650,6.9
Американец,драматический фильм,Майкл А. Гурджиан,Армения,2022,tt13616368,7.4
Американизируй меня,драма,Эдвард Джеймс Олмос,США,1992,tt0103671,7.1
Американизация Эмили,"драма, комедия, военный, мелодрама, экранизация",Артур Хиллер,США,1964,tt0057840,7.3
Американец в Париже,,Винсент Миннелли,США,1951,tt0043278,7.1
Американец,"драма, криминальный фильм",Антон Корбейн,США,2010,tt1440728,6.3
Американские приключения,"боевик, приключенческий фильм, исторический фильм","Саммо Хун, Лау Кавин",Гонконг,1997,tt0120530,6.3
Американа,драма,Дэвид Кэррадайн,США,1983,tt0082011,6.4
Американка,драма,Семи Челлас,"Канада, США",2019,tt9109492,5.1
"Америка, Америка","драма, мистика",Элиа Казан,США,1963,tt0056825,7.7
Америка 3000,постапокалиптика,Дэвид Энгельбах,США,1986,tt0090630,4.2
Амели,романтическая комедия,Жан-Пьер Жёне,Франция,2001,tt0211915,8.3
Американская басня,триллер,Энн Хэмилтон,США,2016,tt4671002,5.8
Амаркорд,"комедия, драма",Федерико Феллини,Италия,1973,tt0071129,7.8
Амбивалентность,"триллер, драма",Антон Бильжо,Россия,2019,tt8896336,5.8
"Амар, Акбар, Антони",комедия,Манмохан Десаи,Индия,1977,tt0075669,7.4
«Аманда ночью»,"порнофильм, криминальная драма, триллер",Гэри Грейвер,США,1981,tt0082004,6.2
Американец в Риме,комедия,Стено,Италия,1954,tt0046705,6.9
Амангельды,историческая драма,Моисей Левин,СССР,1938,tt0031037,5.5
Аманда и инопланетянин,"фантастика, комедия",Джон Кролл,США,,tt0112339,4.7
Америка,Криминальная драма,Жуан Нуно Пинту,Испания,2010,tt1322266,6.2
Аманат,"биография, история, военный, драма","Антон Сиверс, Рауф Кубаев",Россия,2022,tt19812266,6.6
Амазонки на Луне,"фантастика, скетч-шоу","Джо Данте, Джон Лэндис, Карл Готлиб, Питер Хортон, Роберт К. Уайсс",США,1987,tt0092546,6.2
Амайа. Дитя вампира,"драматический фильм, фэнтезийный фильм, фильм о вампирах",Игорь Легаррета,,2021,tt11892482,6.6
Амазонка в огне,приключения,Луис Льоса,"Перу, США",1993,tt0106913,3.5
Ангелы ада ’69,боевик,Ли Мэдден,США,1969,tt0064415,5.3
Анна Бонд,"боевик, мелодрама, драма",Дуния Сури,Индия,2012,tt2146950,4.5
Аноним,фильм-биография,Роланд Эммерих,"Германия, Великобритания, США",2011,tt1521197,6.8
Амелия,"биография, драма, мелодрама",Мира Наир,"США, Канада",2009,tt1129445,5.8
Анон,"антиутопический фильм, научно-фантастический фильм, кинофантастика, фильм-триллер, киберпанк",Эндрю Никкол,Великобритания,2018,tt5397194,6.1
Аннушка,драма,Борис Барнет,СССР,1959,tt0052568,6.1
Аманда,драматический фильм,Каролина Кавалли,"Италия, Франция","5 сентября, 2022, 13 октября, 2022",tt18469872,6.5
Аннычка,"драма, военный",Борис Ивченко,СССР,1968,tt0312363,7.5
Аннигиляция,"научная фантастика, фильм ужасов",Алекс Гарленд,"Великобритания, США",2018,tt2798920,6.8
Аннетт,мюзикл,Леос Каракс,"Франция, Германия, Бельгия",2021,tt6217926,6.3
Анна Эйдеш,"драма, экранизация",Золтан Фабри,Венгрия,1958,tt0052438,7.4
Аманат,Драма,Сатыбалды Нарымбетов,Казахстан,2015,tt4564526,7.2
Анна: от 6 до 18,"документальный фильм, фильм-биография, исторический фильм",Никита Михалков,"Россия, Франция",1993,tt0106290,7.4
Анна Тристер,Мелодрама,Леа Пул,Канада,1986,tt0090648,7.3
Анна свободна,Мелодрама,Венди Джо Карлтон,США,2009,tt1315214,6.5
Амбициозная кунгфуистка,"боевик, приключенческий фильм",Лу Цзюньгу,Гонконг,1981,tt0084014,6.3
Анна Политковская: семь лет на линии фронта,Документальный фильм,Мария Новикова,Нидерланды,2008,tt3509346,7.9
Анна на шее,драма,Исидор Анненский,СССР,1954,tt0046715,6.8
Анна Николь,биография,Киони Уоксмен,США,2007,tt1009012,4.1
Анна Ли,музыкальный фильм,Мона Фастволд,,,tt34819091,Рейтинг не найден
«Анна Каренина. История Вронского»,драма,Карен Шахназаров,Россия,2017,tt6966538,6.3
Анна Кристи,драма,Кларенс Браун,США,1930,tt0020641,6.5
Анна Лукаста,"Фильм нуар, Мелодрама",Ирвинг Рэппер,США,1949,tt0041125,6.1
Анна Каренина,драма,Сергей Соловьёв,Россия,2009,tt0403726,6.1
Анна Каренина,мелодрама,Саймон Лэнгтон,США,,tt0088726,6.3
Анна Каренина,"драма, любовная история",Бернард Роуз,"США, Россия, Великобритания",1997,tt0118623,6.3
Анна Каренина,"историческая, романтическая драма",Джо Райт,"Великобритания, США",2012,tt1781769,6.6
«Анна Каренина»,драма,Александр Зархи,СССР,1967,tt0061359,7.0
Анна Каренина,"драма, мелодрама",Жюльен Дювивье,Великобритания,1948,tt0040098,6.6
Анна Каренина,фильм-балет,Маргарита Пилихина,СССР,1974,tt0166082,6.8
Анна Каренина,мелодрама,Кларенс Браун,США,1935,tt0026071,7.0
Анна Каренина,драма,Кристиан Дюгей,Италия,2013,tt2821430,7.2
Анна и Элизабет,драма,Франк Висбар,Нацистская Германия,1933,tt0023760,7.1
Анна Карамазофф,Драма,Рустам Хамдамов,"СССР, Франция",1991,tt0220309,6.8
Анна Каренина,"драматический фильм, немое кино, экранизация романа",Морис Метр,Российская империя,1911,tt0210518,5.2
Анна,"боевик, триллер, шпионский фильм",Люк Бессон,Франция,2019,tt7456310,6.7
Анна,музыкальный фильм,Пьер Коральник,Франция,1967,tt0090647,6.8
Анна и король,"мелодрама, драма, исторический",Энди Теннант,США,1999,tt0166485,6.7
Анна и Командор,мелодрама,Евгений Хринюк,СССР,1974,tt0071146,6.5
Анна,"мелодрама, семейный фильм",нем.,ФРГ,1988,tt0094661,5.3
Анна Павлова,"драма, биография, исторический, музыкальный",Эмиль Лотяну,"СССР, Великобритания, ГДР, Куба, Франция",,tt0086089,6.9
Анна,"постапокалипсис, антиутопия",Никколо Амманити,Италия,2021,tt11199132,7.0
Анжель,драматический фильм,Марсель Паньоль,Франция,1934,tt0024830,7.3
Анискин и Фантомас,"детективный фильм, комедия","Михаил Жаров, Виталий Иванов, Владимир Рапопорт",СССР,,tt1095166,6.4
Анима мунди,документальный фильм,Годфри Реджио,США,1992,tt0101349,7.5
Анклав,драма,Горан Радованович,"Сербия, Германия",2015,tt2886632,7.5
"Анкор, ещё анкор!",драма,Пётр Тодоровский,Россия,1992,tt0103698,6.9
Анжелика в гневе,"экранизация, приключенческий фильм, мелодрама",Бернар Бордери,ФРГ,1965,tt0058343,6.6
"Анжелика, маркиза ангелов","мелодрама, приключения",Ариель Зейтун,Франция,2013,tt2776074,6.1
Анжелика — маркиза ангелов,"экранизация, приключенческий фильм, мелодрама",Бернар Бордери,ФРГ,,tt0057846,6.7
Анжелика и султан,приключенческий фильм,Бернар Бордери,"Франция, Италия, Германия",1968,tt0061357,6.3
Анна Каренина,драма,Владимир Гардин,Российская империя,1914,tt0003625,5.2
Анетта,"киноновелла, экранизация",Георгий Шмованов,СССР,1966,tt13124532,Рейтинг не найден
Анечка идёт в школу,"детский, экранизация",Милан Вошмик,Чехословакия,1962,tt0055751,6.0
Андрокл и лев,пеплум,"Честер Эрскин, Николас Рэй",США,1952,tt0044355,6.0
Анемон,драматический фильм,Ронан Дэй-Льюис,США,,tt33549648,Рейтинг не найден
Андроид,"фантастика, драма",Аарон Липштадт,США,1982,tt0083557,5.8
Андриеш,сказка,"Яков Базелян, Сергей Параджанов",СССР,1954,tt0046713,6.3
Андрейка,киноповесть,Николай Лебедев,СССР,1958,tt0305218,6.2
Андра,приключения,Мэтт Симбер,"Испания, США",1983,tt0087436,4.6
Анита О’Дэй: Жизнь джазовой певицы,документальный,,США,2007,tt0843838,7.9
Анджело,Драма,Михаил Нароков,РСФСР,1920,,-
Андрей и злой чародей,"сказка, комедия",Геннадий Харлан,СССР,1981,tt0231141,4.9
Андрей Рублёв,"историческая, драма",Андрей Тарковский,СССР,1966,tt0060107,8.0
Анжелика и король,"экранизация, приключенческий фильм, мелодрама, исторический фильм",Бернар Бордери,ФРГ,1966,tt0058909,6.6
"Анджело, моя любовь",драма,Роберт Дюваль,США,1983,tt0085168,6.6
Андерсен. Жизнь без любви,"Биография, Сказка",Эльдар Рязанов,Россия,2006,tt0466174,5.5
Анемия,драма,Тато Котетишвили,СССР,1987,tt0285435,7.7
Ангус,комедия,Пэтрик Рид Джонсон,"США, Великобритания, Германия, Франция",1995,tt0112368,6.7
Андалузский пёс,"сюрреализм, авангард",Луис Бунюэль,Франция,"6 июня, 1929, 1929",tt0020530,7.6
"Ангус, стринги и поцелуи взасос","комедия, драма",Гуриндер Чадха,США,2008,tt0963743,6.3
Англия!,драма,Ахим фон Боррис,Германия,2000,tt0255140,6.9
Андроид,технотриллер,Бобби Бурманс,Нидерланды,2013,tt2536436,5.4
Английский цирюльник,комедия,Пэдди Бретнэк,"Великобритания, Германия, США",2001,tt0212380,6.2
Английский пациент,,Энтони Мингелла,"Великобритания, США","1996, 27 февраля, 1997",tt0116209,7.4
Андре,"приключения, драма, семейный фильм",Джордж Т. Миллер,США,1994,tt0109120,5.7
Английский вальс,"мелодрама, экранизация",Гитис Лукшас,СССР,1982,tt0229989,6.7
Антрацит,"социальная драма, производственный фильм",Александр Сурин,СССР,1971,tt0305474,5.7
Андин. Хроники армянских путешествий,"документальный, исторический",Рубен Гини,"Армения, Китай, Индия, Кыргызстан, Великобритания, Мексика, Россия, Франция, Испания",2014,tt4060466,8.9
Антракт,"фэнтезийный фильм, немое кино",Рене Клер,Франция,1924,tt0014872,7.3
Антоша Рыбкин,"военный фильм, пропаганда, кинокомедия",Константин Юдин,СССР,1942,tt0034463,5.6
"Асиф, Васиф, Агасиф",детский фильм,Расим Исмайлов,СССР,1983,tt1577780,7.7
Армянский киноконцерт,"музыкальный фильм, короткометражный фильм",Патвакан Бархударян,Армянская ССР,1941,tt0234454,5.9
"Англичанин, который поднялся на холм, а спустился с горы",комедия,Кристофер Монгер,Великобритания,1995,tt0112966,6.6
Асако 1 и 2,"драматический фильм, романтический фильм",Рюсукэ Хамагути,Япония,"1 сентября, 2018",tt7112154,7.0
Андерграунд,"антивоенный, драма, эксцентричная, трагикомедия, фантасмагория, притча",Эмир Кустурица,Франция,"1 апреля, 1995, 23 ноября, 1995, 26 декабря, 1995, 20 июня, 1997",tt0114787,8.0
Ас из асов,комедия,Жерар Ури,"Франция, ФРГ",1982,tt0083580,6.6
Арья 2,"боевик, романтическая комедия, саундтрек",Сукумар,"Индия, Индия",2009,tt1526323,7.5
Антропоид,военная драма,Шон Эллис,"Чехия, Великобритания, Франция",2016,tt4190530,7.2
Арье,Драма,Роман Качанов,"Россия, Израиль, Литва",2004,tt1732554,6.7
Аршин мал алан,музыкальная комедия,Тофик Таги-Заде,"СССР, Азербайджанская ССР",1965,tt1573789,8.1
Антошу корсет погубил,комедия,Эдвард Пухальский,Российская империя,1916,tt3464264,5.6
Аршин мал алан,"мелодрама, музыкальный фильм",Сетраг Вартян,США,1937,tt0129760,5.7
Архитектура блокады,документальный,Максим Якубсон,Россия,2020,,-
Аршин мал алан,Музыкальная комедия,"Рза Тахмасиб, Николай Лещенко","СССР, Азербайджанская ССР",1945,tt0037520,7.7
Аршин мал алан,музыкальная комедия,Борис Светлов,Российская империя,1916,tt0499428,7.9
Англичанин в Нью-Йорке,"Биография, драма",Ричард Лэкстон,Великобритания,2009,tt0997057,7.1
Архитектор,Драма,Мэтт Таубер,США,2006,tt0466665,5.5
Архитекторы страха,фантастика,Байрон Хаскин,США,1963,tt0667826,7.6
Архипелаг,исторический,"Алексей Тельнов, Михаил Малахов-младший",Россия,2021,tt14389708,5.3
Архипелаг,драматический фильм,Джоанна Хогг,Великобритания,2010,tt1527835,6.3
Артур. Идеальный миллионер,"комедия, мелодрама",Джейсон Уайнер,США,2011,tt1334512,5.7
Архангельский мужик,документальный фильм,Марина Голдовская,СССР,1986,tt0244404,Рейтинг не найден
Архангел,"Мелодрама, Авангардный фильм, Сюрреалистический фильм, Артхаус",Гай Мэддин,Канада,1990,tt0099053,6.3
Артур и месть Урдалака,"мультфильм, фэнтези, приключение, семейный",Люк Бессон,"Франция, США",2009,tt0940657,5.3
"Артур Ньюман, профессионал гольфа","комедийная драма, комедийный фильм",Данте Ариола,США,"10 сентября, 2012, 26 сентября, 2013",tt1930546,5.6
"Артур, ты король",приключения,Саймон Селлан Джоунс,США,2024,tt10720352,7.0
Артур и минипуты,"Мультфильм, Фэнтези, Приключения, Семейный, Кинокомедия",Люк Бессон,"Франция, США",2006,tt0344854,6.0
Артисты сгоревшего театра,документальная драма,Ритхи Пань,Камбоджа,"15 мая, 2005",tt0461743,7.1
Артур и война двух миров,"мультфильм, фэнтези, приключение, семейный",Люк Бессон,Франция,2010,tt0940656,5.5
Артур 2: На мели,комедия,Бад Йоркин,США,1988,tt0094678,4.7
«Артистка из Грибова»,"лирическая, комедия",Леонид Квинихидзе,СССР,1988,tt0094679,6.3
Артур,"комедия, мелодрама",Стив Гордон,США,1981,tt0082031,6.9
Архитектон,документальный фильм,Виктор Косаковский,Германия,2024,tt18346498,6.6
Артистка,"мелодрама, комедия",Станислав Говорухин,Россия,2007,tt1116026,6.8
Артист из Кохановки,комедия,Григорий Липшиц,СССР,1961,tt0312383,5.6
Архангел,триллер,Джон Джонс,Великобритания,2005,tt0426911,6.4
Артефакт,слэшер,"Дэнни Грейвз, Ричард Уэнк",США,2001,tt0255702,5.2
Артист,"драма, мелодрама, комедия",Мишель Хазанавичус,"Франция, Бельгия",2011,tt1655442,7.8
Артефакт,документалистика,Бартоломью Каббинс,США,2012,tt2370718,7.9
Артемизия,"драма, биография, исторический",Аньес Мерле,"Франция, Италия, Германия",1997,tt0123385,6.7
Артемис Фаул,"научное фэнтези, приключения",Кеннет Брана,США,2020,tt3089630,4.3
Артём,"историко-революционный, фильм-биография, драма",Николай Кошелев,СССР,1978,tt4895692,6.2
Арсенал,исторический фильм,Александр Довженко,СССР,1929,tt0019649,7.2
Арт-колледж 1994,,Liu Jian,Китай,2023,tt1872160,6.3
Аромат дыни в Самарканде,,Али Хамраев,Узбекистан,2021,,-
Арсен Люпен,"боевик, приключенческий фильм, криминальный фильм, мелодрама",Жан-Поль Саломе,"Франция, Италия, Испания, Великобритания",2004,tt0373690,5.4
Арсен,"драма, исторический фильм",Михаил Чиаурели,СССР,1937,tt0169566,6.7
Аромат кукурузы,драма,Джанни Да Кампо,Италия,1986,tt0102840,6.9
Аромат любви Фанфан,"мелодрама, комедия",Александр Жарден,Франция,1993,tt0106866,6.7
Аромат зелёной папайи,"драма, мелодрама, музыкальный фильм",Чан Ань Хунг,Вьеткьеу Франции,1993,tt0107617,7.3
Арнульф Райнер,экспериментальное кино,Петер Кубелка,Австрия,1960,tt0377390,4.1
Арн: Королевство в конце пути,исторический фильм,Петер Флинт,"Дания, Швеция, Финляндия, Великобритания, Норвегия, Германия",2008,tt0950739,6.6
Армия тьмы,фэнтезийная комедия,Сэм Рэйми,США,1992,tt0106308,7.4
Арн: Рыцарь-тамплиер,исторический фильм,Петер Флинт,Швеция,2007,tt0837106,6.6
Армия Франкенштейна,ужасы,Ричард Рапхорст,"США, Нидерланды, Чехия",2013,tt1925435,5.4
Армия семерых бойцов,"боевик, военная драма","Чжан Чэ, У Ма",Гонконг,1976,tt0074170,6.2
Армия теней,"драма, военный фильм",Жан-Пьер Мельвиль,Франция,1969,tt0064040,8.1
Армия Бранкалеоне,"комедия, приключения",Марио Моничелли,"Италия, Франция, Испания",1966,tt0060125,7.7
Армия мертвецов,"фильм о зомби, фильм-ограбление, постапокалиптика",Зак Снайдер,США,2021,tt0993840,5.8
Арман,Драма,,СССР,1975,,-
Армия воров,"приключения, фильм-ограбление",Маттиас Швайгхёфер,США,2021,tt13024674,6.4
Армянский вопрос,документальный,"Андрей Буровский, Григорий Жгилёв",Россия,2017,,-
Артек. Большое путешествие,"комедия, приключения, фантастика",Армен Ананикян,Россия,2022,tt16769394,4.2
Армия «Трясогузки»,приключения,Александр Лейманис,СССР,1964,tt0291021,6.5
Армагеддон,драма,Михаил Израилев,СССР,1962,tt0312380,5.1
Армия «Трясогузки» снова в бою,приключения,Александр Лейманис,СССР,1968,tt0312381,6.2
Армагеддон,"фильм-катастрофа, драма, фантастика",Майкл Бэй,США,1998,tt0120591,6.7
Армагеддец,"научно-фантастическая комедия, Альтернативный рок, инди-рок, мэдчестер, альтернативная танцевальная музыка, брит-поп, психоделический рок, данс-поп",Эдгар Райт,"США, Великобритания, Япония, Великобритания",2013,tt1213663,6.9
Армия,фильм-драма,Кэйсукэ Киносита,Япония,1944,tt0037227,6.5
Арли: второй Париж,Документальное кино,Идриссу Моракпай,Нигер,2007,tt0473762,7.9
Аркадия,"драма, роуд-муви, подростковое кино",Оливия Сильвер,США,2012,tt2056520,6.2
Арлезианка,драма,Альбер Капеллани,Франция,1908,tt0433791,6.4
Аркадская дева,драматический фильм,Дэвид Уорк Гриффит,США,1910,tt0001118,5.4
Аркадий Райкин,документальный фильм,Марина Голдовская,СССР,,tt0244405,8.0
"Армида, драма одной невесты",драматический фильм,Бруно Маттеи,Италия,1970,tt0259196,5.7
Арк: Ковчег Времени,триллер,Тони Эллиотт,"США, Канада",2016,tt5640450,6.3
Ариэль,"драма, фантастика, экранизация",Евгений Котов,"Россия, Украина",1992,tt0312378,4.7
Ариэль,драма,Аки Каурисмяки,Финляндия,1988,tt0094675,7.4
Аристократы,"документальный фильм, комедия","Пенн Джиллетт, Пол Провенца",США,2005,tt0436078,6.4
Армавир,драма,Вадим Абдрашитов,СССР,1991,tt0130392,7.3
Арифметика убийства,детективный фильм,Дмитрий Светозаров,СССР,1991,tt0101367,6.8
Аритмия,драма,Борис Хлебников,"Россия, Финляндия, Германия",2017,tt6952604,7.4
Аристократы,"экранизация, драма",Дени де Ла Пательер,Франция,1955,tt0149707,6.4
Ариран,"документальный фильм, Автобиографический фильм",Ким Ки Дук,Республика Корея,"2011, 26 января, 2012",tt1922551,6.8
Арлетт,"мелодрама, комедия, криминальный фильм",Клод Зиди,Франция,1997,tt0115567,5.2
Багратион,"историко, биографический фильм","Гиули Чохонелидзе, Караман Мгеладзе",СССР,1985,tt0191807,6.5
БАгИ,драма,Андрей Богатырёв,Россия,2011,tt1806792,7.1
Багдадский чародей,"комедийный фильм, фэнтезийный фильм",Джордж Шерман,США,1960,tt0054481,5.0
Багдадский вор,"сказка, фэнтези",Рауль Уолш,США,1924,tt0015400,7.7
Багажник,триллер,Донован Винтер,Великобритания,1961,tt0181086,6.2
Багдадский вор,,,Великобритания,"1940, 25 декабря, 1940",tt0033152,7.4
Бабы рязанские,драма,"Ольга Преображенская, Иван Правов",СССР,1927,tt0017653,7.0
Бабье царство,"Военная, драма",Алексей Салтыков,СССР,1967,tt0174482,7.1
Бабы,драма,Владимир Баталов,СССР,1940,tt0265059,5.9
Бабушкин внук,"киноповесть, семейный фильм, драма",Адольф Бергункер,СССР,1979,tt0078818,5.6
Ария,музыкальный фильм,"Николас Роуг, Билл Брайден, Чарльз Старридж, Жан-Люк Годар, Жульен Темпл, Брюс Бирсфорд, Роберт Олтмен, Фрэнк Роддэм, Кен Рассел, Дерек Джармен",Великобритания,1987,tt0092580,5.7
Бабушкина лупа,короткометражка,Джордж Альберт Смит,Великобритания,1900,tt0000304,6.0
Ариран,"боевик, драматический фильм",На Унгю,,1926,tt0149706,7.8
Бабушкин дом,,Питер Рейдер,США,1988,tt0097455,5.1
Бабушки и внучата,драма,Нана Мчедлидзе,СССР,1969,tt0275306,6.9
Бабушка-генерал,драма,Мелис Абзалов,СССР,1982,tt2807620,7.8
Бабушка лёгкого поведения 2. Престарелые мстители,комедия,Марюс Вайсберг,Россия,2019,tt9450542,3.2
Бабушка лёгкого поведения,комедия,Марюс Вайсберг,Россия,2017,tt6823698,3.7
Бабушка,фильм ужасов,Пако Пласа,"Испания, Франция",2021,tt11807888,5.9
Бабушка для всех,Музыкальный фильм,Нана Двалишвили,СССР,1987,tt0821758,4.6
Бабушка,драма,Антонин Москалик,Чехословакия,1971,tt0138310,7.2
Бабушка,комедия-драма,Пол Вайц,США,2015,tt4270516,6.7
Армянская рапсодия,документальный,"Гарри Кананян, Сезар Кананян",Бразилия,2012,tt2234460,7.3
Бабуся,драма,Лидия Боброва,Россия,2003,tt0349116,7.4
Бабушка,драма,Франтишек Чап,Протекторат Богемии и Моравии,1940,tt0032230,6.9
Бабочки-убийцы,"боевик, фильм ужасов, мистика",Цуй Харк,Гонконг,1979,tt0079051,6.4
Бабочки свободны,,Милтон Кацелас,США,1972,tt0068326,7.2
Бабочки в животе,драматический фильм,Зересенай Мехари,"Канада, Ирландия",2019,tt6489562,5.6
Бабочки,"детектив, драма, мелодрама, триллер",Андрей Малюков,"СССР, Польша",1991,tt0235205,5.8
Бабочка,драма,Май Ваньсинь,Гонконг,2004,tt0440939,6.7
Бабочка,"драматический фильм, ЛГБТ-фильм",Марко Бергер,Аргентина,2015,tt3919820,6.0
Бабочки,"семейный, мелодрама, драма",Януш Насфетер,Польша,1972,tt0374884,7.3
Бабочка,комедия,"Нинель Ненова, Гено Цулая",СССР,1977,tt0282365,6.9
Бабник,"комедия, драма, мелодрама",Дэвид Маккензи,США,2009,tt1186370,5.8
Бабло,"Комедия, Криминал",Константин Буслов,Россия,2011,tt2064728,6.4
Бабник,комедия,Анатолий Эйрамджан,СССР,1990,tt0099083,5.2
Бабий Яр,,Николай Засеев-Руденко,Украина,2002,tt1910505,6.1
Бабич,"байопик, драма, исторический",Булат Юсупов,Россия,2017,tt8214538,Рейтинг не найден
Бабий Яр,драма,Джеф Кэнью,,2003,tt0348536,6.3
Бабушки надвое сказали…,"комедия, музыкальный фильм","Валерий Харченко, Юрий Клебанов",СССР,,tt0078817,5.0
Баба Яга,"эротический фильм, ужасы, джалло",Коррадо Фарина,"Италия, Франция",1973,tt0069753,5.7
Баба Яга спасает мир,фэнтезийная комедия,Карен Захаров,Россия,2023,tt27775514,4.6
Бабек,"исторический фильм, фильм-биография",Эльдар Кулиев,СССР,1979,tt0078816,8.1
Бабадук,"фильм ужасов, триллер, мистика",Дженнифер Кент,Австралия,2014,tt2321549,6.8
Бабетта идёт на войну,"комедийный фильм, военный фильм, фарс",Кристиан-Жак,Франция,1959,tt0052595,6.2
Ба-бах,"комедия, фантастика",Грегг Араки,"США, Франция",2010,tt1523483,5.7
Баба Джун,драматический фильм,Yuval Delshad,Израиль,2015,tt3757218,6.7
Баария,"драма, комедия",Джузеппе Торнаторе,"Италия, Франция",2009,tt1081935,6.9
Аэропорт-79: «Конкорд»,,Дэвид Лоуэлл Рич,США,1979,tt0078740,4.5
Аэропорт,"трагикомедийный, триллер",Джордж Ситон,США,1970,tt0065377,6.6
Аэропорт со служебного входа,производственная драма,Борис Яшин,СССР,1986,tt0090596,6.7
Аэронавты,"экшн, приключение, биография",Том Харпер,"США, Великобритания",2019,tt6141246,6.6
Аэроград,драма,Александр Довженко,СССР,1935,tt0026040,6.0
Аэроплан II: Продолжение,комедия,Кен Финклмен,США,1982,tt0083530,6.2
Аэропорт 77,фильм-катастрофа,Джерри Джеймсон,США,1977,tt0075648,5.8
Баба Яга спасает Новый год,"приключение, фэнтезийная комедия, семейный фильм",Армен Ананикян,Россия,2024,tt30226946,4.4
Армия преступников,"военный фильм, драматический фильм",Робер Гедигян,Франция,2009,tt1258120,6.7
Бабба Хо-Теп,"фильм ужасов, кинокомедия",Дон Коскарелли,США,2002,tt0281686,6.9
Аэро НТ-54,"детективный фильм, фантастика",Николай Петров,СССР,1925,tt0264336,Рейтинг не найден
"Аэлита, не приставай к мужчинам",трагикомедия,Георгий Натансон,СССР,1988,tt0126775,5.5
Ашанти,"боевик, приключенческий фильм, драма, триллер",Ричард Флейшер,США,1979,tt0078801,5.4
Аэропорт 1975,"фильм-катастрофа, драма",Джек Смайт,США,1974,tt0071110,5.7
Аэлита,Фантастика,Яков Протазанов,СССР,1924,tt0014646,6.3
Барышня и хулиган,телевизионный балет,Аполлинарий Дудко,СССР,1970,tt0186858,Рейтинг не найден
Барышни придут позже,"преступление, драма",Иво Томан,Чехословакия,1966,tt0186557,6.0
Барышня и хулиган,драма,"Евгений Славинский, Владимир Маяковский",РСФСР,1918,tt0218831,6.5
Барышня и мышка,"драматический фильм, немое кино",Дэвид Гриффит,США,1913,tt0003046,6.6
Барышня в окошке,Приключения,Мария Каневская,Польша,1964,tt0058447,6.2
Ашик-Кериб,драма,"Давид Абашидзе, Сергей Параджанов",СССР,1988,tt0094681,7.2
Бархатный сезон,"драма, военный фильм",Владимир Павлович,"СССР, Швейцария",1978,tt0077208,6.5
Барышни из Вилько,драма,Анджей Вайда,"Польша, Франция",1979,tt0079696,7.3
Бархатные ручки,комедийный фильм,Кастеллано и Пиполо,Италия,1979,tt0079523,6.4
Бархатное утро,"драматический фильм, романтический фильм",Нил Лабут,США,"21 апреля, 2013",tt2231138,5.8
Бархатная бензопила,"фильм ужасов, сатира",Дэн Гилрой,США,2019,tt7043012,5.7
Аэроплан!,чёрная комедия,"Джим Абрахамс, Дэвид Цукер, Джерри Цукер",США,1980,tt0080339,7.7
Барханов и его телохранитель,"криминальная, комедия",Валерий Лонской,Россия,1996,tt0115627,6.3
Бартон Финк,"сюрреалистическая, чёрная комедия","Братья Коэн, Джерри Ли Льюис: Проблемы в уме, Голый король",США,1991,tt0101410,7.6
Бархан,"психологическая драма, роуд-муви, экранизация",Санжар Бабаев,СССР,1989,tt0309338,5.8
Бархатные пальчики,"драма, мелодрама",Айлинг Уолш,Великобритания,,tt0423651,7.8
Бартек-Победитель,драма,Эдвард Пухальский,Польша,1923,tt0904043,Рейтинг не найден
Барт снял номер в гостинице,комедия,Брайан Хекер,США,2008,tt0472050,5.7
Барри,"биографический фильм, драматический фильм",Викрам Ганди,США,"16 декабря, 2016, Дом игрушек Пи-ви, Специальные корреспонденты, Brahman Naman, Перерождение, Таллула, Поцелуй, Талисманы, Я прелесть, живущая в доме, Благодать, Blue Jay, Похищение монет, iБой, Imperial Dreams, День любимой, Раскалённые пески, Дейдра и Лани грабят поезд, Самая ненавистная женщина Америки, Отыграйся, Песочный замок, Бродяги, Мелкие преступления, Красавчик, Озеро Шиммер, Невероятная Джессика Джеймс, Маленькое зло, Наши души по ночам, Водила, Убийца, Рождество в Эль-Камино, Рождественское наследие, Король польки, Годзилла: Планета чудовищ, 6 Balloons, Придержи тьму, Come Sunday, A Futile and Stupid Gesture",tt5477566,6.0
Барселона,комедия,Уайт Стиллмэн,США,1994,tt0109219,7.0
Барракуда,"комедия, триллер, драма",Филипп Аим,Франция,1997,tt0118685,6.6
Барракуда,"фильм ужасов, триллер","Гарри Кервин , Вейн Кроуфорд",США,1978,tt0077210,4.1
Барретты с Уимпоул-стрит,"биографический фильм, драматический фильм, романтический фильм",Сидни Франклин,США,1934,tt0024865,6.9
Барри Линдон,драма,Стэнли Кубрик,"Великобритания, США",1975,tt0072684,8.1
Барон фон Клаус — садист,фильм ужасов,Хесус Франко,Испания,1962,tt0056220,5.9
Барокко,"драма, триллер",Андре Тешине,Франция,"19 ноября, 1976, 8 декабря, 1976, 8 апреля, 1978, 17 июля, 1978, 1979, 29 февраля, 1980, 6 июля, 1980, 4 января, 1985, 12 декабря, 1986, 3 ноября, 1990",tt0074184,5.9
Барон,"боевик, криминальный фильм",Рустам Сагдиев,"Узбекистан, Россия",,tt5348534,7.1
Бархатная золотая жила,"драма, музыкальный фильм",Тодд Хейнс,"Великобритания, США",1998,tt0120879,6.9
Барон Мюнхгаузен,,Карел Земан,Чехословакия,1961,tt0054665,7.7
"Барни Олдфилд мчится, спасая жизнь",комедия,Мак Сеннет,США,1913,tt0002663,6.0
Бармен из «Золотого якоря»,"детективный, приключенческий",Виктор Живолуб,СССР,1986,tt0090699,5.3
Бармен,"комедия, мелодрама",Дина Штурманова,Россия,2015,tt4457820,5.4
Бармаглот,комедия,Терри Гиллиам,Аннотированная Алиса,1977,tt0076221,6.1
Бархатные ножки,"мелодрама, эротика",Джеффри Сакс,Великобритания,,tt0324264,7.7
Барделис Великолепный,"немой, романтический фильм",Кинг Видор,США,1926,tt0016627,7.1
Барбузы – секретные агенты,"кинокомедия, пародия, шпионский детектив",Жорж Лотнер,Франция,"10 декабря, 1964",tt0057870,6.8
Барбизонское искушение,комедия,Жан Стелли,Франция,1946,tt0038154,7.0
Барбос в гостях у Бобика,"комедия, сказка","Виталий Мельников, Михаил Шамкович",СССР,1964,tt4507904,6.2
Барбаросса,"исторический фильм, фильм о Средневековье",Ренцо Мартинелли,Италия,"9 октября, 2009",tt1242516,4.4
Барбарелла,"научно-фантастический фильм, комедия, эротика",Роже Вадим,"Франция, Италия",1968,tt0062711,5.9
Барбара,драма,Матьё Амальрик,Франция,2017,tt6411984,6.0
Барбара Радзивилл,"исторический, мелодрама",Юзеф Лейтес,Польша,1936,tt0027333,5.9
Барбара,драма,Кристиан Петцольд,Германия,2012,tt2178941,7.2
Барби,фэнтезийная комедия,"Грета Гервиг, Хайбол, Мистер Ревность, Госпожа Америка",США,2023,tt1517268,6.8
Бараны,драма,Гримур Хаконарсон,"Исландия, Дания, Норвегия, Польша",2015,tt3296658,7.2
Барака встречает Барака,комедийная  драма,Махмуд Саббах,Саудовская Аравия,2016,tt5435084,6.2
Барак,"драма, мелодрама",Валерий Огородников,"Россия, Германия",1999,tt0210564,6.4
Барабанная дробь,"комедия, драма, музыка",Чарльз Стоун III,США,2002,tt0303933,6.0
Барабаниада,трагикомедия,Сергей Овчаров,"Россия, Франция",1993,tt0106354,7.2
Барабан,драматический фильм,Зола Масеко,США,2004,tt0379765,6.4
Бардо,драматический фильм,Алехандро Гонсалес Иньярриту,Мексика,"1 сентября, 2022, 17 ноября, 2022",tt14176542,6.7
Бар «МоскваЧики»,комедия,Анарио Мамедов,Россия,2024,tt29007283,5.2
Барабан в ночи,фильм-драма,Тадаси Имаи,Япония,1958,tt0052414,7.3
Бар-закусочная «Будапешт»,драма,Тинто Брасс,Италия,1988,tt0096125,4.1
Банти и Бабли,"комедия, криминал, приключения",Шаад Али,Индия,2005,tt0448206,6.2
Бар «Гадкий койот»,"мюзикл, комедийная драма",Дэвид МакНэлли,США,"2000, 7 сентября, 2000",tt0200550,5.7
Барака,документальный,Рон Фрике,США,1992,tt0103767,8.5
Барабаны долины Мохок,"драма, военный",Джон Форд,США,1939,tt0031252,7.0
Банши Инишерина,"чёрная, трагикомедия",Мартин Макдонах,"Ирландия, США, Великобритания",2022,tt11813216,7.7
Бансу,"триллер, военный фильм",Павел Костомаров,Россия,,tt13371092,Рейтинг не найден
Банкрот,"драма, трагикомедия",Игорь Масленников,Россия,2009,tt1697876,6.6
Банкомат,триллер,Дэвид Брукс,"США, Канада",2012,tt1603257,4.7
Банкирша,драма,Франсис Жиро,Франция,1980,tt0080415,6.2
Банкир,"драма, биография",Джордж Нолфи,США,2020,tt6285944,7.3
Барабаниада,"комедия, сказка, фантастика",Сергей Овчаров,СССР,,tt0173660,5.9
Батя,комедия,Дмитрий Ефимович,Россия,2021,tt14111652,6.7
Банкир,триллер,Уильям Уэбб,США,1989,tt0096889,5.0
"Баттерфилд, 8",драма,Дэниэл Манн,США,1960,tt0053622,6.3
Барб и Звезда едут в Виста дель Мар,комедия,Джош Гринбаум,"США, Мексика",2021,tt3797512,6.3
Батька,"драма, военный фильм",Борис Степанов,СССР,1971,tt0312432,6.4
Испанская горячка,драма,Рафаэль Монлеон,Испания,1988,tt0094822,6.0
Бегство к Афине,"приключения, боевик",Джордж Пан Косматос,Великобритания,1979,tt0079117,5.7
Без тормозов,"комедия, экшен",Николя Бенаму,Франция,2016,tt4993964,5.8
Без тормозов,"криминал, драма",Сондра Локк,США,1997,tt0118993,5.1
Без сына не приходи!,"комедия, детский фильм",Радомир Василевский,СССР,1986,tt0266322,6.3
Без судьбы,драма,Лайош Кольтаи,"Венгрия, Германия, Великобритания",2005,tt0367082,7.0
Банковский билет в миллион фунтов стерлингов,"комедия, мелодрама",Рональд Ним,Великобритания,1954,tt0046072,6.8
Без стыда,комедия,Хоакин Ористрель,Испания,2001,tt0286971,6.4
Банкир неудачник,комедия,Лучано Сальче,Италия,1980,tt0197800,5.7
Без страха и упрёка,"драма, приключенческий фильм",Александр Митта,СССР,1962,tt0149854,7.0
Без срока давности,"приключения, шпионский фильм",Эдгар Ходжикян,СССР,1986,tt0266321,6.1
Банни Лейк исчезает,детектив,Отто Премингер,Великобритания,1965,tt0058997,7.3
Без солнца,драма,Юлий Карасик,СССР,1987,tt0092649,6.2
Без страха,драма,Али Хамраев,СССР,1971,tt0171101,8.0
Без сожалений о нашей юности,"драма, приключения",Акира Куросава,Япония,1946,tt0039090,7.1
Без свидетелей,драма,Олег Гречихо,СССР,1966,,-
Без сожаления,драма,Хи Ил Сонг,Республика Корея,2006,tt0996948,6.9
Без солнца,фильм-эссе,Крис Маркер,Франция,1983,tt0084628,7.7
Без сна,"ужасы, триллер, детектив",Дарио Ардженто,Италия,2000,tt0220827,6.2
Без промахов,комедия,Баз Тейлор,"США, Франция",1992,tt0104976,5.1
Без семьи,драма,Жан-Даниэль Верхак,Франция,,tt0261964,6.8
Без семьи,драма,Владимир Бортко,СССР,1984,tt0166097,7.7
Без свидетелей,драма,Никита Михалков,СССР,1983,tt0085238,7.3
Без резких движений,"криминальный фильм, триллер",Стивен Содерберг,США,2021,tt11525644,6.4
Без предупреждения!,Фильм нуар,Арнольд Лейвен,США,1952,tt0045334,6.6
Без предупреждения,"криминальный фильм, драма",Бруно Гантиллон,"Франция, ФРГ, Италия",1973,tt0069220,6.3
Сайгон,"экшн, триллер, боевик, драма",Кристофер Кроу,США,1988,tt0095774,6.2
Без предела,"мелодрама, комедия",Фрэнк Таттл,США,1931,tt0022211,5.6
Без правосудия,"криминал, детектив, триллер, мистика",Николай Кошелёв,"СССР, Россия",1991,tt0312471,5.6
Без права на пощаду,детектив,Леонид Полонский,СССР,1970,tt0312262,6.2
Без права на провал,приключенческий фильм,Евгения Жигуленко,СССР,1984,tt0262278,5.4
"Без паники, майор Кардош!","комедия, детектив",Шандор Сёньи,ВНР,1982,tt0083774,7.2
Без паники,фильм ужасов,Рубен Галиндо младший,Мексика,"1989, 1988",tt0193879,4.8
Без особого риска,"приключения, детектив, боевик",Самвел Гаспаров,СССР,1983,tt0085237,5.4
Без ошейника,детский,Радомир Василевский,Украина,1995,tt0312470,4.4
Без ответа,"комедийный, экшн-боевик",Декстер Флетчер,США,2023,tt15326988,5.8
Без обид,комедия,Джин Ступницки,США,2023,tt15671028,6.3
Без особых примет,драма,Фернанда Валадес,"Мексика, Испания",2020,tt11394282,7.3
Без мужчин,"мелодрама, комедия",Резо Гигинеишвили,Россия,2010,tt2033208,4.1
Без меня,романтическая драма,Кирилл Плетнёв,Россия,2018,tt7520532,5.5
Без наркоза,драма,Анджей Вайда,Польша,1978,tt0078857,7.3
Без мундира,драма,Дмитрий Светозаров,СССР,1988,tt0305291,5.9
Без надежды,драма,Миклош Янчо,Венгрия,1965,tt0059776,7.5
Без лица,"боевик, триллер, фантастика",Джон Ву,США,1997,tt0119094,7.3
Без любви,драматический фильм,Кэтрин Бигелоу,США,1982,tt0085872,6.0
"Без крыши, вне закона",Драма,Аньес Варда,Франция,1985,tt0089960,7.6
Без любви,мелодрама,Харольд С. Буке,США,1945,tt0038256,6.6
Без права на ошибку,детективный фильм,Александр Файнциммер,СССР,1975,tt0166505,6.6
Без крови,экранизация романа,Анджелина Джоли,США,2024,tt18398986,7.5
Без компромиссов,боевик,Джон Ирвин,США,1986,tt0091828,5.6
Без компромиссов,"боевик, триллер, детектив",Эллиотт Лестер,Великобритания,2011,tt1297919,6.1
Без медведей,драматический фильм,Джафар Панахи,Иран,"9 сентября, 2022",tt20205236,7.2
Без злого умысла,драма,Сидни Поллак,США,1981,tt0081974,6.9
Без имени,драма,Кэри Фукунага,"США, Мексика",2009,tt1127715,7.5
Без имени,фильм ужасов,Жауме Балагеро,Испания,1999,tt0222368,5.8
Без изъяна,"криминал, триллер",Майкл Рэдфорд,Великобритания,2007,tt0780516,6.7
Без изъяна,"комедийная драма, криминал",Джоэл  Шумахер,США,"1999, 6 июля, 2000",tt0155711,6.4
Без лишних вопросов,"Фильм нуар, Триллер",Харольд Ф. Кресс,США,1951,tt0043861,6.7
Без гроша в Беверли-Хиллз,комедия,Пол Мазурски,США,"31 января, 1986, 23 октября, 1986, 1986",tt0090966,6.2
Без кожи,Фильм ужасов,Гейб Бартолос,США,2004,tt0304722,4.2
Без границ,"комедия, мелодрама","Резо Гигинеишвили, Карен Оганесян, Роман Прыгунов",Россия,2015,tt5112966,6.1
Без дураков,комедийная драма,Роберт Бентон,США,1994,tt0110684,7.3
Без греха не вытащишь и рыбку из пруда?,"комедия, эротика",Франко Мартинелли,Италия,1979,tt0079072,5.1
Без вины виноватые,драма,Чеслав Сабинский,Российская империя,1916,,-
Без дочери — никогда,драма,Брайан Гилберт,США,1991,tt0102555,6.5
Без истерики!,"комедия, мелодрама",Таня Уэкслер,"Великобритания, Германия, Франция, Люксембург",2011,tt1435513,6.7
Без вины виноватый,"боевик, комедия",Пэт Профт,"США, Германия",1998,tt0120901,6.1
Без вины виноватые,мелодрама,Глеб Панфилов,Россия,2008,tt1756420,6.2
Без вины виноватые,драма,Владимир Петров,СССР,1945,tt0037540,7.2
Без видимых причин,детективный фильм,Евгений Татарский,СССР,1982,tt0238855,5.2
Без защиты,триллер,Мартин Кэмпбелл,США,1990,tt0099397,5.5
Без единой улики,"криминальная, комедия",Том Эберхардт,Великобритания,1988,tt0096454,6.9
Без видимых причин,"детектив, триллер",Филипп Лабро,Франция,1971,tt0069219,6.3
Бежин луг,драма,Сергей Эйзенштейн,СССР,1935,tt0028624,6.6
Без вести пропавшие,Боевик,Джозеф Зито,США,1984,tt0087727,5.4
Без ансамбля,"пародия, музыка, танцы",Дэмиен Уэйанс,США,2009,tt1153706,3.6
Без бретелек,"драма, мелодрама",Дэвид Хэр,Великобритания,1989,tt0098394,5.8
Без жалости,"боевик, триллер","Стефано Соллима, Гнусный",США,2021,tt0499097,5.8
Беженцы,"пропагандистский фильм, приключенческий фильм, военный фильм, драматический фильм",Густав Учицки,Федеративная Республика Германия,1933,tt0024027,5.3
"Бедный, бедный Павел","Историческая, драма",Виталий Мельников,Россия,2003,tt0372166,6.8
Бедный богач,Комедия,Паскуале Феста-Кампаниле,Италия,1983,tt0189021,6.1
Бедуин,драма,Игорь Волошин,Россия,2011,tt2117825,6.3
Бедные-несчастные,"стимпанк, чёрная комедия, сюрреализм",Йоргос Лантимос,США,2023,tt14230458,7.8
Беднее церковной мыши,"Музыкальная комедия, Триллер",Хулио Сарасени,Аргентина,1955,tt0198797,7.7
Бедная Саша,"лирическая комедия, детектив, мелодрама",Тигран Кеосаян,Россия,1997,tt0135155,6.7
Безумно влюблённый,романтическая комедия,Франко Кастеллано и Джузеппе Мочча,Италия,1981,tt0082562,6.9
Без году неделя,"мелодрама, комедия",Николай Засеев-Руденко,СССР,,tt3013708,5.8
Пропавшие в бою 2,Боевик,Лэнс Хул,США,1985,tt0089604,5.3
Без вести пропавший,"драма, военный фильм, киноповесть",Исаак Шмарук,СССР,1956,tt0312474,5.9
Белое пространство,драматический фильм,Франческа Коменчини,Италия,"8 сентября, 2009",tt1371700,6.5
Безумно богатые азиаты,"романтическая, комедийная драма",Джон Чу,США,2018,tt3104988,6.9
Белое платье,мелодрама,Хасан Рамзи,Египет,1974,tt7720204,6.4
Безумная свадьба,комедия,Филипп де Шоврон,Франция,2014,tt2800240,7.0
Безумная семейка,комедия,Сальвадор Литвак,США,2005,tt0392908,5.8
Бедный Пьеро,мультфильм,Эмиль Рейно,Франция,1892,tt0000003,6.5
Бедные родственники,комедия,Павел Лунгин,"Россия, Франция",2005,tt0464632,6.1
Белоглазая птичка,"драма, военный","Нгуен Ван Тхонг, Чан Ву",Северный Вьетнам,1962,tt2077731,7.1
Белоснежка,"фантастическая, драма",Пабло Бергер,"Испания, Франция",2012,tt1854513,7.5
Белоснежка,сказка,Зигмунд Любин,США,1902,tt0376198,4.6
Белоснежка,"фэнтези, драма, приключения",Кэролайн Томпсон,Канада,,tt0255605,5.7
Белорусский вокзал,драма,Андрей Смирнов,СССР,1970,tt0128960,7.7
Белое шёлковое платье,"драма, мелодрама",Лыу Хюинь,Вьеткьеу США,2006,tt1083983,7.5
Белокурая Венера,драма,Джозеф фон Штернберг,США,1932,tt0022698,7.1
Белль и Себастьян:Приключение продолжается,"детский фильм, приключенческий фильм, драматический фильм, экранизация романа, семейный фильм",Кристиан Дюгей,Франция,"2015, 28 января, 2016, 17 ноября, 2016",tt4083850,6.6
Белокурая бандитка,Фильм нуар,Гарри Келлер,США,"22 декабря, 1949",tt0042261,6.5
«Белое солнце пустыни»,"истерн, трагикомедия",Владимир Мотыль,СССР,1970,tt0066565,7.7
Белое проклятье,Драма,Николай Ковальский,СССР,1987,tt0286497,5.7
Белль и Себастьян: Друзья навек,"приключенческий фильм, семейный фильм",Кловис Корнийяк,Франция,"21 октября, 2017, 14 февраля, 2018, 7 февраля, 2018, 26 апреля, 2018",tt6449336,6.3
Белет — демон инцеста,ужасы,Леопольдо Савона,Италия,1972,tt0155578,4.8
Беллами,"криминальный фильм, драма",Клод Шаброль,Франция,2009,tt1188983,5.9
Белль и Себастьян,"драма, приключение, семейный фильм",Николя Ванье,Франция,2013,tt3146360,6.9
Беллмен и Тру,драма,Ричард Лонкрейн,Великобритания,1987,tt0092636,6.8
Белль,"исторический, драма",Амма Асанте,Великобритания,2013,tt2404181,7.3
Белинский,"биографический фильм, исторический фильм",Григорий Козинцев,СССР,1951,tt0043329,6.4
Белеет парус одинокий,"исторический фильм, приключенческий фильм",Владимир Легошин,СССР,1937,tt0028674,6.1
Белая тень,мелодрама,"Евгений Хринюк, Оксана Лысенко",СССР,1979,tt0312447,Рейтинг не найден
Белая собака,"драма, триллер, ужасы",Сэмюэл Фуллер,США,1982,tt0084899,7.0
Белая роза,драма,Пётр Иванович Чардынин,Российская империя,1916,,-
Белая роза,"драматический фильм, немое кино",Дэвид Уорк Гриффит,США,"21 мая, 1923",tt0014604,6.1
Белая сестра,"драматический фильм, немое кино, романтический фильм",Генри Кинг,США,"5 сентября, 1923",tt0014605,6.9
Белая свадьба,драматический фильм,Жан-Клод Бриссо,Франция,1989,tt0097995,6.9
Белая роза бессмертия,"Сказка, семейный фильм",Нана Мчедлидзе,СССР,,tt0166095,5.5
Белая пряжка,"драма, детектив",Мартин Фрич,Чехословакия,1960,tt0168559,5.3
Белая мгла,"мелодрама, экранизация",Ходжадурды Нарлиев,СССР,1977,,-
Белая медведица,драма,Дин Махаматдинов,Россия,2008,,-
Белая пустошь,документальный фильм,Джеймс Алгар,США,1958,tt0052389,5.3
Белая птица с чёрной отметиной,драма,Юрий Ильенко,СССР,1971,tt0165636,7.5
Белая отрава,драматический фильм,,,,tt0898089,Рейтинг не найден
Белая лошадь,драма,Барас Халзанов,СССР,1966,,-
Белая масаи,мелодрама,Хермина Хунтгебурт,Германия,2005,tt0436889,6.4
Белая колоннада,драма,Вячеслав Висковский,Российская империя,1915,,-
Белая птица в метели,"драма, триллер",Грегг Араки,"Франция, США",2014,tt2238050,6.4
Белая мазурка,биографический фильм,Ванда Якубовская,Польша,1979,tt0078859,Рейтинг не найден
Белая мгла,"детектив, триллер",Доминик Сена,"США, Франция, Канада",2009,tt0365929,5.5
Белая земля,драма,Александр Карпов,СССР,1970,tt4663252,6.4
Белая лента,"драма, детектив",Михаэль Ханеке,Франция,"21 мая, 2009, 18 февраля, 2010, 15 октября, 2009",tt1149362,7.8
Белая грива: Дикая лошадь,"детский фильм, драматический фильм",Альбер Ламорис,Франция,1953,tt0044518,7.2
Белая графиня,"историческая, драма, мелодрама",Джеймс Айвори,"Великобритания, США, Германия, Китай",2005,tt0384686,6.5
Белая дорога,мелодрама,Гарник Аразян,СССР,1974,tt5356016,Рейтинг не найден
Белая кровь,драма,"Хаям Абдуллаев, Эльмеддин Алыев",Азербайджан,2012,tt2731144,Рейтинг не найден
Белая горячка,драма,Робби Бенсон,США,1989,tt0098640,4.4
Белая акация,"оперетта, фильм-спектакль",Георгий Натансон,СССР,1957,tt5849664,5.4
Белая болезнь,"научно-фантастический фильм, драматический фильм",Гуго Гаас,Первая Чехословацкая Республика,1937,tt0028632,7.5
Белая богиня каннибалов,фильм ужасов,Хесус Франко,"Франция, Испания, Италия","1980, 28 ноября, 1980",tt0078936,3.4
Белая птица: Новое чудо,"военный фильм, драматический фильм, экранизация книги",Марк Форстер,США,"30 июля, 2023, 25 октября, 2023, 4 января, 2024, 18 января, 2024, 25 января, 2024, 2 февраля, 2024, 8 февраля, 2024, 15 марта, 2024, 20 марта, 2024, 4 апреля, 2024, 11 апреля, 2024, 3 октября, 2024, 4 октября, 2024, 17 октября, 2024, 24 октября, 2024, 14 ноября, 2024, 21 ноября, 2024, 5 декабря, 2024, 6 декабря, 2024",tt11068094,7.3
Бекки,"боевик, триллер","Джонатан Милотт, Кэри Мернион",США,2020,tt10314450,6.1
Беккет,"триллер, боевик, драма, криминал",Фердинандо Чито Филомарино,Италия,2021,tt10230994,5.7
БЕЙСкетбол,комедия,Дэвид Цукер,США,1998,tt0131857,6.5
Белая власть,"приключения, боевик",Эдди Ромеро,Филиппины,1988,tt0096437,4.9
Бейбарс,исторический фильм,Булат Мансуров,СССР,1989,,-
Бекет,драма,Питер Гленвилл,"Великобритания, США",1964,tt0057877,7.8
Белая ворона,комедия,Эрик Меза,США,1999,tt0181322,6.1
Белая горячка,"гангстерская, драма",Рауль Уолш,США,1949,tt0042041,8.1
"Бей, барабан!","детский фильм, исторический фильм, драма",Алексей Салтыков,СССР,1962,tt0174497,6.3
Бей и жги,фантастика,Чарлз Бэнд,США,1990,tt0099313,5.0
"Бей первым, Фредди!","комедия, детектив, приключения, кинопародия",Эрик Баллинг,Дания,1965,tt0060991,6.3
Бей в кость,"комедия, драма, спорт",Рон Шелтон,США,1999,tt0196857,5.5
Безымянный фильм Алехандро Гонсалеса Иньярриту,драматический фильм,Алехандро Гонсалес Иньярриту,США,2026,tt31450459,Рейтинг не найден
Безымянные герои,"драма, детектив, приключенческий фильм",Михал Вашиньский,Польша,1932,tt0281655,Рейтинг не найден
Безымянная звезда,"трагикомедия, мелодрама",Михаил Козаков,СССР,,tt0077230,8.0
Бекки Шарп,драма,"Рубен Мамулян, Лоуэлл Шерман",США,1935,tt0026104,5.8
Бекки в ярости,"боевик, триллер","Мэтт Энджел ,  Сюзанн Кут",США,2023,tt20916568,6.1
Безупречный,"комедийная драма, криминал",Кори Финли,США,2019,tt8206668,7.1
Безупречная репутация,"комедия, драма, криминал",Бертран Тавернье,Франция,1981,tt0082206,7.3
Бейсбольная лихорадка,"комедия, драма, мелодрама, спортивный фильм","Бобби Фаррелли , Питер Фаррелли","США, Германия",2005,tt0332047,6.2
Безупречная,"драма, Триллер",Себастьен Марньер,Франция,2016,tt4776964,6.4
Безумцы,"ужасы, триллер",Брек Айснер,"США, ОАЭ",2010,tt0455407,6.5
Безупречная комната,психологический триллер,Мукунда Майкл Дьюил,США,2022,tt13698942,5.1
"Берлин, я люблю тебя","романтический фильм, драматический фильм","Фернандо Эймбке, Деннис Ганзель, Том Ван Авермает, Ай Вэйвэй, Дани Леви, Йозеф Руснак, Тиль Швайгер, Мэсси Таджедин, Дианна Агрон, Питер Челсом",Германия,"8 августа, 2019, 8 февраля, 2019",tt2275743,4.7
Безымянные,"фильм-опера, драма",Викентий Серков,СССР,1969,tt5897016,Рейтинг не найден
Бей в барабан медленно,драма,Джон Д. Хинкок,США,1973,tt0069765,6.7
Беспечный ездок,роуд-муви,Деннис Хоппер,США,"14 июля, 1969, 26 июня, 1969, 19 декабря, 1969, 1969",tt0064276,7.2
Беслан. Память,документальный,Вадим Цаликов,Россия,2014,,-
Бескрайняя ночь,"научная фантастика, драма, мистика",Эндрю Паттерсон,США,2019,tt6803046,6.7
Бесноватые,фильм ужасов,Жан Роллен,"Франция, Бельгия",1974,tt0070013,5.0
Беспечные близнецы,комедия,Давид Дхаван,Индия,1997,tt0119428,6.2
Безымянные герои,"боевик, комедия",Чжан Чэ,Гонконг,1971,tt0067997,5.9
Бесконечный шторм,драма,"Малгожата Шумовская, Михал Энглерт",США,2022,tt14060232,5.3
Бескрайнее лето 2,"документальный фильм, приключения",Брюс Браун,США,1994,tt0109729,7.6
Бесконечный бассейн,"триллер, научная фантастика",Брэндон Кроненберг,"Канада, Хорватия, Венгрия, Франция",2023,tt10365998,6.0
Безымянная — одна женщина в Берлине,драма,нем.,"Германия, Польша",2008,tt1035730,7.0
Бесконечность,"драма, притча, арт-хаус",Марлен Хуциев,СССР,1991,tt0104509,7.3
Бесконечность,"драма, биографический фильм",Мэттью Бродерик,США,1996,tt0116635,6.1
Бесконечность,фантастика,Антуан Фукуа,США,2021,tt6654210,5.5
Бесконечная погоня,"комедия, боевик, приключения",Стивен Лисбергер,США,1987,tt0093215,5.7
Бесконечная поэзия,"драма, биография, фэнтези",Алехандро Ходоровски,"Франция, Великобритания, Чили",2016,tt4451458,7.5
Бесконечная история 3,фэнтези,Питер Макдональд,Германия,"27 октября, 1994, 1994",tt0110647,3.2
Бесконечная любовь,"романтический фильм, подростковый фильм, история взросления, драматический фильм, экранизация романа",Франко Дзеффирелли,США,1981,tt0082329,4.9
Бесконечная история 2,фэнтези,Джордж Т. Миллер,"США, ФРГ",1990,tt0100240,5.1
Бесаме,драма,Нино Ахвледиани,СССР,1989,tt0286501,7.5
Берроуз,документальный фильм,Говард Брукнер,США,1983,tt3581384,7.0
Берсерк!,"триллер, детектив",Джим О’Конноли,Великобритания,1967,tt0061398,5.4
Бесконечная история,"фэнтези, драма, приключенческий фильм",Вольфганг Петерсен,ФРГ,"6 апреля, 1984",tt0088323,7.3
Берни,чёрная комедия,Ричард Линклейтер,США,2011,tt1704573,6.8
Бермудский треугольник,"фильм ужасов, триллер",Кристиан МакИнтайр,США,2001,tt0252649,4.6
"Берт Ригби, ты — дурак",комедия,Карл Райнер,США,1989,tt0096911,5.8
Берта по прозвищу,"драма, боевик, мелодрама",Мартин Скорсезе,США,1972,tt0068309,6.0
Берлинский экспресс,"нуар, Триллер",Жак Турнёр,США,1948,tt0040155,6.8
Бермудские щупальца,фильм ужасов,Ник Лион,США,"4 апреля, 2014",tt3307726,3.1
Берлин-39,боевик,Серджио Соллима,Италия,1994,tt0139064,5.0
Берлин-Александерплац,драма,Пиль Ютци,Веймарская республика,1931,tt0021654,6.6
Бесконечная любовь,мелодрама,Тао Цинь,Гонконг,1961,tt0204924,6.7
Берлинский роман,Драма,Лилиана Кавани,ФРГ,1985,tt0088789,5.4
Берлинский синдром,триллер,Кейт Шортланд,Австралия,2017,tt3335606,6.3
Берлинский тоннель номер 21,"триллер, драма",Ричард Мичелс,США,1981,tt0082059,6.8
Берлинский блюз,трагикомедия,Леандер Хаусман,Германия,"2 октября, 2003",tt0322545,7.1
Берлин,"документальный, военный, исторический, пропагандистский",Юлий Райзман,СССР,1945,tt0037537,7.2
Бёрк и Хэр,фильм  ужасов,Вернон Сьюэлл,Великобритания,1971,tt0066871,5.3
Берлин зовёт,Трагикомедия,Ханнес Штер,Германия,2008,tt0211946,7.2
Береника,экранизация,Эрик Ромер,Франция,1954,tt0208836,5.8
Берлин 36,драма,Каспар Хайдельбах,Германия,2009,tt1298540,6.3
Берём всё на себя,"драма, военный фильм",Евгений Шерстобитов,СССР,1980,tt0193004,5.2
Беременный,комедия,Сарик Андреасян,Россия,2011,tt1820462,3.9
Берегите мужчин!,комедия,Александр Серый,СССР,1982,tt0083640,5.9
Береговая охрана,драма,Ким Ки Дук,Республика Корея,2002,tt0341384,6.4
Берегитесь банды Йонссона,комедия,Томас Альфредсон,Швеция,2020,tt8880922,4.0
"Березина, или Последние дни Швейцарии",комедия,Даниэль Шмид,"Швейцария, Германия, Австрия",1999,tt0204164,6.6
Берегись капли,фильм ужасов,Ларри Хэгмэн,США,1972,tt0068271,4.1
Берегите женщин,"кинокомедия, музыкальный фильм","Виктор Макаров, Александр Полынников",СССР,,tt0143133,6.6
"Берегись, дама!",триллер,Карен Артур,США,1987,tt0093379,5.7
Берегись! Змеи!,"драма, детективный фильм, приключенческий фильм",Загид Сабитов,СССР,1979,tt0376509,7.1
Берлин — симфония большого города,"документальный, немое кино",Вальтер Руттман,Федеративная Республика Германия,1927,tt0017668,7.6
Береги своего мужчину,мелодрама,Сэм Вуд,США,1933,tt0024130,6.9
"Береги свою косынку, Татьяна",комедия,Аки Каурисмяки,"Финляндия, Германия",1994,tt0110832,7.1
Берегись автомобиля,"детектив, трагикомедия",Эльдар Рязанов,СССР,1966,tt0060161,8.0
Берега в тумане,драма,Юлий Карасик,"СССР, Болгария",,tt0088788,6.6
"Берегитесь, девочки!","криминальный фильм, экранизация, драма",Ив Аллегре,Франция,1957,tt0050741,6.1
Берега,драма,"Гига Лордкипанидзе, Гизо Габескирия",СССР,,tt0182782,9.1
Берега,комедия,Екатерина Сташевская-Народицкая,СССР,1973,tt0312461,5.8
Берег юности,"киноповесть, школьный, детский, экранизация",Лев Цуцульковский,СССР,1969,tt0312460,6.1
Березняк,драма,Анджей Вайда,Польша,1970,tt0068321,6.9
Берег спасения,приключения,"Арья–Жав Дашиев, Рю Хо Сон",СССР,1990,tt0312459,5.6
Берег чести,"приключенческий фильм, драма, триллер",Майкл Спенс,США,1991,tt0101797,5.4
"Берег правый, берег левый",драматический фильм,Филипп Лабро,Франция,1984,tt0088004,5.8
Берег надежды,драма,Николай Винграновский,СССР,1967,tt5066904,7.2
Благие намерения,драма,Андрей Бенкендорф,СССР,1984,tt0262288,6.2
Березовский TRIP,"драма, фильм ужасов, триллер","Дмитрий Пищулин, Дмитрий Охотников",Россия,2006,,-
Бич божий,драма,Олег Фиалко,СССР,1988,tt0305295,6.2
Бич Божий,комедия,Мария Каневская,Польша,1966,tt0061399,6.4
«Битва у острова Хансан»,"история, военный, биография",Ким Ханмин,Южная Корея,2022,tt21109538,6.6
Битлджус Битлджус,,Тим Бёртон,США,2024,tt2049403,6.7
Берегись женатых мужчин,комедия,Арчи Майо,США,1928,tt0018693,5.2
Битлджус,"фэнтезийный, комедийный фильм ужасов",Тим Бёртон,США,1988,tt0094721,7.5
Битва Шарпа,"боевик, приключенческий фильм, исторический фильм, военный фильм",Том Клегг,Великобритания,1995,tt0114416,7.8
Битва у Биг-Рок,"короткометражка, экшн, научная фантастика, фэнтези, приключения",Колин Треворроу,США,2019,tt10942816,6.9
Битва у Красной скалы,"исторический, приключенческий",Джон Ву,Китай,,tt0425637,7.3
Битва трёх королей,исторический фильм,"Сухейль бен Барка, Учкун Назаров","СССР, Испания, Италия, Марокко",1990,tt0099111,6.4
Битва титанов,"боевик, приключенческий фильм, фэнтези, семейный фильм, мелодрама",Десмонд Дэвис,США,1981,tt0082186,6.9
Битва титанов,"боевик, приключения, фэнтези","Луи Летерье, Джонатан Либесман",США,,,-
Берега,"детектив, драма, триллер",Виктор Нуньес,США,2002,tt0284971,5.8
Битва при Чосинском водохранилище,"военный фильм, драма","Чэнь Кайгэ, Данте Лам, Цуй Харк",,2021,tt13462900,5.5
Битва проклятых,"фантастика, ужасы, триллер, боевик, приключения",Кристофер Хаттон,США,2013,tt2210463,4.5
Битва при горе Динцзюньшань,документальный фильм,Жэнь Цзинфэн,Империя Цин,1905,tt0284043,6.3
Битва при Чосинском водохранилище II,Боевик,"Чэнь Кайгэ, Цуй Харк",Китай,,tt16194408,5.6
Битва титанов,"боевик, приключенческий, фэнтези",Луи Летерье,США,2010,tt0800320,5.8
Битва на рельсах,Драма,Рене Клеман,Франция,1946,tt0038334,7.0
Битва полов,драма,Дэвид Уорк Гриффит,США,1914,tt0003665,5.9
Битва полов,комедия-драма,"Джонатан Дэйтон, Валери Фэрис","США, Великобритания",2017,tt4622512,6.7
Битва преподов,комедия,Ричи Кин,США,2017,tt3401882,5.6
Битва на небесах,"криминальная, драма, эротика",Карлос Рейгадас,Мексика,2005,tt0387055,5.5
Битва за Чили: Борьба безоружного народа,документальный,Патрисио Гусман,"Чили, Франция, Куба, Венесуэла",,tt0072685,8.1
Битва на Неретве,"военный, драма",Велько Булайич,ФРГ,1969,tt0064091,7.0
Битва на Косовом поле,"исторический, военный, кинодрама",Здравко Шотра,Югославия,1989,tt0096966,7.6
Битва за Эль-Аламейн,военный фильм,Джорджо Феррони,"Италия, Франция",1969,tt0062714,5.4
Битва за Севастополь,"биографическая, военная драма, музыка к фильму",Сергей Мокрицкий,"Россия, Украина, Россия, Украина",2015,tt4084744,7.0
Битва Мэри Кэй,комедия,Эд Жернон,США,,tt0328877,5.7
Битва за Россию,документальный,"Фрэнк Капра, Анатоль Литвак",США,1943,tt0036629,7.1
Битва за Рим,"военно, историческая, драма, пеплум",,"ФРГ, Италия, Румыния",,tt00063174,Рейтинг не найден
Битва за пределами звёзд,фантастика,"Джимми Мураками, Роджер Корман",США,1980,tt0080421,5.5
Битва за Севастополь,"документальный фильм, кинохроника","Беляев, Василий Николаевич",СССР,1944,tt5252570,7.7
Битва за нашу,документальный фильм,Юлия Солнцева,СССР,1943,tt0035702,6.9
Битва под Сан-Пьетро,документальный фильм,Джон Хьюстон,США,1945,tt0036630,6.6
Битва за Китайскую Республику,"историческая, драма",Дин Шаньси,"Китайская Республика, Гонконг, [, ]",1981,tt0083346,6.3
Битва за Коралловое море,"военный, боевик, драма, мелодрама",Пол Уэндкос,США,1959,tt0052606,5.6
Битва за Землю,"фантастика, триллер",Руперт Уайатт,США,2019,tt5968394,6.0
«Битва за Москву»,"военная, историческая драма, киноэпопея",Юрий Озеров,"СССР, Чехословакия, ГДР, Вьетнам",1985,tt0173675,7.3
Битва за Мёнрян,"история, военный, биография",Ким Ханмин,Южная Корея,2014,tt3541262,7.1
Битва за Алжир,"драма, исторический",Джилло Понтекорво,"Италия, Алжир",1966,tt0058946,8.1
Битва драконов,"боевик, научно-фантастический фильм",Айзек Флорентайн,США,1999,tt0194722,4.7
Битва в пути,Драма,Владимир Басов,СССР,1961,tt0166101,6.5
Битва за Британию,драма,Гай Хэмилтон,Великобритания,1969,tt0064072,6.9
Битва в штаб-квартире,комедия,Эндрю Зугерман,США,1985,tt0088775,4.1
Битва,драма,Анар Аббасов,Россия,2019,tt10913484,5.8
«Битва в проливе Норян»,"история, военный, биография",Ким Ханмин,Южная Корея,2023,tt22813112,6.3
Битва за планету обезьян,фантастика,Джей Ли Томпсон,США,1973,tt0069768,5.4
Битва в Арденнах,военный фильм,Кен Эннакин,США,1965,tt0058947,6.8
Битва за Лос-Анджелес,"боевик, научная фантастика",Марк Аткинс,США,2011,tt1758570,2.0
Бисер перед свиньями,"драма, мелодрама",Анна Казенав Камбе,Франция,2021,tt11826862,5.4
Бисмарк,"драматический фильм, пропагандистский фильм",Вольфганг Либенайнер,Германия,1940,tt0032255,6.4
Бирюк,драма,Роман Балаян,СССР,1977,tt0075757,6.9
Бирадж Баху,драматический фильм,Бимал Рой,Индия,1954,tt0046780,6.5
Битва в Сиэтле,драма,Стюарт Таунсенд,"Германия, США, Канада",2007,tt0850253,6.6
Битва за Анцио,"военный фильм, драматический фильм","Эдвард Дмитрык, Дуилио Колетти","Италия, США",1968,tt0062673,6.0
Биркебейнеры,"история, приключения, боевик, драма",Нильс Гёуп,Норвегия,2016,tt4738360,6.1
Битва,"военный фильм, драматический фильм, немое кино",Дэвид Уорк Гриффит,США,1911,tt0001499,5.6
Био-Дом,Комедия,Джейсон Блум,США,1996,tt0115683,4.4
Биосфера,,Мел Эслин,США,2022,tt15301000,5.5
Бинго-Бонго,комедия,Паскуале Феста Кампаниле,"Италия, ФРГ",1982,tt0083655,6.0
Биндюжник и Король,мюзикл,Владимир Алеников,СССР,1989,tt0096930,6.2
Бит-стрит,"драма, музыка",Стэн Лэтэн,США,1984,tt0086946,6.5
Билокси Блюз,комедийная драма,Майк Николс,США,1988,tt0094746,6.7
Бинго,"приключенческий фильм, детский фильм",Мэттью Роббинс,США,1991,tt0101455,5.0
Бирманская арфа,"драма, военный",Кон Итикава,Япония,1956,tt0049012,8.0
Битва в пустыне,"научная фантастика, ужасы",Дэниэл Мирик,"Марокко, США",2008,tt0962711,5.4
Билли-лжец,комедийная драма,Джон Шлезингер,Великобритания,1963,tt0056868,7.2
Билли Эллиот,"рок, панк-рок",Стивен Долдри,"Великобритания, Франция, Великобритания",2000,tt0249462,7.7
Биосфера! Время осознания,"короткометражный, научно-популярный фильм",Феликс Соболев,СССР,1974,tt8489078,6.1
Билли Батгейт,"гангстерский фильм, криминальный фильм, боевик, драма",Роберт Бентон,США,1991,tt0101453,5.9
Билли Мэдисон,комедия,Тамра Дэвис,США,1995,tt0112508,6.4
Билли Айлиш: Слегка размытый мир,документальный фильм,Ар Джей Катлер,США,2021,tt11459366,7.7
Билитис,"эротическая, мелодрама, драма",Дэвид Гамильтон,"Франция, Италия",1977,tt0075753,5.3
Био-сила / Заражение,фантастика,Дэвид Прайор,США,1995,tt0113881,3.5
Билл и Тед снова в деле,"научная фантастика, комедия, Рок, хеви-метал",Дин Паризо,США,2020,tt1086064,5.9
Боевой киносборник № 11,"военный фильм, драма","Илья Трауберг, Владимир Браун, Николай Садкович, Игорь Земгано",СССР,1942,tt0034532,6.5
Боевой киносборник № 12,военный фильм,"Герберт Раппопорт, Вера Строева",СССР,1942,tt0034533,7.2
Боевой киносборник № 10,военный фильм,"Борис Барнет, Ефим Арон",СССР,1942,tt0034508,6.5
Боевой киносборник № 9,военный фильм,"Марк Донской, Игорь Савченко, Владимир Браун",СССР,1942,tt0034535,5.6
Боевой киносборник № 8,военный фильм,"Леонид Луков, Николай Садкович",СССР,1942,tt0034534,6.6
Бильбао,драма,Бигас Луна,Испания,1978,tt0077236,6.3
Боевой киносборник № 6,военный,"Михаил Доллер, Всеволод Пудовкин",СССР,1941,tt0033420,7.4
Боевой киносборник № 7,военный фильм,"Сергей Юткевич, Леонид Альцев, А. Гендельштейн, Климентий Минц, Рафаил Перельштейн, Александр Роу",СССР,1941,tt0033421,6.1
Победа за нами!,"документальный, военный, пропагандистский","Пера Аташева, Михаил Слуцкий",СССР,1941,tt0033419,6.6
Боевой киносборник № 4,военный фильм,"Григорий Александров, Василий Пронин, Ефим Арон",СССР,1941,tt0033418,6.6
Боевой киносборник № 3,Военный,"Борис Барнет, Константин Юдин, Питер Бэйлис","СССР, Канада",1941,tt0033417,6.1
Билли: Ранние годы,драма,Робби Бенсон,США,2008,tt1213672,6.5
Боевой киносборник № 1,военный фильм,Сергей Герасимов,СССР,1941,tt0033415,7.3
Наши девушки,военный фильм,"Абрам Роом, Григорий Козинцев",СССР,1942,tt0495162,7.3
Боевой киносборник № 2,военный фильм,"Лео Арнштам, Евгений Червяков, Виктор Эйсымонт, Владимир Фейнберг, Григорий Козинцев, Герберт Рапапорт",СССР,1941,tt0033416,6.6
Боевая раскраска,"вестерн, немое кино",В.С. Ван Дайк,США,1926,tt0017527,5.1
Бодро шагая,"драма, криминальный",Ясудзиро Одзу,Япония,1930,tt0020980,6.4
Богус,фантастическая комедия,Норман Джуисон,США,1996,tt0115725,5.4
Бодибилдер,,Андрей Грачёв,Россия,2022,tt14435560,5.2
Богомол,"триллер, детектив",Джек Голд,Великобритания,1982,tt0084531,7.3
Богомол,триллер,Джеймс Кич,США,1993,tt0107868,5.2
,"комедийная драма, мелодрама",Ферзан Озпетек,Италия,2019,tt10256570,6.7
Богиня: как я полюбила,"драма, Электронная музыка, рок, поп",Рената Литвинова,Россия,2004,tt0403078,6.8
Богиня 1967,комедийная драма,Клара Ло,Австралия,2000,tt0255195,6.8
Боги чумы,драма,Райнер Вернер Фасбиндер,ФРГ,1970,tt0065808,6.4
Богиня,драматический фильм,Джон Кромвелл,США,1958,tt0051667,6.5
Богиня,драма,Сатьяджит Рай,Индия,1960,tt0053765,7.7
Боги и генералы,драма,Рональд Ф. Максвелл,США,2003,tt0279111,6.2
Боги речного мира,"Научная фантастика, Приключения",Стюарт Гиллард,"США, Канада",2010,tt1419950,4.9
Боги Египта,"Фантастика, фэнтези, приключенческий фильм",Алекс Пройас,США,2016,tt2404233,5.4
Богемская рапсодия,"драма, биография","Брайан Сингер, Декстер Флетчер","США, [, ], Великобритания, [, ]",2018,tt1727824,7.9
Боги речного мира,"Научная фантастика, Драма, Приключения",Кари Скогланд,Канада,2003,tt0310952,5.1
Боги и монстры,"драма, биография",Билл Кондон,США,1998,tt0120684,7.3
Боги,"биография, драма",Лукаш Пальковский,Польша,2014,tt3745620,7.6
Богема,"мелодрама, драма, мюзикл",Крис Коламбус,США,2005,tt0294870,6.8
Богатые и странные,"комедия, мелодрама",Альфред Хичкок,Великобритания,1931,tt0023395,5.7
Богдан-Зиновий Хмельницкий,"исторический, драма",Николай Мащенко,Украина,2006,tt3374220,6.1
"Богач, бедняк…",драма,Арунас Жебрюнас,СССР,,tt0173684,7.1
Богдан Хмельницкий,"исторический, драма",Игорь Савченко,СССР,1941,tt0033422,6.3
Богатая девчонка,"мелодрама, комедия",Джоэл Бэндер,США,1991,tt0100488,5.6
Бог счастья,комедия,Дито Цинцадзе,"Германия, Франция, Грузия",2015,tt1817294,7.5
Богатая невеста,комедия,Иван Пырьев,СССР,1937,tt0029932,6.6
Богема,мелодрама,Кинг Видор,Его час,1926,tt0016669,7.2
Богатые дети,"драма, комедия",Роберт М. Янг,США,1979,tt0079806,6.4
«Богатырь» идёт в Марто,приключенческий фильм,"Евгений Брюнчугин, Сигизмунд Навроцкий",СССР,1954,tt0186891,5.1
Бог простит,драма,Оганнес Хачатрян,Украина,2021,tt15336820,7.0
Богатые и знаменитые,драма,Джордж Кьюкор,США,1981,tt0082992,5.8
Богатенький Ричи,комедия,Дональд Петри,США,1994,tt0110989,5.4
Бог не умер,драма,Гарольд Кронк,США,2014,tt2528814,4.6
"Богатые, молодые и красивые","романтическая комедия, музыкальный фильм",Норман Таурог,США,1951,tt0043968,5.8
Бог Людоедов,"приключенческий фильм, фильм ужасов",Серджо Мартино,Италия,1978,tt0077945,5.2
Ричи Рич и его рождественское желание,"комедия, семейный фильм",Джон Марловски,США,1998,tt0155110,4.0
Джанго: Бог простит. Я - нет!,"вестерн, боевик",Джузеппе Колицци,Италия,1967,tt0061576,6.2
Бог любит Уганду,"документальный фильм, ЛГБТ-фильм",Роджер Росс Уильямс,США,"18 января, 2013",tt1874513,7.4
"Бог их создаёт, а потом спаривает",комедия,Стено,Италия,1982,tt0158589,5.0
Бог игроков,комедия,Вон Цзин,Гонконг,"14 декабря, 1989, 23 декабря, 1989, 20 октября, 1990",tt0097244,7.2
"Бог знает, мистер Аллисон","драма, боевик",Джон Хьюстон,США,1957,tt0050490,7.3
"Бог существует, её имя — Петруния",драматический фильм,Теона Стругар-Митевская,Северная Македония,"1 мая, 2019, 8 ноября, 2019, 14 ноября, 2019, 20 февраля, 2020",tt8054608,6.8
Бог ей судья,нуар,Джон М. Стал,США,1945,tt0037865,7.6
Бог грома,"фэнтези, боевик, приключения, драма",Андре Овредал,"Норвегия, США, Великобритания",2020,tt5715066,5.9
Бог войны,"драма, мелодрама",Александр Герц,Польша,1914,tt0872131,Рейтинг не найден
Бог азартных игроков 2,комедия,Вонг Цзин,Гонконг,1990,tt0101763,6.8
Бог не умер 2,драма,Харольд Кронк,США,2016,tt4824308,4.3
Бог — бразилец,комедия,Карлус Диегис,Бразилия,2003,tt0350804,6.0
Бобёр,"драма, комедия",Джоди Фостер,США,2011,tt1321860,6.6
Бобро поржаловать!,комедия,Дани Бун,Франция,2008,tt1064932,7.1
Бобби,"драма, исторический",Эмилио Эстевес,США,2006,tt0308055,7.0
Бобби Фишер против всего мира,документальный,Лиз Гарбус,США,2011,tt1777551,7.4
Бой закончится завтра,драматический фильм,Мирослав Цикан,Чехословакия,1951,tt0250263,4.3
"Большое, отважное, прекрасное путешествие",,Когонада,США,2025,tt13650700,Рейтинг не найден
Бог любви,"комедия, фэнтези",Люк Мэзени,США,2010,tt1631323,7.6
Большое турне,комедия,Патрис Леконт,Франция,1996,tt0116445,5.9
Большое путешествие,драматический фильм,Мигел Гомиш,,2024,tt27180099,6.5
Бог войны,"исторический фильм, драма, военный",Ефим Дзиган,СССР,1929,tt0019708,7.2
Бог знает,"боевик, криминальный фильм",Раджив Мехра,Индия,1995,tt0114231,5.4
Большое разочарование,драма,Лоуренс Кэздан,США,1983,tt0085244,7.1
Большое путешествие,"комедия, приключенческий фильм",Келли Мекин,"США, Канада",1995,tt0113936,5.6
Большое приключение Пи-Ви,"приключения, комедия положений",Тим Бёртон,США,1985,tt0089791,7.0
Бог игроков III: Назад в Шанхай,комедия,Вонг Цзин,Гонконг,1991,tt0101783,6.6
Большое приключение,приключения,Вячеслав Никифоров,СССР,1985,tt1517161,6.1
Большое ограбление поезда,вестерн,Зигмунд Любин,США,1904,tt0000487,6.8
Большое похмелье,кинокомедия,Норман Красна,США,1950,tt0042247,5.9
Бой Корбетта и Фитцсиммонса,документальный фильм,Энок Дж. Ректор,США,1897,tt0000147,5.3
Большое ограбление поезда,вестерн,Эдвин Стэнтон Портер,США,1903,tt0000439,7.2
Большое ограбление банка в Сент-Луисе,Фильм нуар,Чарльз Гуггенхейм,США,1959,tt0052862,5.8
Большое кукольное путешествие,комедия,Джим Хенсон,Великобритания,1981,tt0082474,7.1
Большое космическое путешествие,,Валентин Селиванов,СССР,1974,tt0321492,6.1
Большое золото мистера Гринвуда,"приключенческий фильм, триллер, боевик",Игорь Резников,СССР,1991,tt0101496,4.3
Большое животное,драматический фильм,Ежи Штур,Польша,2000,tt0246593,7.1
Большое дело,"Боевик, Комедия",Кирк Вонг,США,1998,tt0120609,6.1
«Большое горе маленькой женщины»,драма,Марк Терещенко,СССР,1929,tt12003100,Рейтинг не найден
Большие хлопоты из-за маленького мальчика,Детский фильм,Александр Муратов,СССР,,tt0321490,5.9
Большие спорщики,"драма, биография",Дензел Вашингтон,США,2007,tt0427309,7.5
Большие часы,"криминальный фильм, драма, фильм нуар, триллер",Джон Фэрроу,США,1948,tt0040160,7.6
Большие перегоны,,Анатолий Дудоров,СССР,1971,tt3211276,6.0
Большие огненные шары,музыкальный фильм,Джим МакБрайд,США,"1989, 21 сентября, 1989",tt0097457,6.3
Большие неприятности,комедия,Барри Зонненфельд,США,2002,tt0246464,6.4
Большие надежды,драма,Майк Ньюэлл,"Великобритания, США",2012,tt1836808,6.3
Большие надежды,"драма, мелодрама",Альфонсо Куарон,США,1998,tt0119223,6.8
Большие надежды,"драма, мелодрама",Дэвид Лин,Великобритания,1946,tt0038574,7.8
Большие мечты и разбитые сердца: История Дотти Уэст,драма,Билл Д'Элиа,США,1994,tt0112498,6.5
Большие надежды,драма,Роберт Виньола,США,1917,tt0008029,6.5
Большие манёвры,"комедия, драма, мелодрама",Рене Клер,"Франция, Италия",1955,tt0048133,6.7
Большие крылья,,"Михаил Дубсон, Карл Гаккель",СССР,1937,tt0028643,Рейтинг не найден
Большие мамочки: Сын как отец,комедия,Джон Уайтселл,США,2011,tt1464174,4.5
Большие девочки не плачут… они дают сдачи,комедия,Джоэн Миклин Силвер,США,1992,tt0101444,6.3
Большие деньги,"криминал, триллер",Стивен Милберн Андерсон,США,2010,tt1106860,5.9
Большие змеи Улли-Кале,"трагикомедия, исторический, мокьюментари",Алексей Федорченко,Россия,2022,tt24071244,7.6
Большие гонки,комедийный,Блейк Эдвардс,США,1965,tt0059243,7.2
Большие глаза,"драма, поп-музыка",Тим Бёртон,"США, США",2014,tt1126590,7.0
"Больше, чем любовь","комедия, драма, мелодрама",Найджел Коул,США,2005,tt0391304,6.6
"Больше, чем люди","фантастика, триллер",Эйприл Маллен,Канада,2023,tt13130024,5.2
"Больше, чем игра",Документальный фильм,Кристофер Бельман,США,2008,tt1286821,7.6
Больше чем никогда,драматический фильм,Эмили Атеф,Франция,2022,tt14275050,6.7
Без всяких обязательств,"комедия, мелодрама",Айвен Райтман,США,2010,tt1411238,6.2
Больше чем друг,"комедия, мелодрама","Джош Гордон, Уилл Спек",США,2010,tt0889573,6.1
Больше Бена,драма,Сьюзи Хэйлвуд,Великобритания,2008,tt0831275,6.2
Большие и маленькие,Киноповесть,Мария Фёдорова,СССР,1963,tt1718742,7.1
Большая-малая война,"военная, драма",Василий Паскару,СССР,1980,tt0080459,4.9
Большая четвёрка,"комедийный, боевик",Тимо Чахъянто,Индонезия,"15 декабря, 2022, Дом игрушек Пи-ви, Специальные корреспонденты, Brahman Naman, Перерождение, Таллула, Поцелуй, Талисманы, Я прелесть, живущая в доме, Благодать, Blue Jay, Похищение монет, iБой, Imperial Dreams, День любимой, Раскалённые пески, Дейдра и Лани грабят поезд, Самая ненавистная женщина Америки, Отыграйся, Песочный замок, Бродяги, Мелкие преступления, Красавчик, Озеро Шиммер, Невероятная Джессика Джеймс, Маленькое зло, Наши души по ночам, Водила, Убийца, Рождество в Эль-Камино, Рождественское наследие, Король польки, Годзилла: Планета чудовищ, 6 Balloons, Придержи тьму, Come Sunday, A Futile and Stupid Gesture",tt15528292,6.1
Большие деревья,приключенческий фильм,Феликс Файст,США,1952,tt0044420,5.7
Большая удача Шафта,"боевик, криминал, блэксплотейшн",Гордон Паркс,США,1972,tt0069257,6.0
Большая счастливая семья Мэдеи,"драма, комедия","Тайлер Перри, Поездка Джо в колледж",США,2011,tt1787759,4.8
Больше чем жизнь,комедия,Ховард Франклин,США,1996,tt0116823,5.6
Большие каникулы,комедия,Жан Жиро,"Франция, Италия",1967,tt0060475,6.5
"Больше, чем игра",документальный фильм,Джос де Путтер,Нидерланды,2008,tt1520268,6.2
Больше чем жизнь,драма,Николас Рэй,США,"1956, 2 августа, 1956, 5 сентября, 1956",tt0049010,7.4
Большая страна,вестерн,Уильям Уайлер,США,"13 августа, 1958, 21 августа, 1958, 11 октября, 1958, 25 декабря, 1958, 8 января, 1959, 1 марта, 1959, 9 марта, 1959, 18 марта, 1959, 26 марта, 1959, 27 марта, 1959, 28 марта, 1959, 3 апреля, 1959, 18 июня, 1959, 2 июля, 1959, 3 августа, 1959, 13 августа, 1959, 10 сентября, 1959, 1 октября, 1959, 1960, 14 января, 1971",tt0051411,7.9
Большая среда,драма,Джон Милиус,США,"26 мая, 1978, 23 июня, 1978, 3 октября, 1978, 12 октября, 1978, 16 ноября, 1978, 24 ноября, 1978, 21 апреля, 1979, 14 мая, 1979, 17 мая, 1979, 29 июня, 1979, 11 июля, 1979, 24 августа, 1979, 1 апреля, 1980, 7 августа, 1980",tt0077235,7.1
Большая система,драма,Анджей Пётровски,Польша,1976,tt0075428,6.2
Большая семья,драматический фильм,Иосиф Хейфиц,СССР,1954,tt0046797,7.2
Большая сделка,комедийная драма,Джон Суонбек,США,1999,tt0189584,6.5
Большая поэзия,триллер,Александр Лунгин,Россия,2019,tt9750028,6.0
Большая руда,Драма,Василий Ордынский,СССР,1964,tt0149917,7.1
Большая ржака,"комедия, приключенческий фильм",Виталий Москаленко,Россия,2012,tt2284808,1.5
Большая перемена,"комедия, мелодрама",Алексей Коренев,СССР,,tt0068304,8.0
Больше никогда не спи: Наследие улицы Вязов,Документальное кино,"Дэниэл Фаррандс, Эндрю Каш",США,2010,tt1510985,8.5
Большая прогулка,"комедия, военный фильм",Жерар Ури,"Франция, Великобритания","7 декабря, 1966",tt0060474,7.9
Большая новогодняя ночь,мелодрама,Ада Неретниеце,СССР,1978,tt2395311,5.2
Большая ночь,комедия-драма,"Кэмпбелл Скотт, Стэнли Туччи",США,1996,tt0115678,7.3
Большая маленькая Я,"мелодрама, комедия",Ян Самюэль,Франция,2010,tt1594503,5.7
Большая наводка,Фильм нуар,Фрэнк Макдональд,США,1955,tt0047881,6.2
Большая красная единица,"драма, военный",Сэмюэл Фуллер,США,1980,tt0080437,7.1
Большая колесница,драматический фильм,Филипп Гаррель,Франция,"2023, 2023, 13 сентября, 2023",tt15531718,6.0
Большая кража,комедия,Джордж Эрмитаж,США,2004,tt0315824,4.9
Братья блюз,"комедия, музыкальный фильм",Джон Лэндис,США,1980,tt0080455,7.9
Братья Блум,"криминальная, комедия",Райан Джонсон,США,2008,tt0844286,6.7
Братья,"драма, военный",Джим Шеридан,США,2009,tt0765010,7.1
Братья,Музыка к фильму,Сюзанна Бир,"Дания, США",2004,tt0386342,7.5
Братья,"драма, спортивный фильм","Каран Мальхотра, Говорит и показывает Бомбей",Индия,2015,tt3802576,6.4
Братья,драма,Иван Лукинский,СССР,1957,tt6213028,4.7
Большая тропа,"вестерн, мелодрама",Рауль Уолш,США,1930,tt0020691,7.2
Братья,романтическая кинокомедия,Гари Хардвик,США,2001,tt0250274,6.3
Братушка / Войникът от обоза,военный,Игорь Добролюбов,"СССР, НРБ",1975,tt0315855,6.2
Братц,комедия,Шон Макнамара,США,2007,tt0804452,3.1
Братство танца: Возвращение домой,"драма, музыка",Роб Харди,США,2010,tt1533817,4.1
Братство танца,"Драма, Танцы",Сильвен Уайт,США,2007,tt0775539,5.4
Братство сатаны,ужасы,Бернард МакЭвети,США,1971,tt0066863,5.5
Братство розы,детектив,Марвин Дж. Чомски,США,,tt0096985,6.7
Братство камня,"приключенческий фильм, криминальный фильм, драма, триллер, фэнтези",Гийом Никлу,"Франция, Италия, Германия",2006,tt0447619,4.8
Братство по крови/Воссоединение,"боевик, драма",Майкл Павоне,США,,tt1792543,5.1
«Большая любовь»,"романтическая, комедия, мелодрама",Дмитрий Фикс,Россия,2006,tt0769757,5.3
Братство вампиров,фильм ужасов,Дэвид Де Кото,США,2001,tt0265105,3.6
Братство 5: Выпускники,"фильм ужасов, триллер",Дэвид Де Кото,США,2009,tt1283540,2.8
Братство 6: Посвящение,фильм ужасов,Дэвид Де Кото,США,2009,tt1311063,3.2
Большая свадьба,"комедия, мелодрама",Джастин Закэм,США,2013,tt1931435,5.6
Братство волка,"исторический, боевик ужасов",Кристоф Ган,Франция,2001,tt0237534,7.0
Братство 4: Комплекс,фильм ужасов,Дэвид Де Кото,Канада,2005,tt0445236,3.5
Братство 3: Юные демоны,фильм ужасов,Дэвид Де Кото,США,2002,tt0310805,2.4
Братство 2: Юные чернокнижники,фильм ужасов,Дэвид Де Кото,США,2001,tt0280502,3.7
Братство,"драма, военный фильм",Павел Лунгин,Россия,2019,tt8615732,6.1
Братки Ньютоны,комедийная драма,Ричард Линклейтер,США,1998,tt0120769,6.1
Братва 2: Город крэка,боевик,Дэниел Мэтмор,США,1989,tt0238278,2.7
Братишка,немое кино,"Григорий Михайлович Козинцев, Трауберг, Леонид Захарович",СССР,1927,tt0017697,Рейтинг не найден
Братва,"драма, криминальный фильм",Дж. К. Амалу,"Великобритания, Франция",1996,tt0119257,5.8
Братан Мунна 2,"драма, комедия",Раджкумар Хирани,Индия,2006,tt0456144,8.0
Брат якудзы,"драма, триллер, боевик",Такэси Китано,"Япония, США, Великобритания",2000,tt0222851,7.1
Братан,приключение,Бахтиёр Худойназаров,СССР,,tt0101508,6.8
"Брат Солнце, сестра Луна",драма,Франко Дзеффирелли,"Италия, Великобритания",1972,tt0069824,7.2
Брат или брак,комедия,Ернар Нургалиев,Казахстан,2017,tt19720416,6.9
Брат с другой планеты,фантастика,Джон Сэйлз,США,1984,tt0087004,6.7
Брат мой,"драма, биография",Абдулла Карсакбаев,СССР,1971,tt2896996,Рейтинг не найден
Брат и сестра,драма,Дев Ананд,Индия,1971,tt0067183,7.1
Брат героя,детский фильм,Георгий Васильчук,СССР,1940,tt0032278,5.5
Брат-2,"криминальная драма, боевик",Алексей Балабанов,"Россия, США",2000,tt0238883,7.6
Брат из космоса,фантастика,Марио Гариаццо,"Италия, Испания",1988,tt0380368,3.7
Братство,драма,Николо Донато,"Дания, Швеция",2009,tt1327820,7.0
Брат нашего Бога,"драма, биографический",Кшиштоф Занусси,"Польша, Италия, Германия",1997,tt0119846,6.1
Брат Сокола,"Детективный фильм, Шпионский фильм",Стэнли Логан,США,1942,tt0034717,6.4
Брат или Брак 2,комедия,Алишер Утев,Казахстан,2019,tt19730076,7.2
Браслет-2,Мелодрама,"Лев Цуцульковский, Михаил Шамкович",СССР,1967,tt0321522,7.2
Брат,драма,Теймураз Баблуани,СССР,1982,tt0194724,8.3
Бранденбургские изыскания,"трагикомедия, экранизация",Роланд Грёф,ГДР,1982,tt0082787,7.6
Брат воина,"боевик, приключения",Пьер Жоливе,Франция,2002,tt0287448,6.0
Брат,"криминальная драма, русский рок",Алексей Балабанов,Россия,1997,tt0118767,7.8
Брак по-имеретински,лирическая кинокомедия,"Нинель Ненова-Цулая, Гено Цулая",СССР,1981,tt0822013,6.9
Брак / Узы брака,"притча, драма",Клод Лелуш,Франция,1974,tt0140360,6.6
Брак по-итальянски,"комедия, драма, мелодрама",Витторио де Сика,Италия,1964,tt0058335,7.4
Бравый солдат Швейк,Комедия,Карел Стеклы,Чехословакия,1957,tt0049147,7.4
Брак короля Густава III,,Маркус Олссон,Йонас Карлссон,,tt0302622,7.1
Брат во всём,драма,Александр Золотухин,Россия,2022,tt17307420,6.0
Боярышник,"драма, экранизация",Мурат Омаров,СССР,1981,,-
Брат 3,криминальная драма,Валерий Переверзев,Россия,2024,tt14635416,4.8
"Браво, Альбер Лолиш!",драма,Мераб Тавадзе,СССР,1987,tt0204176,6.9
Буря в пустыне,"военный фильм, приключенческий фильм, триллер",Том Клегг,ЮАР,,tt0120617,6.7
Брак по расчёту,комедия,Станислав Барея,Польша,1966,tt0061945,6.1
Бравадос,вестерн,Генри Кинг,США,"1958, 25 июня, 1958",tt0051433,7.0
Брексит,драматический фильм,Тоби Хайнс,Великобритания,,tt8425058,7.0
Боярин Орша,драма,Пётр Чардынин,Российская империя,1909,tt0346646,4.9
Браво!,драма,Раду Жуде,"Румыния, Болгария, Чехия, Франция",2015,tt4374460,7.6
Брейк-данс 2: Электрическое Бугало,музыка,Сэм Фёрстенберг,США,1984,tt0086999,5.2
Брайтонская скала,"Драма, криминал",Джон Боултинг,,"1947, 26 января, 1948",tt0039220,7.3
Бум 2,"комедия, мелодрама, драма",Клод Пиното,Франция,1982,tt0083686,6.2
Бразилия,"трагикомедия, сатира, антиутопия, дизельпанк",Терри Гиллиам,Великобритания,1985,tt0088846,7.8
Бум,"комедия, мелодрама, драма",Клод Пиното,Франция,1980,tt0082100,6.7
Бум,"боевик, фильм-ограбление, триллер, эротика",Кайзад Густад,Индия,2003,tt0330082,2.3
Боярская дочь,,Пётр Иванович Чардынин,Российская империя,1911,tt4842560,Рейтинг не найден
Бум,комедия,Витторио Де Сика,Италия,1963,tt0056883,7.1
Бульдог Драммонд,детективный,Фрэнк Джонс,США,1929,tt0019735,6.3
Бультерьер,спортивная драма,Василий Быстров,Россия,2022,tt17661960,5.2
Бульварный роман,"драма, мелодрама",Василий Панин,"Россия, Украина",1995,tt0109349,5.9
Бульварный переплёт,комедия,Александр Муратов,Россия,2003,tt0816446,4.3
Бульвар страха,"фильм ужасов, триллер",Виктор Сальва,США,2011,tt1840388,4.6
Бульвар Сансет,"драма, нуар",Билли Уайлдер,США,1950,tt0043014,8.4
Бульвар,"драма, криминальный фильм",Пенелопа Бьюитеньюи,Канада,1994,tt0109323,5.2
Буллит,триллер,Питер Йетс,США,1968,tt0062765,7.4
Булочница из Монсо,"драма, комедия",Эрик Ромер,Франция,1963,tt0056884,7.3
Боязнь темноты,фильм ужасов,К.С. Баскомб,Канада,2002,tt0308252,5.3
Бульдозер-убийца,Фантастика,Джерри Лондон,США,1974,tt0071717,5.0
Буллит,триллер,Стивен Спилберг,США,,tt18334932,Рейтинг не найден
"Браво, куколка!",комедия,Джорджо Капитани (Грас Де Капитани),Италия,1975,tt0073590,5.5
Булки,комедия,Олег Асадулин,Россия,2022,tt14389674,4.2
Буллинг,документальный фильм,Ли Хирш,США,"23 апреля, 2011",tt1682181,7.3
Булворт,"романтический фильм, драма, комедия",Уоррен Битти,США,1998,tt0118798,6.8
Булат батыр,"исторический фильм, военный фильм, драма",Юрий Тарич,СССР,1927,tt0017715,4.8
Буковски,документальный,Джон Даллаган,США,2003,tt0342150,7.8
Буксиры,драматический фильм,Жан Гремийон,Франция,1941,tt0034093,7.2
Буковина — земля украинская,"документальный фильм, пропагандистский фильм","Александр Довженко, Юлия Солнцева",СССР,1940,tt0174525,5.9
Букмекер и вышибала,криминальный фильм,С. Крэйг Залер,США,2025,tt32321050,Рейтинг не найден
Букет фиалок,драма,"Вера Строева, Олег Бондарев",СССР,1983,tt5592894,4.4
Бульвар спасения,трагикомедия,Джордж Рэтлифф,США,2011,tt1251743,5.3
«Бузулукский бор»,документальный фильм,Сергей Сотников,Россия,2018,,-
Букет,фэнтези,Франтишек Антонин Брабец,,2000,tt0239102,7.1
Буйная ватага,"детский фильм, комедия",Александр Попов,"СССР, Азербайджанская ССР",1937,tt7671282,6.1
Буйство смерти,фильм ужасов,Дэвид Блит,Новая Зеландия,1984,tt0089002,4.5
Буйдои Тёлона,"боевик, драма, гангстерский",Чарли Нгуен,Вьетнам,2013,tt2592594,6.5
"Будю, спасённый из воды",комедия,Жан Ренуар,Франция,1932,tt0022718,7.2
Букшоп,"драматический фильм, экранизация романа",Изабель Койшет,"Великобритания, Германия, Испания",2017,tt3127022,6.5
Будьте моей тёщей!,"мелодрама, комедия, приключенческий фильм",Карлис Марсонс,СССР,1977,tt2395287,6.1
"Будьте готовы, Ваше высочество!",детский фильм,Владимир Попков,СССР,1978,tt0321542,5.9
Будь что будет,"комедия, мелодрама",Вуди Аллен,"США, Франция",2009,tt1178663,7.1
Будь со мной,драма,Эрик Цю (Кху) Цзиньхай,Сингапур,2005,tt0463903,7.0
"Будь счастлива, Ани!","романтическая комедия, роуд-муви",Владимир Янчев,БНР,1961,tt0279665,7.4
Будь собой,"комедия, драма, мелодрама",Саймон Шор,Великобритания,1998,tt0162973,7.5
"Будь счастлива, Юлия!",мелодрама,Якоб Бургиу,СССР,1983,tt0266368,7.0
Будь моим парнем на пять минут,романтическая комедия,Питер Соллетт,США,2008,tt0981227,6.6
Будущий фильм Энга Ли,,Энг Ли,,,tt4486578,Рейтинг не найден
"Будь здоров, дорогой!",комедия,"Тамаз Гомелаури, Вахтанг Кикабидзе",СССР,1981,tt0166114,6.9
Будь круче!,комедия,"Ф. Гэри Грей, Продажи Винса Д'Анжело, Игра в рейтинг, Ворчуны",США,2005,tt0377471,5.6
Будущий фильм Антуана Фукуа,"исторический фильм, военный фильм",Антуан Фукуа,США,,tt29952227,Рейтинг не найден
Буковски,"драма, биография",Джеймс Франко,США,2013,tt2663568,6.4
Будущее,драма,Миранда Джулай,"Германия, США",2011,tt1235170,6.1
Будущее,драма,Миа Хансен-Лёве,"Франция, Германия",2016,tt4120176,6.9
Будучи там,трагикомедия,Хэл Эшби,США,,tt0078841,7.9
Будьте моим мужем,"комедия, мелодрама",Алла Сурикова,СССР,1981,tt0166514,6.8
"Будулай, которого не ждут",мелодрама,Александр Фенько,Россия,1994,tt0109347,4.0
Будни и праздники Серафимы Глюкиной,мелодрама,Ростислав Горяев,СССР,1988,tt1407957,7.0
"Будем, как солнце",драма,Валериан Демерт,Российская империя,1917,,-
Будни уголовного розыска,Детектив,Суламифь Цыбульник,СССР,1973,tt0313322,5.2
Будни и праздники,драма,Владимир Шредель,СССР,1961,tt0307864,6.4
Будика: Королева воинов,"боевик, приключенческий фильм, пеплум",Джесси В. Джонсон,Великобритания,2023,tt22688572,4.2
Будка поцелуев,"Мелодрама, комедия",Винс Марселло,"Великобритания, США",2018,tt3799232,5.9
Будда рухнул от стыда,драма,Хана Махмальбаф,Иран,2007,tt1094627,7.3
"Будем ждать, возвращайся",драма,Николай Малецкий,"СССР, [, ]",,tt0231301,5.5
Бугония,фантастическая комедия,Йоргос Лантимос,США,2025,tt12300742,Рейтинг не найден
Бугимэн 3,ужасы,Гари Джонс,США,2008,tt1204883,4.6
Бугимен,фильм ужасов о сверхъестественном,Роб Сэвидж,США,2023,tt3427252,5.9
Бугимэн 2,"фильм ужасов, триллер, драма",Джефф Бетанкорт,США,2007,tt0900357,5.0
Бугимен,ужасы,Джеффри С. Широ,США,1982,tt0112558,4.6
Бугимэн,"мистика, ужасы, триллер",Стефен Т. Кэй,Германия,"2005, 17 марта, 2005",tt0357507,4.2
Буги бой,"криминальный боевик, триллер",Крейг Хаманн,США,1998,tt0118748,5.0
Брюс Всемогущий,"комедия, драма, фэнтези",Том Шедьяк,США,2003,tt0315327,6.8
Брюс Ли и я,"биографическая, драма",Джон Ло Ма,Гонконг,1976,tt0072745,3.5
Бугимен,фильм ужасов,Улли Ломмель,США,1980,tt0080464,4.7
Будущий фильм Стивена Спилберга,,Стивен Спилберг,США,2026,tt15047880,Рейтинг не найден
Бунтующая юность,"комедия, мелодрама",Мигель Артета,США,2009,tt0403702,6.4
Бугимен,"ужасы, фильм ужасов, фэнтезийный фильм",Талал Сельхами,"Франция, Марокко",2018,tt4188180,4.9
В белом городе,драматический фильм,Ален Таннер,"Швейцария, Португалия, Великобритания",1983,tt0085400,7.3
Будущий фильм Кэтрин Бигелоу,фильм-триллер,Кэтрин Бигелоу,США,,tt32376165,Рейтинг не найден
Будка у дороги,"драма, триллер",Саломе Брезинер,США,1995,tt0111453,5.5
В долине Эла,"драма, детектив",Пол Хаггис,США,2007,tt0478134,7.2
В долине насилия,"драма, вестерн",Тай Уэст,США,2016,tt3608930,6.1
В добрый час!,мелодрама,Виктор Эйсымонт,СССР,1956,tt0049908,7.4
Брюс Ли в Новой Гвинее,"боевик, драма, приключенческий фильм","Ян Цзияо, Джозеф Кон",Гонконг,1978,tt0076698,4.3
В добрый путь,,Мераб Кокочашвили,СССР,1973,tt0275839,5.1
В дождь и в солнце,"драма, мелодрама, социальная драма",Герберт Раппапорт,СССР,1960,tt0447524,6.4
В дни борьбы,агитфильм,Иван Перестиани,РСФСР,1920,tt0229006,Рейтинг не найден
В дни Октября,драма,Сергей Васильев,СССР,1958,tt0052344,4.5
В день праздника,драма,Пётр Тодоровский,СССР,1978,tt0176277,6.1
В диких условиях,"драматический, роуд-муви",Шон Пенн,США,2007,tt0758758,8.1
Быстрый и мёртвый,вестерн,Сэм Рэйми,США,1995,tt0114214,6.5
В джазе только девушки,эксцентрическая комедия,Билли Уайлдер,США,1959,tt0053291,8.2
В движении,мелодрама,Филипп Янковский,Россия,2002,tt0351936,6.5
В белом плену,"драма, исторический фильм, экшн-фильм",Петтер Несс,"Норвегия, Швеция",2012,tt1876277,7.1
«В дальнем плавании»,приключенческий фильм,Владимир Браун,СССР,1945,tt0306181,6.4
В далёком сорок пятом...,"драма, мелодрама",Мира Тодоровская,Россия,2015,tt5125310,5.5
В горах Югославии,"военный фильм, драма",Абрам Роом,СССР,1946,tt0038638,5.4
"Бубен, барабан",драма,Алексей Мизгирёв,Россия,2009,tt1435475,6.7
В гостях у Элис,"драма, мелодрама, комедия",Холли Мейерс-Шайер,США,2017,tt5719700,5.8
В городе С.,драма,Иосиф Хейфиц,СССР,1966,tt0061147,6.9
В город входить нельзя,"детектив, триллер",Юрий Желябужский,СССР,1929,tt0324396,Рейтинг не найден
В год тринадцати лун,драма,Райнер Вернер Фасбиндер,ФРГ,1978,tt0077729,7.3
В горах моё сердце,комедия,Рустам Хамдамов,СССР,1967,tt0062015,7.3
В год господень,"комедийный фильм, драматический фильм",Луиджи Маньи,Италия,1969,tt0064718,7.3
В глубине,драма,Шери Элвуд,"Канада, Германия",2000,tt0218141,5.9
В воскресенье всегда идёт дождь,"криминальная, драма",Роберт Хеймер,Великобритания,1947,tt0040481,7.1
В высокой траве,"драматический, фильм ужасов о сверхъестественном",Винченцо Натали,Канада,2019,tt4687108,5.5
В городе Сочи тёмные ночи,"мелодрама, комедия",Василий Пичул,СССР,1989,tt0098574,6.4
В буйной слепоте страстей,психологическая любовная драма,Чеслав Сабинский,Российская империя,1915,,-
В воздухе,драма,Клаудиа Льоса,"Испания, Канада, Франция",2014,tt2494384,5.3
В двух шагах от «Рая»,"военная, драма, приключения, экранизация",Тимур Золоев,СССР,1984,tt0262863,5.4
В водовороте неприятностей,комедия,Аниз Базми,Индия,2005,tt0451833,6.6
В воде,драматический фильм,Хон Сансу,Республика Корея,2023,tt26448971,6.3
В винном отражении,"драма, комедия",Виталий Музыченко,Россия,2019,tt12411372,7.3
В бреду,короткометражный фильм,Джулия Стайлз,США,2007,tt0862812,6.7
В бой идут одни «старики»,"драма, военный фильм",Леонид Быков,СССР,1973,tt0070861,8.2
В борьбе за Украину,документальный,Игорь Лопатёнок,США,2019,tt10498588,6.7
В безопасности,"Боевик, комедия","Адам Бимер, Ивэн Бимер",США,2013,tt2081274,5.1
В бреду,"комедия, фэнтези",Том Манкевич,США,1991,tt0101701,5.8
В бегах,драма,Дэвид Лоури,США,2013,tt2388637,6.4
В баню!,"комедия, семейное кино",Данил Иванов,Россия,2024,tt29742507,5.1
В активном поиске,"комедия, мелодрама",Кристиан Диттер,США,2016,tt1292566,6.1
В Баку дуют ветры,"боевик, военный фильм, драма, приключенческий фильм",Мухтар Дадашев,"СССР, Азербайджанская ССР",1974,tt1767277,6.0
В баре только девушки,драма,Марита Джованни,США,1994,tt0109217,5.0
В августе 44-го…,"Военный, боевик, детектив, драма",Михаил Пташук,"Беларусь, Россия",,tt0284595,7.3
В 26-го не стрелять,"военная драма, детектив",Равиль Батыров,СССР,1966,tt0170744,5.7
В ад с чёрного хода,"военная, драма",Монте Хеллман,США,1964,tt0057864,5.2
«В 6 часов вечера после войны»,мелодрама,Иван Пырьев,СССР,1944,tt0037423,6.6
В 3:10 на Юму,вестерн,Делмер Дэйвс,США,1957,tt0050086,7.6
"В воде, в которой пузыри",комедия,Морис Дельбез,Франция,1960,tt0053749,5.5
Бюро магических услуг,"фэнтези, комедия, приключения",Джеффри Уокер,Австралия,2023,tt11820950,6.1
Бюро человечества,"антиутопия, фантастика, триллер",Роб В. Кинг,Канада,2017,tt6143568,4.5
В бегах,"криминальный фильм, драма",Альфред Чён,Гонконг,1988,tt0096414,7.0
Бэтмен: Тупик,"Боевик, Фантастика, Триллер",Сэнди Коллора,США,2003,tt0374526,7.3
«В аду»,"триллер, боевик, драма",Ринго Лам,США,2003,tt0339135,6.1
В бездну,документальный,Вернер Херцог,"США, Германия, Великобритания",2011,tt1972663,7.3
Бэтмен: Начало,,"Кристофер Нолан, саундтрек, саундтрек, саундтрек, награды и номинации, саундтрек, награды и номинации, саундтрек, саундтрек, награды и номинации, саундтрек, награды и номинации","США, Великобритания",2005,tt0372784,8.2
Бэтмен против Супермена:,,Зак Снайдер,"США, [, ]",2016,tt2975590,6.5
Бэтмен-ниндзя,"фантастика, супергеройский фильм, боевик",Дзюмпэй Мидзусаки,From Far Away,2018,tt7451284,5.6
Бэтмен против Дракулы,"комедия, ужасы",Леоди М. Диаз,Филиппины,1967,tt0061386,6.7
Бэтмен и Харли Квинн,"фантастика, супергеройский фильм, экшен, приключения, комедия",Сэм Лью,США,2017,tt6556890,5.9
Бэтмен навсегда,супергеройский фильм,Джоэл Шумахер,"США, Великобритания",1995,tt0112462,5.4
В Америке,драма,Джим Шеридан,"Ирландия, Великобритания",2002,tt0298845,7.7
В круге первом,"драма, триллер",Шелдон Ларри,"США, Канада, Франция",1992,tt0101885,6.6
В Сингапур с любовью,документальный фильм,Тан Пин Пин,Сингапур,2013,tt3461274,7.1
В круге первом,экранизация,Александр Форд,Дания,1973,tt0068600,5.9
Бэтмен и Робин,супергеройский фильм,Джоэл Шумахер,США,1997,tt0118688,3.8
В ожидании моря,трагикомедия,Бахтиёр Худойназаров,"Германия, Россия, Таджикистан, Украина, Франция, Казахстан, Бельгия",2012,tt2522082,6.5
Бэтмен возвращается,,Тим Бёртон,США,1992,tt0103776,7.1
В семнадцать мальчишеских лет,"военный, драма",Руфат Шабанов,СССР,1985,,-
В сердце моря,,Рон Ховард,США,"3 декабря, 2015, 10 декабря, 2015, 11 декабря, 2015",tt1390411,6.9
В Сибирь,"драма, исторический, мелодрама",Генрик Шаро,Польша,1930,tt0285765,6.5
В семье не без священника,комедийный фильм,Эдоардо Мария Фальконе,Италия,"2015, 5 июля, 2018, 5 ноября, 2015",tt4643844,6.7
В серой зоне,боевик,Гай Ричи,США,2025,tt27681354,Рейтинг не найден
В седле,вестерн,Эдвин Л. Марин,США,1944,tt0037343,6.9
В самое пекло,документальный,Вернер Херцог,"США, Германия, Канада",2016,tt4846318,7.2
В русском стиле,криминальная мелодрама,Александр Просянов,СССР,1991,tt0331043,5.0
В своей кухне,"мелодрама, комедия",Пракаш Радж,Индия,2014,tt3740490,6.8
В руке Данте,драматический фильм,Джулиан Шнабель,США,2024,tt1333644,Рейтинг не найден
В ритме ча-ча-ча,комедийная драма,Купер Райфф,США,2022,tt14376344,7.3
В распутицу,драма,Андрей Разумовский,СССР,1986,tt0267076,5.4
Бэтмен и Робин,"супергеройский фильм, боевик, фантастика",Спенсер Гордон Беннет,США,1949,tt0041162,5.9
В пять часов вечера,драматический фильм,Самира Махмальбаф,Франция,"2003, 1 июля, 2004",tt0363303,6.8
В пылу страсти 2: Неверный,"триллер, драма",Кэтрин Киран,США,1994,tt0109234,4.6
Бэтмен. Часть 2,супергеройский фильм,Мэтт Ривз,США,2027,tt19850008,Рейтинг не найден
В пути,драма,Мери Анджапаридзе,СССР,,tt30337183,5.9
В пути,"драма, комедия",Сэм Мендес,США,2009,tt1176740,7.0
В пустыне и джунглях,"приключенческий фильм, экранизация, детский фильм",Владислав Слесицкий,Польша,1973,tt0070894,6.4
В Риме была ночь,драма,Роберто Росселлини,"Италия, Франция",1960,tt0052781,7.1
В Сантьяго идёт дождь,Историческая драма,Эльвио Сото,"Франция, Болгария",1975,tt0073149,6.6
В прямом эфире,комедийная драма,Ниша Ганатра,США,2019,tt6107548,6.5
В прошлом году в Мариенбаде,"драма, Экспериментальное кино",Ален Рене,"Франция, Италия",1961,tt0054632,7.6
В пролёте,"комедия, мелодрама, драма, романтическая комедия, комедийная драма","Столлер, Николас",США,2008,tt0800039,7.1
В профиль и анфас,комедия,"Николай Лукьянов, Александр Ефремов, Сергей Сычёв",СССР,1977,tt0076866,6.7
В предрассветной дымке,мелодрама,Имантс Кренбергс,СССР,1966,tt2396643,Рейтинг не найден
В потерянных землях,"боевик, приключенческий фильм, фэнтезийный фильм",Пол Уильям Скотт Андерсон,"США, Германия, Польша",2025,tt4419684,Рейтинг не найден
В присутствии клоуна,драма,Ингмар Бергман,"Швеция, Италия, Норвегия, Германия, Дания",1997,tt0119496,6.9
В постели с Мадонной,документальный фильм,Алек Кешишян,США,1991,tt0102370,6.4
В постели с дьяволом,комедия,Райнер Мацутани,Германия,2002,tt0291167,5.2
В постели с врагом,триллер,Джозеф Рубен,США,1991,tt0102945,6.3
В последнюю очередь,Детектив,Андрей Ладынин,СССР,1981,tt0083270,5.8
В постели с Викторией,"комедия, драма",Жюстин Трие,Франция,2016,tt5078214,6.2
В последний час,"боевик, военный, драма, приключения",Михаил Чиаурели,СССР,1929,tt0170748,5.5
В рамках закона,"Криминальная мелодрама, Гангстерский фильм",Густав Махаты,США,1939,tt0032135,6.4
В последний момент,"боевик, криминальный фильм, драма, триллер",Джон Бэдэм,США,1995,tt0113972,6.3
В поисках Эрика,"драма, комедия",Кен Лоуч,"Великобритания, Франция, Италия, Бельгия, Испания",2009,tt1242545,7.1
В порту,драма,Элиа Казан,США,1954,tt0047296,8.1
В полночь происходят самые сладкие удовольствия,"комедия, драма",Марчелло Фондато,Италия,1975,tt0072595,6.0
В полночь на кладбище,фильм ужасов,Василий Гончаров,Российская империя,1909,tt0202050,Рейтинг не найден
В полночный час,"мелодрама, детектив, триллер",Чарльз Джэрротт,США,,tt0112405,5.4
В поисках Янтарной комнаты,приключенческий фильм,Флориан Баксмайер,Германия,2012,tt1823103,5.0
В поисках сокровищ тамплиеров,"приключенческий фильм, семейный фильм",Каспер Барфёд,Дания,2006,tt0488059,5.7
В поисках чудо-меча,приключенческий фильм,Джо Д’Амато,Италия,1990,tt0100448,2.7
В поисках утраченного времени,"драматический фильм, ЛГБТ-фильм, экранизация романа",Нина Компанеец,Франция,,tt1667060,6.8
В поисках сокровищ тамплиеров 3: Загадка Змеиной короны,"приключенческий фильм, семейный фильм",Джакомо Кампеотто,Дания,2008,tt1105743,5.1
В поисках Санта Лапуса,"фэнтези, приключения",Роберт Винс,"Канада, США",2010,tt1544572,5.3
В пыли звëзд,фантастический,Готтфрид Кольдиц,ГДР,1976,tt0074671,5.3
В поисках снежного барса,документальный фильм,Венсан Мюнье,,2021,tt11937680,7.8
В поисках Сахарного Человека,документальный,Малик Бенджеллуль,"Швеция, Великобритания",2012,tt2125608,8.2
В поисках Ричарда,драма,Аль Пачино,США,1996,tt0116913,7.3
В поисках приключений,"боевые искусства, приключения",Жан-Клод Ван Дамм,США,1996,tt0117420,5.6
В поисках мистера Гудбара,драма,Ричард Брукс,США,1977,tt0076327,6.7
В поисках сокровищ тамплиеров 2,"приключенческий фильм, семейный фильм",Джакомо Кампеотто,Дания,2007,tt0847764,5.3
В поисках короля,"фэнтези, боевик, история",Николай Хомасуридзе,"Грузия, США",2013,tt1773733,7.7
В твоих мечтах,"романтический фильм, спортивный фильм",Петр Окропец,Чехия,"28 апреля, 2016",tt5180284,4.8
В поисках сокровищ нибелунгов,приключенческий фильм,Ральф Хюттнер,Германия,2008,tt1286808,5.3
В поисках Фиделя,"документальный, фильм-интервью",Оливер Стоун,США,2004,tt0403232,6.7
В твоих глазах,"мелодрама, фантастика",Брин Хилл,США,2014,tt2101569,6.9
В твоих венах,драма,Беата Горделер,"Швеция, Норвегия",2009,tt1376710,6.8
В талом снеге звон ручья,"киноповесть, экранизация",Давлатназар Худоназаров,СССР,1982,tt0899178,Рейтинг не найден
В сумерках,"ЛГБТ-фильм, драматический фильм","Кристофер Рив, История Брук Эллисон",США,1997,tt0119362,7.0
В поисках Мистера Судьбы,романтическая кинокомедия,Чан Ю Джон,Республика Корея,2010,tt1826714,6.4
Варвары у ворот,комедия,Гленн Джордан,США,,tt0106356,7.2
Варвары,"Фэнтези, приключения",Руджеро Деодато,"США, Италия",,tt0092615,5.0
"Варвара-краса, длинная коса",фильм-сказка,Александр Роу,СССР,1969,tt0191625,7.2
В поисках кошки,"комедия, мелодрама",Седрик Клапиш,Франция,1996,tt0115856,6.9
Варвар и гейша,"драма, приключенческий фильм, исторический фильм",Джон Хьюстон,США,1958,tt0051398,5.8
В поисках Лэнгстона,"биографический фильм, ЛГБТ-фильм, драматический фильм",Исаак Жюльен,Великобритания,1989,tt0095545,6.7
Варвар,ужасы,Зак Креггер,США,"9 сентября, 2022",tt15791034,7.0
Варвар,приключения,Крис Сивертсон,"США, Россия",2003,tt0358376,3.1
Варавва,"драма, исторический",Евгений Емелин,Россия,2018,tt8553134,6.1
Варавва,"драматический фильм, экранизация романа",Альф Шёберг,Швеция,1953,tt0045541,6.3
Ванька и Мститель,"исторический, приключенческий",Аксель Лундин,СССР,1928,,-
Ваня на 42-й улице,драма,Луи Маль,США,1994,tt0111590,7.3
В пятницу в половине двенадцатого…,драма,Альвин Ракофф,"ФРГ, Франция, Италия",1961,tt0055252,6.2
Ваня,киноповесть,Анатолий Дудоров,СССР,1958,tt0142955,6.0
"В субботу вечером, в воскресенье утром","социальная драма, мелодрама",Карел Рейш,Великобритания,1960,tt0054269,7.5
Ванька-ключник,"драма, мелодрама",Василий Гончаров,Российская империя,1909,tt0348306,Рейтинг не найден
Ванина Ванини,драматический фильм,Роберто Росселлини,"Италия, Франция",1961,tt0055585,6.1
Ванина,"романтический фильм, драматический фильм, немое кино",Артур фон Герлах,Германия,1922,tt0013728,5.8
В супе,комедия,Александр Рокуэлл,"США, Франция, Германия, Япония, Италия",1992,tt0104503,7.1
Ванильное небо,"мелодрама, психологический триллер, научная фантастика",Кэмерон Кроу,США,2001,tt0259711,6.9
Ванзейская конференция,историческая драма,Матти Гешоннек,Германия,"Филипп Хохмайр, Йоханнес Алльмайер, Максимилиан Брюкнер, Маттиас Бундшух, Фабиан Буш, Якоб Диль, Лилли Фихтнер, Годехард Гиз, Питер Джордан, Арнд Клавиттер, Frederic Linkemann, Томас Лойбл, Саша Нэйтан",tt14321668,7.2
Вандомская площадь,"криминал, драма",Николь Гарсиа,Франция,1998,tt0119901,6.2
Ваниль и шоколад,драма,Чиро Ипполито,Италия,2004,tt0399836,6.1
Ванечка,"драма, мелодрама",Елена Николаева,Россия,2007,tt0816264,5.5
Варавва,пеплум,Ричард Флейшер,США,1961,tt0055774,6.9
Ван Хельсинг,"боевик ужасов, приключения, ужасы, короткометражный, мультфильм",Стивен Соммерс,"США, [, ], Чехия, [, ], США",2004,tt0338526,6.1
Ван Гоги,драма,Сергей Ливнев,Россия,2019,tt7529350,6.4
Ван Гог,"документальный, короткометражный фильм",Ален Рене,Франция,,tt0040930,6.7
"Ван Гог: портрет, написанный словами",Фильм-биография,Andrew Hutton,Великобритания,,tt1632679,7.9
Вампиры против зомби,Фильм ужасов,Винс д'Амато,США,2004,tt0408309,1.6
Ван Гог,"биографическая, драма",Морис Пиала,Франция,1991,tt0103190,7.1
Вампиры Варшавы. Тайна такси № 1051,"детектив, драма",Виктор Беганьский,Польша,1925,tt0877727,Рейтинг не найден
Вампиры: Пробуждение Зла,ужасы,Марти Уайз,США,2005,tt0398378,3.6
Вампиры в ночи,"фильм о вампирах, порнофильм",Джеймс Авалон,США,2000,tt0283110,6.2
Вампиры,фильм ужасов,"Риккардо Фреда, Марио Бава",Италия,1957,tt0049429,6.5
Вампиры Беверли-Хиллз,"комедия, фильм ужасов",Фред Олен Рэй,США,1988,tt0094734,4.1
Вампиры,"ужасы, эротика",Хозе Рамон Ларраз,Великобритания,1974,tt0072354,6.0
Вампиры: День мёртвых,"ужасы, вестерн",Томми Ли Уоллес,США,2002,tt0272147,4.5
Вампиры,фильм ужасов,Джон Карпентер,"США, Япония",1998,tt0120877,6.1
Вампирша-гуманистка ищет отчаянного добровольца,комедийная драма,Ариан Луи-Сейз,Канада,2023,tt24216998,7.0
Вампирши,"комедия, ужасы",Эми Хекерлинг,США,2012,tt1545106,5.3
Вампиры,"боевик, приключенческий фильм, криминальный фильм",Луи Фейад,Франция,1915,tt0006206,7.3
Вампирша,"боевик, фильм ужасов",Себастьян Гутьеррес,США,2007,tt0389328,4.9
Вампирши-лесбиянки,"Ужасы, Саундтрек",Хесус Франко,"ФРГ, Испания",1971,tt0066380,5.4
Ванзейская конференция,драматический фильм,Heinz Schirk,ФРГ,,tt0088377,7.7
Ван Гог. На пороге вечности,"биография, драма",Джулиан Шнабель,"Великобритания, Франция, США",2018,tt6938828,6.9
Вампирша,"фильм ужасов, эротика",Хесус Франко,,1973,tt0069745,4.7
Вампирский Засос,"комедия, фантастика","Джейсон Фридберг, Аарон Зельцер",США,2010,tt1666186,3.4
Вампир пустыни,мистическая драма,Чарльз Гэскилл,США,1913,tt0461415,Рейтинг не найден
Вампир,фильм ужасов,Пол Лэндрес,США,1957,tt0051150,5.8
Вампирский блюз,фильм ужасов,Хесус Франко,США,1999,tt0209458,3.2
Вампир,фильм ужасов,Фернандо Мендес,Мексика,1957,tt0051151,6.9
Вампир от Ферата,"ужасы, фантастика",Юрай Герц,Чехословакия,1982,tt0083264,5.8
Вампир в Бруклине,"фильм ужасов, комедия, мелодрама",Уэс Крэйвен,США,1995,tt0114825,4.7
Вамп,"фильм ужасов, комедия",Ричард Уэнк,США,1986,tt0092147,5.9
Вампир,мистика,Карл Теодор Дрейер,Франция,1932,tt0023649,7.4
Вам телеграмма,драма,Борис Конунов,СССР,1983,tt4221938,6.4
"Вамба, дитя джунглей","немое кино, драматический фильм",Колин Кэмбелл,США,1913,tt0433164,Рейтинг не найден
Вам письмо,"комедия, мелодрама",Нора Эфрон,США,1998,tt0128853,6.7
Вам — заданне,"военный фильм, драма",Юрий Бержицкий,Беларусь,2004,tt3553946,Рейтинг не найден
Вальтер защищает Сараево,"военный фильм, драма",Хайрудин Крвавац,Югославия,1972,tt0069452,8.1
Вам и не снилось…,,Илья Фрэз,СССР,1980,tt0153489,7.8
Вальсируя с Брандо,биографический фильм,Билл Фишман,США,2024,tt9619902,9.0
Вальсирующие,"криминальная, комедия, роуд-муви, бадди-муви, эротика",Бертран Блие,Франция,1974,tt0072353,7.1
Вальс шампанского,"комедия, мюзикл",А. Эдвард Сазерленд,США,1937,tt0028705,6.1
Вальс с Баширом,анимация,Ари Фольман,Израиль,2008,tt1185616,8.0
Вальс на потолке,комедия,Гастон Велль,Франция,1905,tt3219732,Рейтинг не найден
Вальс «Голубой Дунай»,"драма, детектив",Миклош Янчо,Венгрия,1992,tt0104657,6.5
Вальс,драма,Виктор Абросимович Титов,СССР,1969,,-
Вальс на Печоре,драма,Лана Гогоберидзе,Грузия,1992,tt0105723,7.0
Вальс на Мтацминде,комедия,Баадур Цуладзе,СССР,1975,tt0276597,5.5
Вальс,драма,Сальваторе Майра,Италия,2007,tt1094284,7.0
Вальс на банановой кожуре,"драматический фильм, комедийный фильм",Петер Бачо,Венгрия,1987,tt0090697,6.8
Ванина Ванини,телеспектакль,"Самойлова, Галина Алексеевна",СССР,1983,,-
Везучая,драма,Серджо Кастеллитто,Италия,2017,tt6306400,6.2
Вальдо,"криминал, триллер, детектив",Тим Киркби,США,"4 февраля, 2022, 24 февраля, 2022",tt9244554,5.8
Вальмон,"драма, мелодрама",Милош Форман,"США, Франция",1989,tt0098575,7.0
Везунчик,"драма, мелодрама, спортивный фильм",Кёртис Хэнсон,"США, Германия, Австралия",2007,tt0338216,5.9
Вендетта,"боевик, триллер",Стивен Рейнольдс,Великобритания,,tt2572632,5.8
Вендетта,мелодрама,Георг Якоби,Германия,1919,tt0012796,Рейтинг не найден
Вендетта,"Драма, боевик","Джен Соска ,  Сильвия Соска",США,2015,tt3746298,4.7
Венгерская рапсодия,"драма, исторический фильм",Миклош Янчо,Венгрия,1979,tt0077492,6.7
Вельд,"фантастический фильм, антиутопия, хоррор",Назим Туляходжаев,СССР,,tt0201300,6.2
Велосипедисты,,,Франция,2018,tt8119856,6.5
Венгерская рапсодия,"драматический фильм, немое кино",Ганнс Шварц,Федеративная Республика Германия,1928,tt0019511,6.9
Велосипедист,драматический фильм,Мохсен  Махмальбаф,Иран,1989,tt0092651,7.2
Велорикша,"драма, гангстерский",Чан Ань Хунг,"Франция, Вьетнам, Гонконг",1995,tt0112767,7.1
Великолепный удар,боевик,Дэниел Лау,Гонконг,1980,tt0080898,6.5
Величайший фильм из всех когда-либо проданных,документальный фильм,Морган Сперлок,США,2011,tt1743720,6.6
Величайший,драма,Том Грис,"США, Великобритания",1977,tt0076111,5.9
Величайшая из когда-либо рассказанных историй,драма,Джордж Стивенс,США,1965,tt0059245,6.6
Величайший шоумен,"мюзикл, драма, биография",Майкл Грейси,США,2017,tt1485796,7.5
Великолепные телохранители,боевик,Ло Вэй,Гонконг,1978,tt0077541,5.5
Великолепный,"боевик, комедия, мелодрама",Винсент го Дэчжао,"Китайская Республика, Гонконг",1999,tt0184526,6.0
Великолепные головорезы,"боевик, драма",Чжан Чэ,Гонконг,1979,tt0079043,6.5
Великолепный мясник,"боевик, комедия, драма",Юнь Вопхин,Лам Сайвин,1979,tt0079472,7.2
Великолепные Эмберсоны,Драма,Орсон Уэллс,США,1942,tt0035015,7.6
Великолепный,кинокомедия,Филипп Де Брока,"Франция, Италия","23 ноября, 1973, 1 апреля, 1974, 12 апреля, 1974, 10 мая, 1974, 20 мая, 1974, 23 мая, 1974, 23 мая, 1974, 27 мая, 1974, 22 июня, 1974, 11 июля, 1974, 1974, 3 марта, 1975, 13 августа, 1975, 7 июня, 1976, 7 июля, 1976, 4 апреля, 1985",tt0070354,7.1
Вендетта,комедия,Жан Ширас,Франция,1962,tt0055587,4.9
Великолепное трио,"боевик, драма, романтика",Чжан Чэ,Гонконг,1966,tt0060163,6.2
Великолепная семёрка снова в седле,вестерн,Джордж МакКован,США,1972,tt0068897,5.6
Великолепная семёрка,вестерн,Джон Стёрджес,США,1960,tt0054047,7.7
Великолепная семёрка гладиаторов,"фэнтези, боевик, драма, приключенческий фильм","Бруно Маттеи, Клаудио Фрагассо",Италия,1983,tt0086289,3.7
Великолепные воины,"боевик, драма",Дэвид Чун,Гонконг,1987,tt0094375,6.5
Великолепная афера,"триллер, драма, комедия, криминал",Ридли Скотт,США,2003,tt0325805,7.3
Великолепная семёрка,вестерн,Антуан Фукуа,США,"22 сентября, 2016, 2016",tt2404435,6.9
Великолепие в траве,"романтический фильм, драматический фильм, история взросления",Элиа Казан,США,1961,tt0055471,7.7
Великое рок-н-ролльное надувательство,музыкальный фильм,Джулиан Темпл,Великобритания,1980,tt0080813,6.4
Величайшее шоу мира,"Драма, мелодрама, детектив",Сесил Б. Демилль,США,1952,tt0044672,6.5
Великий экстаз резчика по дереву Штайнера,документальный фильм,Вернер Херцог,ФРГ,1974,tt0070136,7.6
Великое дело основания государства,"исторический фильм, военный фильм, драматический фильм","Хань Саньпин, Хуан Цзяньсинь",Китай,"17 сентября, 2009, 1 октября, 2009, 10 декабря, 2009",tt1438461,4.9
Великое прощание,документальное кино,"Г. В. Александров, С. А. Герасимов, И. П. Копалин, Е. И. Свилова, И. Ф. Сеткина, М. Э. Чиаурели",СССР,1953,tt2334552,5.3
Великое воздушное ограбление,приключения,Жак Жаккар,США,1919,tt0011241,3.9
Великое зарево,"драма, историко-революционный фильм",Михаил Чиаурели,СССР,1938,tt0030928,5.7
Великий уравнитель 2,"боевик, триллер",Антуан Фукуа,США,2018,tt3766354,6.7
Великий уравнитель,боевик,Антуан Фукуа,США,2014,tt0455944,7.3
Великий уравнитель 3,"боевик, триллер",Антуан Фукуа,США,2023,tt17024450,6.8
Великий Уолдо Пеппер,"приключенческая, драма",Джордж Рой Хилл,США,1975,tt0073075,6.7
Великий самозванец,"биографический фильм, комедийная драма, комедийный фильм",Роберт Маллиган,США,1961,tt0053879,6.9
Великий самоед,исторический фильм,Аркадий Кордон,СССР,1982,tt0232893,6.8
Великий поход за невестой,комедия,Годердзи Чохели,СССР,1984,tt0219392,8.3
Вертикальный взлёт,военный фильм,Генри Кинг,США,1949,tt0041996,7.7
Вертикальный луч солнца,"драма, мелодрама",Чан Ань Хунг,"Франция, Германия, Вьетнам",2000,tt0224578,7.2
Вертикаль,"киноповесть, спортивный фильм","Станислав Говорухин, Борис Дуров",СССР,1967,tt0182512,6.9
Версия Браунинга,драма,Майк Фиггис,Великобритания,1994,tt0109340,7.2
Вертер,"фильм, опера, музыкальный фильм, драма, мелодрама",Петр Вейгль,ФРГ,1985,tt1344029,7.9
Великий Фламарион,Фильм нуар,Энтони Манн,США,1945,tt0037749,6.5
Великий рейд,"экшн, драма, военный",Джон Даль,США,2005,tt0326905,6.6
Великий утешитель,драма,Лев Кулешов,СССР,1933,tt0024728,6.6
Версия полковника Зорина,детектив,Андрей Ладынин,СССР,1978,tt0314841,6.7
Ветер с порогов,драма,Арнольд Кордюм,СССР,1930,tt11885946,7.6
Везунчик!,,Роберт Лакатос,Венгрия,2008,tt1173467,6.1
Ветер ярости,боевик,Ын Сиюнь,Гонконг,1973,tt0199763,4.2
Ветер с моря,драма,Казимеж Чыньский,Польша,1930,tt0989100,Рейтинг не найден
Ветер странствий,драма,Юрий Егоров,СССР,1978,tt0170764,5.8
Ветер и лев,приключенческий фильм,Джон Милиус,США,1975,tt0073906,6.8
Ветер с востока,"социальная драма, драма",Абрам Роом,СССР,1940,tt2016333,5.7
Ветер с востока,драма,Робер Энрико,"Франция, Швейцария",1993,tt0108480,6.8
Вечер в мюзик-холле,комедия,Чарли Чаплин,США,1915,tt0005812,6.4
Вечер выборов,Кинокомедия,Андерс Томас Йенсен,Дания,1998,tt0189179,7.5
"Ветчина, ветчина","комедия, драма, эротика",Бигас Луна,Испания,"1992, 13 мая, 1993",tt0104545,6.4
Вечер в опере,,Сэм Вуд,США,1935,tt0026778,7.8
Вечер,"драма, мелодрама",Лайош Кольтаи,"США, Германия",2007,tt0765447,6.4
Ветка сирени,"Биография, драма",Павел Лунгин,"Россия, Люксембург",2007,tt0804500,5.2
Ветреная река,триллер,"Тейлор Шеридан, Гнусный","США, Великобритания, Канада",2017,tt5362988,7.7
Ветеран,,Ян Гржебейк,Чехия,2020,tt11287832,6.3
Ветер демонов,фильм ужасов,Чарлз Филип Мур,США,1990,tt0099401,4.8
"Ветер, который качает вереск",драма,Кен Лоуч,"Ирландия, Великобритания, Германия, Италия, Испания, Франция",2006,tt0460989,7.5
Весельчаки,трагикомедия,Феликс Михайлов,Россия,2009,tt1505957,6.1
Ветер в лицо,драма,"Иосиф Хейфиц, Александр Зархи",СССР,1930,tt0171887,6.8
Ветер влюблённых,документальный фильм,Альбер Ламорис,"Франция, Иран",1978,tt0080087,8.2
Ветер в ивах,комедия,Терри Джонс,,1996,tt0118172,6.2
Ветер,"боевик, драма, спортивный фильм",Кэррол Бэллард,США,1992,tt0105824,6.4
Вечер накануне Ивана Купала,"драма, экранизация",Юрий Ильенко,СССР,1968,tt0144187,7.3
Ветер,драма,Виктор Шёстрём,США,1928,tt0019585,8.0
Ветер,драма,"Александр Алов, Владимир Наумов",СССР,1959,tt0052359,7.0
Ветер,немое кино,"Чеслав Сабинский, Лев Шеффер",СССР,1926,tt0019529,Рейтинг не найден
Весьегонская волчица,"приключенческая, драма",Николай Соловцов,Россия,2004,tt1068302,7.1
Ветер «Надежды»,приключенческий фильм,Станислав Говорухин,СССР,1977,tt0332813,5.7
Весь я,комедия,Карл Райнер,США,1984,tt0086873,6.7
Ветви одного дерева,драма,Сатьяджит Рай,"Индия, Франция, Великобритания",1990,tt0100587,7.7
Ветренная река. Новая глава,триллер,Кари Скогланд,США,,tt23551578,Рейтинг не найден
Весь этот джаз,"музыкальная, драма",Боб Фосс,США,1979,tt0078754,7.8
Весь мир в его объятиях,"приключения, романтика",Рауль Уолш,США,1952,tt0045339,6.8
Весь огромный мир,"биография, драма, мелодрама",Дэн Айрлэнд,США,1996,tt0118163,7.0
Весы правосудия,"фильм-триллер, драматический фильм, криминальный фильм",Б. Р. Чопра,Индия,1980,tt0080926,6.4
Вестсайдский вальс,мелодрама,Эрнест Томпсон,США,1995,tt0114910,5.8
Весь мир в глазах твоих,драма,"Станислав Клименко, Иван Симоненко",СССР,1977,tt3098234,7.0
Вестсайдская история,"музыкальная, романтическая драма",Стивен Спилберг,США,2021,tt3581652,7.1
Весь этот мир,"драма, мелодрама",Стелла Мэги,США,2017,tt5001718,6.3
"Весна, лето, осень, зима… и снова весна",притча,Ким Ки Дук,Республика Корея,2003,tt0374546,8.0
Вестсайдская история,"музыкальная, романтическая драма","Джером Роббинс, Роберт Уайз",США,1961,tt0055614,7.6
Весь мир только для двоих,"комедия, эротика, эксплуатационное кино",Жан Роллен,Франция,1974,tt0070821,4.6
Вестерн,артхаус,Валеска Гризебах,"Германия, Австрия, Болгария",2017,tt5157326,7.0
Весь город говорит,"комедия, детектив",Джон Форд,США,1935,tt0027214,7.3
Весна убийств,детективный фильм,Стивен Уильямс,Канада,2002,tt0308463,5.3
"Весь мир, кроме Японии, тонет","кинофантастика, комедийный фильм",Минору Кавасаки,Япония,2006,tt0844678,4.7
Весна на Одере,Драма,Леон Сааков,СССР,1967,tt0155364,6.9
Вестерплатте,"Историческая драма, Военный",Станислав Ружевич,ПНР,1967,tt0062485,7.0
Весна в Сакене,драма,Николай Санишвили,СССР,1950,tt0234984,5.6
Весна,"романтический, боди-хоррор","Джастин Бенсон, Аарон Мурхед",США,2015,tt3395184,6.7
Весна двадцать девятого,драма,Георгий Юнгвальд-Хилькевич,СССР,1975,tt4842178,6.2
Весна в городке,мелодрама,Фэй Му,Китайская Республика,1948,tt0189219,7.3
Весна на Заречной улице,мелодрама,"Феликс Ефимович Миронер, Марлен Хуциев",СССР,1956,tt0049917,7.4
Весна,драма,Арво Круусемент,СССР,1969,tt0064542,8.0
"Весна, пан сержант!",комедия,Тадеуш Хмелевский,Польша,1974,tt0072412,6.3
Весной,документальный фильм,Михаил Кауфман,СССР,1929,tt0226590,7.6
Весенняя сказка,"кинокомедия, артхаус",Эрик Ромер,Франция,1990,tt0097106,7.1
«Весна»,"комедия, кинофантастика",Григорий Александров,СССР,1947,tt0039954,7.1
Весенняя сказка,"детский фильм, сказка",Юрий Цветков,СССР,1971,tt0332812,6.3
Весенняя симфония,драма,Петер Шамони,ФРГ,1983,tt0085568,6.1
Весенний призыв,"военный, драма",Павел Любимов,СССР,1976,tt0075388,6.2
Весенняя путёвка,мелодрама,Варис Брасла,СССР,1978,tt0361093,6.4
Весна проходит,лирическая киноповесть,Нодар Манагадзе,СССР,1983,tt0230945,6.4
Весенний поток,драма,Владимир Юренев,СССР,1941,tt0351946,5.9
Весенний отрыв,комедия,Райан Шираки,США,2009,tt0814331,4.8
Весенний дождь,киноновелла,"Кира Муратова, Александр Муратов",СССР,1958,tt8193242,6.6
Весенний вальс,"музыкальная, комедия",Генри Костер,США,1940,tt0033095,6.7
Весна в Москве,драма,"Надежда Кошеверова, Иосиф Хейфиц",СССР,1953,tt0171886,6.1
Вечное возвращение,"эпический, романтический фильм",Янив Раз,США,,tt27725750,Рейтинг не найден
Вечер старинных русских водевилей,Водевиль,Евгений Симонов,СССР,1978,tt6304788,5.2
Взрывная блондинка,"боевик, триллер, детектив, Новая волна, Поп-рок, Синти-поп",Дэвид Литч,США,2017,tt2406566,6.7
Вира Симха Редди,боевик,Гопичанд Малинели,Индия,"12 января, 2023",tt15387190,4.9
Весенняя буря,драма,Альфред Деэши,Австро-Венгрия,1918,,-
Вир и Зара,"мелодрама, драма, музыкальный фильм",Яш Чопра,Индия,2004,tt0420332,7.8
Весенний воздух,драма,Ладислав Хелге,Чехословакия,1961,tt0231813,6.0
"Весенняя Олимпиада, или Начальник хора",Киноповесть,"Исаак Магитон, Юрий Чулюкин",СССР,1979,tt0334615,5.1
Весенние шелкопряды,драма,Чэн Бугао,Китайская республика,1933,tt0191889,6.4
Виолетта Нозьер,"драма, криминальный",Клод Шаброль,"Франция, Канада",1978,tt0078467,7.1
Вир – герой народа,"исторический фильм, боевик",Анил Шарма,Индия,2010,tt1185412,4.6
Виолета отправилась на небеса,биография,Андрес Вуд,"Чили, Аргентина, Бразилия",2011,tt2014392,7.1
"Винчестер. Дом, который построили призраки","мистика, триллер, ужасы",Братья Спириги,"Австралия, США",2018,tt1072748,5.5
Винчестер-73,вестерн,Энтони Манн,США,1950,tt0043137,7.6
Винтовая лестница,"Фильм нуар, Триллер",Роберт Сиодмак,США,1946,tt0038975,7.3
Винтаж,"драматический фильм, криминальный фильм",Джеффри Хейден,США,1957,tt0051167,5.6
Винтовка Спрингфилда,"вестерн, военный фильм",Андре де Тот,США,1952,tt0045184,6.6
Весенние хлопоты,комедия,"Ян Фрид, Максим Руф",СССР,1964,tt0332483,5.6
Виолет и Дейзи,"боевик, комедия, криминальный фильм",Джеффри С. Флетчер,США,2011,tt1634136,6.0
Винсент и Тео,"драма, биография",Роберт Олтмен,Германия,1990,tt0100873,6.9
"Вильям Фосс, похититель миллионов",детектив,Рудольф Майнерт,Германская империя,1916,,-
Виновный,фильм-триллер,Антуан Фукуа,США,2021,tt9421570,6.3
Виновный свидетель,Фильм нуар,Джозеф Лернер,США,1950,tt0042529,6.2
Вински и порошок-невидимка,"семейный фильм, детский фильм",Юха Вуолиоки,Финляндия,2021,tt4680594,5.5
Виноградник,"триллер, фильм ужасов","Джеймс Хонг, Уильям Райс","США, Канада",1989,tt0098600,4.7
"Виновность невиновного, или Когда лучше спать","драма, исторический",Марцин Зембиньский,"Франция, Польша",1992,tt0099639,8.2
Виновный,"драма, триллер",Густав Мёллер,Дания,2018,tt6742252,7.5
Вино любви,салонная мелодрама,Андрей Андреев,Российская империя,1918,,-
Вино из одуванчиков,драма,Игорь Апасян,"Украина, Россия",1997,tt0115412,7.2
Виновен по подозрению,"драма, триллер",Ирвин Уинклер,"США, Франция",1991,tt0101984,6.5
Вино,драма,Луи Ганье,США,1924,tt0015499,6.1
Виновный,Фильм нуар,Джон Рейнхардт,США,1947,tt0039439,6.2
Виноваты звёзды,мелодрама,Джош Бун,США,2014,tt2582846,7.6
Винни-Пух: Кровь и мёд 2,слэшер,Рис Фрейк-Уотерфилд,Великобритания,2024,tt23330554,4.7
Винни Мандела,"драма, биография, Саундтрек",Даррелла Рудта,"ЮАР, Канада",2011,tt1551641,6.1
Винни-Пух: Кровь и мёд,слэшер,Рис Фрейк-Уотерфилд,"Великобритания, [, ]",2023,tt19623240,2.9
Виннету. Часть 1,вестерн,Харальд Райнль,ФРГ,1963,tt0057687,6.8
Винил,"научно-фантастический фильм, экранизация романа",Энди Уорхол,США,1965,tt0059880,4.2
Вин-Чунь,"боевик, комедия, драма",Юнь Вопхин,Гонконг,1994,tt0111800,6.9
Вильсон,байопик,Генри Кинг,США,1944,tt0037465,6.3
Вильгельм Телль,боевик,Ник Хэмм,Великобритания,"5 сентября, 2024, 10 января, 2025, 14 марта, 2025",tt22478818,6.4
Вилли Вонка и шоколадная фабрика,"семейный фильм, фэнтези, музыкальный фильм",Мел Стюарт,Великобритания,1971,tt0067992,7.8
Вина,подростковая драма,Куинн Шепард,США,2017,tt4607722,5.8
Вилла,драма,Робер Гедигян,Франция,2017,tt7219324,6.5
Виктория: История любви,"драма, мелодрама",Торун Лиан,Норвегия,2013,tt2249179,5.5
Винни-Пух: Кровь и мёд 3,слэшер,Рис Фрейк-Уотерфилд,Великобритания,2026,tt31945129,Рейтинг не найден
Виктория,"мелодрама, экранизация",Дмитрий Долинин,СССР,1987,tt0334622,6.3
Виктория,драма,Себастьян Шиппер,Германия,2015,tt4226388,7.6
Виктор Астафьев. Весёлый солдат,документальный,Андрей Зайцев,Россия,2010,,-
Виктория и Абдул,драма,Стивен Фрирз,Кровавые дети,2017,tt5816682,6.8
Виктор Франкенштейн,"ужасы, драма, готика",Пол Макгиган,США,2015,tt1976009,6.0
Виктор/Виктория,"комедия, мелодрама, мюзикл",Блейк Эдвардс,США,"1982, 7 января, 1983",tt0084865,7.6
Виктор и Виктория,"музыкальная, комедия",Рейнгольд Шюнцель,Германия,1933,tt0024736,6.9
Виктор,"триллер, боевик",Филипп Мартинес,"Россия, Франция",2014,tt2940280,3.8
Винни-Пух,сказка,Василий Ровенский,Россия,2026,,-
Викки,Фильм нуар,Гарри Хорнер,США,1953,tt0046515,6.5
Викинги,"фантастика, боевик, приключения",Ховард Маккейн,"США, Германия, Канада",2008,tt0462465,6.2
Викинг,"исторический, драма, военный, приключенческий",Андрей Кравчук,Россия,2016,tt5157456,4.6
Вий,"Фантастика, Ужасы",Владислав Старевич,Российская империя,1916,,-
Викинги,исторический боевик,Ричард Флейшер,США,"1958, 11 июня, 1958, 28 июня, 1958",tt0052365,7.0
Вий,"Фантастика, Ужасы",Василий Гончаров,Российская империя,1909,,-
Вилби Великолепный,трагикомедия,Дэниэл Макайвор,Канада,2004,tt0383717,6.6
Вий,"тёмное фэнтези, приключения",Олег Степченко,Россия,2014,tt1224378,5.2
Вий,фильм ужасов,"Константин Ершов, Георгий Кропачёв",СССР,1967,tt0062453,7.2
Виктория,"мелодрама, экранизация",Ольгерт Дункерс,СССР,1988,tt0096383,6.4
Визуальная Библия: Евангелие от Матфея,"фильм-биография, семейный фильм, драма",Регхардт ван ден Берг,"ЮАР, Марокко, США",1993,tt0301359,7.9
Внутреннее пространство,"комедия, фантастика",Джо Данте,США,1987,tt0093260,6.8
Викторианская психопатка,"триллер, ужасы",Закари Уигон,США,2026,tt34374553,Рейтинг не найден
Внутреннее расследование,"драматический фильм, криминальный фильм",Майк Фиггис,США,"1990, 26 апреля, 1990",tt0099850,6.5
Влюблённые,"мелодрама, драма",Улу Гросбард,США,1984,tt0087233,6.5
Во имя короля 3,"приключенческий фильм, фэнтези, боевик",Уве Болл,"США, Болгария, Канада",2014,tt2379386,3.0
Во имя мести,"боевик, криминальный фильм, триллер",Майкл Обловитц,США,2003,tt0323531,3.4
Во всём всегда виноваты другие,драма,Ларс-Гуннар Лотц,Германия,2012,tt2069985,7.2
Во имя короля: История осады подземелья,"боевик, фэнтези, приключения",Уве Болл,Германия,2007,tt0460780,3.8
Во имя короля 2,"боевик, приключенческий фильм, драма",Уве Болл,"Германия, Канада",2011,tt1767319,3.1
Во имя Бога,социальная драма,Аббас-Мирза Шарифзаде,СССР,1925,tt0499440,6.2
Во всём виноват посыльный,комедия,Марк Херман,"Великобритания, США",1992,tt0103827,5.5
Во имя жизни,драма,"Александр Зархи, Иосиф Хейфиц",СССР,1946,tt0039085,6.4
Во имя,драма,Малгожата Шумовска,Польша,2013,tt2650642,6.6
Во всей красе,мелодрама,Стивен Содерберг,США,"2002, 3 июля, 2003",tt0290212,4.7
Во всё тяжкое,комедийная драма,Уэйн Робертс,США,2018,tt6865690,6.7
Во всём виноват енот,комедийная драма,Робин Свайкорд,США,2016,tt5195412,6.3
Во всём виноват Рио,комедия,Стэнли Донен,США,1984,tt0086973,5.8
Во власти тигра,"природный фильм ужасов, триллер",Карлос Брукс,США,2010,tt1244658,5.8
Вики Кристина Барселона,мелодрама,Вуди Аллен,"Испания, США",2008,tt0497465,7.1
Во власти стихии,"фильм-катастрофа, мелодрама, Романтический фильм",Балтазар Кормакур,США,2018,tt6306064,6.6
Во время грозы,триллер,Ориол Пауло,Испания,2018,tt6908274,7.4
Во власти греха,драма,Яков Протазанов,Российская империя,1916,,-
Во власти золота,драма,Иван Правов,СССР,1957,tt2094180,5.9
Во власти женщины,"драма, комедия",Петтер Несс,Норвегия,2007,tt0780621,6.6
Внутри страны,драма,Тарик Такийа,"Алжир, Франция",2008,tt1284577,7.0
Внутри Льюина Дэвиса,трагикомедия,"Джоэл Коэн, Итан Коэн, Джерри Ли Льюис: Проблемы в уме, Голый король",США,2013,tt2042568,7.4
Внутри моей памяти,"фантастика, психоделика, триллер",Роланд Сузо Рихтер,США,2003,tt0325596,6.0
Внутри башен-близнецов,документальный фильм,Ричард Дэйл,Великобритания,2006,tt0808138,7.7
Вишнёвые ночи,"драма, экранизация",Аркадий Микульский,Украина,1992,tt0334631,6.9
Внутри,триллер,Ди Джей Карузо,США,2011,tt2014254,7.7
Внутри,психологический триллер,Василис Кацупис,"Бельгия, Германия, Греция",2023,tt14781036,5.5
Внутри вихря,драма,Марлен Горрис,Германия,2009,tt1142804,6.7
Внутренняя империя,"драма, психологический триллер","Дэвид Линч, Абсурд, Леди Голубой Шанхай",Абсурд,"2006, 26 апреля, 2007, 6 декабря, 2006",tt0460829,6.8
Внутренняя грамматика,драма,Нир Бергман,Израиль,2010,tt1676680,7.1
Внутренний мир Дэйзи Кловер,драма,Роберт Маллиган,США,1965,tt0059314,6.1
Внутренние чувства,история с привидениями,Ло Чилёна,Гонконг,,tt0316023,6.2
Вино из одуванчиков,драма,Родион Нахапетов,СССР,1972,tt12098492,Рейтинг не найден
Внук космонавта,"комедия, мелодрама","Андрей Панин, Тамара Владимирцева",Россия,2007,tt1082885,6.2
Внутренняя безопасность,"драма, триллер",Кристиан Петцольд,Германия,2000,tt0248103,6.9
Во бору брусника,мелодрама,Евгений Васильев,СССР,1988,tt3003670,7.5
Внизу,фильм ужасов,Ларри Фессенден,США,2013,tt2325518,3.5
"Внимание, цунами!",приключенческий фильм,Георгий Юнгвальд-Хилькевич,СССР,1969,tt0065186,4.9
"Внимание, черепаха!",комедия,Ролан Быков,СССР,1970,tt0066533,7.2
Внимание! Всем постам…,детективный фильм,Игорь Вознесенский,СССР,1985,tt0090272,6.0
Внимание! В городе волшебник!,детский фильм,Владимир Бычков,СССР,1963,tt5214244,5.6
Внеземной,драма,Сергей Крутин,Украина,2007,tt2187177,6.2
Внеземное Эхо,"фантастика, приключения, семейный",Дэйв Грин,США,2014,tt2183034,5.7
"Внезапно, прошлым летом","психологическая драма, мистерия",Джозеф Манкевич,США,1959,tt0053318,7.5
Внезапный удар,боевик,Клинт Иствуд,США,1983,tt0086383,6.6
Внезапный страх,"Фильм нуар, Триллер",Дэвид Миллер,США,1952,tt0045205,7.5
Внезапный выброс,"фильм-катастрофа, драма",Борис Ивченко,СССР,1983,tt0253910,4.5
Внезапно беременна,комедия,Брайан Херцлингер,США,2009,tt1186788,4.2
Внезапная смерть,"боевик, драма, триллер",Питер Хайамс,США,1995,tt0114576,5.8
Внезапная опасность,Фильм нуар,Хьюберт Корнфилд,США,1955,tt0048672,6.2
Внебрачный сын,драма,Радж Хосла,Индия,1978,tt0151466,6.6
Вне себя,"фантастика, триллер",Тарсем Сингх,США,2015,tt2140379,6.5
Вниманию граждан и организаций,"детский фильм, драма",Артур Войтецкий,СССР,1965,tt3256294,5.4
Вне правил,"комедийная драма, мелодрама",Уоррен Битти,США,2016,tt1974420,5.7
Вне поля зрения,"боевик, комедия, криминальный фильм, мелодрама","Стивен Содерберг, Продажи Винса Д'Анжело, Игра в рейтинг, Ворчуны",8 секунд,1998,tt0120780,7.0
Вне подозрений,"драма, триллер",Стивен Шэхтер,США,1995,tt0109034,6.7
Вне подозрений,драма,Мэттью Табак,США,2000,tt0219519,6.2
Внезапное нападение,"боевик, детективный фильм",Эрнест Дикерсон,США,1998,tt0138289,5.9
Вне закона,"комедия, драма, криминал",Крис Робинсон,США,2006,tt0466856,6.2
Вне закона,"комедия, драма",Джим Джармуш,США,1986,tt0090967,7.6
Внезапное пробуждение,комедия,"Дэвид Гринуолт, Аарон Руссо",США,1989,tt0098230,4.8
Вне закона,боевик,Жак Дере,Франция,1983,tt0085900,6.4
Вне закона,вестерн,"Говард Хьюз, Говард Хоукс",США,1943,tt0036241,5.4
Вне досягаемости,Боевик,По-Чин Леонг,"США, Польша",2004,tt0377100,4.0
Вне времени,,Оливье Ассаяс,Франция,2024,tt31015247,5.4
Внезапная ярость,"криминальный фильм, драматический фильм",Крэйг Р. Бэксли,США,1993,tt0106864,6.4
Вне закона,драма,Рашид Бушареб,Франция,2010,tt1229381,6.6
Водопад,мелодрама,Юрий Борецкий,СССР,1974,,-
Вне подозрений,нуар,Майкл Кёртис,США,1947,tt0039941,7.2
Вне зоны доступа,драма,Анна Курбатова,Россия,2021,tt17348934,4.6
Вне времени,"криминальный фильм, триллер, драма",Карл Франклин,США,2003,tt0313443,6.5
Вместо меня,Мелодрама,Владимир Басов—младший,Россия,2000,tt0367208,6.3
Вне подозрений,"драма, триллер",Ричард Торп,США,1943,tt0035605,6.5
Вне закона,боевик,Джеймс Каллен Брессак,США,2019,tt11161374,3.6
Водолей,"слэшер, фильм ужасов, слэшер",Микеле Соави,Италия,1987,tt0092576,6.6
Возмездие,драма,Джонатан Теплицки,"Великобритания, Австралия",2013,tt2058107,7.1
Возможно,"научная фантастика, драма",Седрик Клапиш,Франция,1999,tt0189916,5.8
Вместе с отцами,драма,Лазарь Френкель,СССР,1932,,-
Возмездие,драма,Евгений Бауэр,Российская империя,1916,,-
Возмездие Макса Кибла,"семейный, комедия",Тим Хилл,США,2001,tt0273799,5.4
Возмещение ущерба,боевик,Эндрю Дэвис,США,2002,tt0233469,5.5
Возмездие,"триллер, детектив",Мартин Кэмпбелл,"США, Великобритания",2010,tt1226273,6.6
Возмездие,Военный,Александр Столпер,СССР,1967,tt0129562,7.2
Возлюбленный Евы,драма,Рой Дель Рут,США,1925,tt0015783,Рейтинг не найден
Возлюбленные,"фантастика, фэнтези, триллер, драма",Чарли Макдауэлл,США,2014,tt2756032,7.0
Водолей,драма,Клебер Мендонса-сын,"Бразилия, Франция",2016,tt5221584,7.4
Водоворот судьбы,мелодрама,Эсмаэль Шрофф,Индия,1996,tt0115019,5.1
Возлюбленные Марии,драма,Андрей Кончаловский,США,1984,tt0087682,6.5
Вне времени,"боевик, приключения, мелодрама, фантастика",Ролан Жоффе,"Бельгия, Индия, Австралия",2013,tt1321869,4.6
Возлюбленная с каменным сердцем,мелодрама,Шому Мукерджи,Индия,1994,tt0111067,4.2
Возлюбленные,"драма, музыкальный фильм",Кристоф Оноре,"Франция, Великобритания, Чехия",2011,tt1815799,6.1
Воздушный шар,"драма, исторический фильм, триллер, приключения",Михаэль Хербиг,Германия,2018,tt7125774,7.5
Воздушный поцелуй,драма,Майкл Уинтерботтом,Великобритания,1995,tt0112604,6.3
Возлюбленная вампира,фильм ужасов,Ренато Польселли,Италия,1960,tt0052555,5.6
Возлюбленная,мелодрама,Санджай Лила Бхансали,Индия,2007,tt0758053,5.2
Возмездие,Боевик,Арт Камачо,США,2002,tt0303387,4.5
Воздушный поцелуй,драма,Абай Карпыков,СССР,1991,tt0103226,5.6
Воздушный мост,"киноповесть, молодёжный",Давид Рондели,СССР,1974,tt0275867,6.4
Воздушный маршал,"детективный, триллер",Жауме Кольет-Серра,"Франция, США, Великобритания",2014,tt2024469,6.9
Воздушный змей,"драматический фильм, мелодрама",Ранда Чахал Сабаг,Ливан,2003,tt0377610,6.4
Воздушный извозчик,"кинокомедия, музыкальный фильм",Герберт Раппапорт,СССР,1943,tt0037353,6.8
Воздушный бой,"боевик, ужасы",Розанна Лян,США,"12 сентября, 2020, 17 марта, 2022",tt9691136,5.0
Воздушные пешеходы,мелодрама,Юрий Степчук,СССР,1979,tt9516312,Рейтинг не найден
Воздушное ограбление,комедийный боевик,Ф. Гэри Грей,США,2024,tt14371878,5.5
Воздушные приключения,комедия,Кен Эннакин,Великобритания,1965,tt0059797,7.0
Воздухоплаватель,"приключения, драма, фильм-биография","Анатолий Вехотко, Наталия Трощенко",СССР,1975,tt0073873,6.1
"Воздух, которым я дышу","криминал, драма",Джихо Ли,"США, Мексика",2007,tt0485851,6.7
Воздух свободы,драма,Луис Армандо Роче,Венесуэла,1996,tt0118572,6.5
Воздушная тюрьма,"боевик, триллер",Саймон Уэст,США,1997,tt0118880,6.9
Воздух,"драма, военный",Алексей Герман мл.,Россия,2023,tt26505281,5.3
Воздух Парижа,"драматический фильм, фильм о боксе",Марсель Карне,Франция,"24 сентября, 1954",tt0046690,6.8
Возвышение Екатерины Великой,"биография, драма","Поль Циннер, Александр Корда",Великобритания,1934,tt0024962,6.3
Возвращённая музыка,музыкальный фильм,Виталий Аксёнов,СССР,1964,tt0332496,6.5
Возвращение Элиота Несса,"криминальный фильм, драма",Джеймс Контнер,США,1991,tt0102781,6.0
Возвращение Ходжи Насреддина,Сказка,Рейн Либлик,СССР,1989,tt0310330,5.2
Возвращение Фантоцци,"комедия, лирики",Нери Паренти,Италия,1996,tt0116279,5.3
Возвращение троих пьяниц,комедия,Нагиса Осима,Япония,1968,tt0063169,6.4
Возвращение Суперфлая,"Хип-хоп, соул",Сиг Шор,США,1990,tt0100480,4.1
Возвращение сына,драма,Шарип Бейсембаев,СССР,1977,tt5447734,5.7
Возвращение с фронта,"военная, драма",Николай Гадомский,Россия,2022,,-
Возвращение семёрки,вестерн,Берт Кеннеди,США,1966,tt0060897,5.5
Возвращение Свистуна,Фильм нуар,Д. Росс Ледерман,США,1948,tt0040733,6.3
Возвращение человека-невидимки,"фильм ужасов, фантастический фильм",Джо Мэй,США,"1940, 12 января, 1940",tt0032635,6.5
Возвращение человека по имени Лошадь,вестерн,Ирвин Кершнер,США,1976,tt0075132,6.1
Возвращение с орбиты,"мелодрама, научная фантастика",Александр Сурин,СССР,1983,tt0230961,6.2
Возвращение Сюркуфа,"фильм о пиратах, приключенческий фильм","Серджо Баргонзелли, Рой Роуленд","Франция, Италия, Испания",1966,tt0061103,5.9
Возвращение реаниматора,фильм ужасов,Брайан Юзна,Испания,2003,tt0222812,5.7
«Возвращение резидента»,детективный фильм,Вениамин Дорман,СССР,1982,tt0240189,6.8
Возвращение титанов,"ужасы, боевик, фантастика",Мэри Ламберт,США,2011,tt1680138,3.0
Воздух,постапокалиптический фильм,Кристиан Кантамесса,США,2015,tt2091478,5.1
Возвращение попугая Кеши,комедия,Олег Асадулин,Россия,2024,tt31173946,4.0
Возвращение помидоров-убийц,"комедия, ужасы",Джон Де Белло,США,1988,tt0095989,5.3
Возвращение Супермена,супергеройский фильм,Брайан Сингер,США,2006,tt0348150,6.1
Возвращение покровителя песен,"драма, экранизация",Ильмурад Бекмиев,СССР,1984,tt0262885,Рейтинг не найден
Возвращение однорукого меченосца,"боевик, приключенческий фильм",Чжан Чэ,Гонконг,1969,tt0064265,7.2
Возвращение Одиссея,"исторический фильм, драматический фильм, экранизация книги",Уберто Пазолини,Великобритания,2024,tt19861162,6.2
Возвращение Одинокого волка,"Детективный фильм, Комедия",Рой Уильям Нил,США,1935,tt0026646,6.7
Возвращение Нечаева,триллер,Жак Дере,"Франция, Италия, Швейцария",1991,tt0102524,5.2
Возвращение скрипки,"боевик, детский фильм, драма, приключенческий фильм",Шамиль Махмудбеков,СССР,1972,tt2236020,5.9
Возвращение надоедливой букашки,комедия,Жерар Пирес,"Франция, Италия",1971,tt0150505,4.3
Возвращение Нейтана Беккера,драма,"Рашель Мильман-Кример, Шпис, Борис Васильевич",СССР,1932,tt0023662,6.5
Возвращение на остров Ним,"приключения, комедия",Брендан Маэр,,2013,tt2221648,4.9
Возвращение мушкетёров,"боевик, приключения, комедия",Ричард Лестер,"Испания, Панама, США, Великобритания",1989,tt0098194,5.9
Возвращение Максима,"исторический фильм, драма","Григорий Козинцев, Леонид Трауберг",СССР,1937,tt0029740,6.4
Возвращение мистера Рипли,"детективная, драма",Роджер Споттисвуд,Германия,2005,tt0219171,5.9
Возвращение Монте-Кристо,"приключенческий фильм, драматический фильм",Андре Юнебель,Франция,1968,tt0174227,5.4
Возвращение кунг-фу дракона,"боевик, приключенческий фильм",Ю Чиклим,Китайская Республика,1976,tt0075133,4.6
Возвращение нонконформиста,"биография, документальный",Андрей Проскуряков,Россия,2011,,-
Возвращение Розовой пантеры,комедия,Блейк Эдвардс,"США, Великобритания",1975,tt0072081,7.0
Возвращение с победой,военный фильм,Александр Иванов,СССР,1947,tt0202664,5.9
Возвращение Куки,"боевик, детский фильм, приключенческий фильм, семейный фильм",Ян Сверак,Чехия,2010,tt1630603,7.2
Волчья яма,"ужасы, слэшер",Грег Маклин,Австралия,2005,tt0416315,6.2
Волшебный кристалл,"боевик, приключения, комедия",Вон Чин,Гонконг,1986,tt0091532,6.2
Волшебный клинок,"боевик, драма",Чу Юань,Гонконг,1976,tt0075329,7.0
Возвращение на Родину,"драматический фильм, романтический фильм",Ашутош Говарикер,Индия,2004,tt0367110,8.2
Возвращение на Батаан,"военный фильм, драматический фильм",Эдвард Дмитрык,США,1945,tt0037522,6.6
"Возвращение мушкетёров, или Сокровища кардинала Мазарини",Историко-приключенческая музыкальная фантастическая трагикомедия,Георгий Юнгвальд-Хилькевич,Россия,2008,tt1370439,2.5
Волшебный бриллиант,мелодрама,Хармеш Малхотра,Индия,1986,tt0091601,6.4
"Волшебные покровители: Повзрослей, Тимми Тёрнер!","Семейный фильм, комедия, фэнтези",Стив Холланд,"США, Канада",2011,tt1696192,3.8
Волшебное таинственное путешествие,"кинокомедия, мюзикл","Бернард Ноулесс, The Beatles",Великобритания,,tt0061937,6.1
Волшебное приключение Эвы,"комедия, драма, семейный фильм",Патрик Демпси,США,1994,tt0109179,5.6
Волшебное Рождество,"семейный фильм, драма",Филлип Борсос,"Канада, США",1985,tt0089731,6.4
Волшебное пламя,"драма, мелодрама",Генри Кинг,США,1927,tt0018129,4.7
Волшебное одеяние,приключенческий фильм,Джозеф Фаррелл МакДональд,США,,tt0004286,5.2
Волшебное дерево,"семейный фильм, приключенческий фильм",Бен Гергор,Великобритания,,tt7734244,Рейтинг не найден
Волшебное зерно,сказка,"Валентин Кадочников, Фёдор Филиппов",СССР,1941,tt0334652,6.6
Волшебники!,комедийный фильм,Дэвид Мишо,США,,tt20255394,Рейтинг не найден
Волшебник Марса,"фантастика, сказка",Дэвид Л. Хьюитт,США,1965,tt0059920,3.4
Волшебник страны Оз,"приключения, драма, фэнтези, семейный, мюзикл, трагикомедия",Виктор Флеминг,США,1939,tt0032138,8.1
Волшебник Изумрудного города,сказка,Павел Арсенов,Россия,1994,tt0111641,5.0
Волшебный голос Джельсомино,,Тамара Лисициан,Джельсомино в Стране лжецов,,tt0403655,6.6
Волшебник,"комедия, драма",Михаил Морсков,Россия,2019,tt11559206,5.7
Волшебник Земноморья,"фэнтези, драма, приключенческий фильм",Роберт Либерман,Канада,,tt0407384,5.7
Волшебник,фэнтези,Жорж Мельес,Франция,1898,tt0214902,6.4
Волшебник,"драма, роуд-муви",Тодд Холланд,США,1989,tt0098663,6.1
Волшебная фея и радио-пьесы,фильм-сказка,"Отис Тёрнер, Фрэнсис Богс",США,1908,tt0000679,5.2
Волшебная флейта,музыкальный фильм,Ингмар Бергман,Швеция,1975,tt0073822,7.4
Волшебная таможенная будка,"комедия, фантастика","Чак Джонс, Эйб Левитов, Дэвид Монахан",США,1970,tt0064806,6.7
Волшебная сила,комедия,Наум Бирман,СССР,1970,tt0334650,7.4
Волшебная страна,драма,Марк Форстер,США,2004,tt0308644,7.7
Волшебная лампа Аладдина,"комедийная, сказка",Борис Рыцарев,СССР,1966,tt0167482,6.6
"Волшебная жизнь Жанны д’Арк, дочери Лотарингии","драматический фильм, немое кино",Marco de Gastyne,Франция,1929,tt0020165,7.4
Волшебник Изумрудного города. Дорога из жёлтого кирпича,фэнтези,Игорь Волошин,Россия,2025,tt24218194,6.2
Волчья яма,детектив,Болотбек Шамшиев,СССР,1983,tt0175307,6.6
Волшебная девочка,"драма, триллер",Карлос Вермут,"Испания, Франция",2014,tt3089326,7.2
Волчья яма 2,"ужасы, слэшер",Грег Маклин,Австралия,2013,tt2004432,6.2
Волчья стая,"военный, экранизация",Борис Степанов,СССР,1975,tt0140683,7.2
Волшебники из Вэйверли Плэйс в кино,"комедийная драма, фэнтези",Лев Л. Спиро,США,,tt1369845,6.2
Волчье эхо,"приключенческий, военный, боевик, вестерн",Александр Сцибор-Рыльский,Польша,1968,tt0063806,6.4
Волчья кровь,"Истерн, боевик, драма",Николай Стамбула,Россия,1995,tt0202073,6.7
Волчонок: Фильм,"сверхъестественный триллер, подростковая драма",Рассел Малкэхи,США,2023,tt15486810,5.5
Волчонок среди людей,"драма, детский",Талгат Теменов,СССР,1988,tt0306204,6.3
Волчица,"драма, экранизация",И. Поляков,СССР,1967,,-
Волчонок 2,"фэнтези, комедия",Кристофер Лейтч,США,1987,tt0094118,3.5
Волчок,драма,Василий Сигарев,Россия,2009,tt1446206,7.0
Волочаевские дни,Историко-революционный,"Сергей Дмитриевич Васильев, Георгий Николаевич Васильев",СССР,1937,tt0030949,6.7
Волчица,фильм ужасов,Марек Пестрак,Польша,1983,tt0086585,5.9
Волчья роща,фильм ужасов,Педро Олеа,Испания,1970,tt0064105,6.3
Волшебная ночь,сказка,Темур Палавандишвили,СССР,1983,tt0230960,7.0
Волосы,музыкальный фильм,Милош Форман,ФРГ,1979,tt0079261,7.5
Волшебная история Пиноккио,"фэнтези, драма, приключения",Альберто Сирони,"Великобритания, Италия",,tt1130992,5.4
Волонтёры,комедия,Николас Мейер,США,1985,tt0090274,5.5
Волчье лето,"драма, семейный, приключения",Педер Норлунд,Норвегия,2003,tt0356154,5.9
"Володя большой, Володя маленький",мелодрама,Вячеслав Криштофович,СССР,1985,tt0090273,6.3
Волны,драма,Трей Эдвард Шульц,США,2019,tt8652728,7.5
Волна преступности,"детектив, чёрная комедия, триллер","Сэм Рэйми, Джерри Ли Льюис: Проблемы в уме, Голый король",США,1985,tt0088967,5.5
Волнение сердца,романтическая комедия,Виджай Кумар Конда,Индия,2013,tt2846134,7.1
«Волкодав из рода Серых псов»,славянское фэнтези,Николай Лебедев,Россия,2006,tt0416316,5.6
Волна,фильм-катастрофа,Роар Утхауг,Норвегия,2015,tt3616916,6.6
Волки-оборотни,"фильм ужасов, боевик",Джеймс Айзек,Канада,2006,tt0461703,4.5
Волкодав,Боевик,Михаил Туманишвили,СССР,1991,tt0103225,6.1
Волки,"ужасы, боевик",Дэвид Хейтер,"Франция, Канада",2014,tt1403241,5.3
Волки,драматический фильм,Александр Колбышев,Белоруссия,2009,tt3085562,6.2
Волки,"драма, криминальный фильм",Сабир Назармухамедов,СССР,1988,tt4187688,Рейтинг не найден
Волки,ужасы,Майкл Уодли,США,1981,tt0083336,6.3
Волчонок,"романтическая, фэнтезийная комедия, история взросления, поп",Род Дэниэл,США,1985,tt0090142,6.1
Возвращение Лили,драма,Мэгги Гриволд,США,2003,tt0358203,5.4
Волк-полицейский,"Комедия ужасов, супергеройский фильм",Лоуэлл Дин,Канада,2014,tt2781516,5.6
Волк 359,фантастика,Ласло Бенедек,США,,tt0667852,6.6
Волк с Уолл-стрит,"эпическая, биографическая, криминальная, чёрная комедия",Мартин Скорсезе,"США, США",2013,tt0993846,8.2
Волна преступности,"Фильм нуар, Драма, Триллер",Андре Де Тот,США,"1954, 12 января, 1954, 6 марта, 1954, 12 марта, 1954, 28 мая, 1954",tt0046878,7.3
Волк на пороге,"драма, биографический фильм",Хеннинг Карлсен,"Дания, Франция",1986,tt0091712,5.9
Волк,драматический фильм,Натали Бьянчери,"Польша, Ирландия, Великобритания",2021,tt10698174,5.1
Волки охотятся ночью,детектив / мелодрама,Бернар Бордери,"Франция, Италия",1952,tt0043956,6.3
Волк,"драма, приключения",Николя Ванье,Франция,2009,tt1535103,6.4
Волк,драма,Даниель Альфредсон,"Швеция, Норвегия, Финляндия",2008,tt0937378,6.1
Вот придёт кот,сатирическая комедия,Войтех Ясны,Чехословакия,1963,tt0056844,7.2
Вопль,Драма,"Роб Эпштейн, Фридман, Джеффри (кинорежиссёр)",США,2010,tt1049402,6.6
Вот моя деревня…,"киноповесть, драма",Виктор Трегубович,СССР,1985,tt0090278,6.4
Волхв,"драма, детектив, мистика",Гай Грин,Великобритания,1968,tt0063260,5.5
Волк одиночка,слэшер,Джефф Уодлоу,США,2005,tt0384286,5.8
Вот конь бледный,"драматический фильм, военный фильм",Фред Циннеманн,США,"1964, 14 октября, 1964",tt0057879,6.7
Вот моя деревня,киноповесть,Борис Дуров,СССР,1972,tt0069474,6.5
"Вот и мы, жизнь!",драма,Тапио Суоминен,Финляндия,1980,tt0081672,6.8
Восьмой шар,"драма, криминал",Аку Лоухимиес,Финляндия,2013,tt2378177,6.3
Вот моё сердце,драматический фильм,Джошуа Леонард,США,2018,tt5258128,5.4
Восьмой класс,"комедийная драма, история взросления",Бо Бёрнэм,США,2018,tt7014006,7.3
Волки,драматический фильм,Хидэо Гося,Япония,1971,tt0069266,7.2
Вот вернётся папа...,"детский фильм, драма",Халмамед Какабаев,СССР,1981,tt26935041,Рейтинг не найден
Вот и лето прошло…,детский фильм,Александр Игишев,СССР,1972,tt1718952,5.8
Восьмая жена Синей Бороды,романтическая комедия,Эрнст Любич,США,1938,tt0029929,7.2
Восьмое чудо света,комедия,Самсон Самсонов,СССР,1981,tt0083304,4.8
Восьмёрка,драма,Алексей Учитель,Россия,2013,tt2962872,5.1
8 миля,"драма, байопик, музыкальный фильм",Кёртис Хэнсон,США,2002,tt0298203,7.2
Восьмёрка выбывает из игры,драма,Джон Сейлз,США,1988,tt0095082,7.2
Восхождение Юпитер,"боевик, фантастика, приключения",Лана и Лилли Вачовски,"США, Австралия",2015,tt1617661,5.3
Восхождение тёмного ангела,"фильм ужасов, мелодрама",Линда Хассани,"США, Румыния",1994,tt0109542,5.8
Восходящее солнце,"боевик, криминальный фильм, драма",Филип Кауфман,США,1993,tt0107969,6.3
Восхождение,"Приключения, Драма",Джон Шмидт,США,2002,tt0283999,5.8
Восхождение Борджиа,историческая драма,Кристофер Шру,,2006,tt0452011,6.5
Восхождение,"драма, военный фильм",Лариса Шепитько,СССР,1976,tt0075404,8.2
Восход солнца в Кампобелло,"исторический фильм, драма",Винсент Донехью,США,1960,tt0054354,6.8
Восход Скорпиона,авангард,Кеннет Энгер,США,1963,tt0058555,6.8
Восход над Гангом,,Латиф Файзиев,"СССР, Индия",1975,tt0170778,6.2
Восход тьмы,"приключения, драма, фэнтези",Дэвид Л. Каннингэм,США,2007,tt0484562,4.8
Восход полной луны,"комедийный, фильм ужасов",Ларри Коэн,США,1981,tt0082425,4.8
Восхитительная ложь,мелодрама,Ханс Шварц,Германия,1929,tt0020608,7.2
Восход Люцифера,"авангард, фэнтези",Кеннет Энгер,"США, Великобритания, ФРГ",1980,tt0066019,7.1
Восточный роман,"драма, мелодрама",Виктор Титов,Россия,1992,tt0105771,3.8
Восход луны,нуар,Фрэнк Борзейги,США,1948,tt0040607,7.0
Восточный коридор,"притча, военный фильм",Валентин Виноградов,СССР,1966,tt0348327,7.0
Восточный ветер 2,"приключения, семейный, драма",Кати фон Гарнье,Германия,2015,tt3849938,6.3
Восточный ветер,"приключения, семейный, драма",Кати фон Гарнье,,2013,tt2356464,6.7
Восторг идиота,"музыкальный фильм, комедийная драма",Кларенс Браун,США,1939,tt0031473,6.5
«Восхождение пехотинца»,"криминальная, драма, фильм-биография, боевик",Джулиан Гилби,Великобритания,2007,tt0901507,6.8
Восточные кондоры,"боевик, военная драма",Саммо Хун,Гонконг,1987,tt0090956,7.1
Восток-Запад,"драма, исторический фильм, мелодрама",Режис Варнье,"Франция, Россия, Украина, Болгария, Испания, Португалия, Бразилия",1999,tt0181530,7.4
Восход солнца,драма,Фридрих Вильгельм Мурнау,США,1927,tt0018455,8.1
Восстание христиан,"драма, исторический",Нагиса Осима,Япония,1962,tt0055743,6.7
Восстание рыбаков,драматический фильм,"Эрвин Пискатор, Михаил Иванович До́ллер",Советский Союз,1934,tt0025953,6.5
Восстание планеты обезьян,"фантастика, боевик, приключения, драма",Руперт Уайатт,США,2011,tt1318514,7.6
Восход «Чёрной луны»,"боевик, фантастика, триллер",Харли Коклисс,США,1986,tt0090735,5.5
Восстание мумии,фильм ужасов,Фрэнк Аграма,"США, Египет",1981,tt0082237,3.8
Восстание машин,киберпанк,Кристофер Хаттон,США,2011,tt1754438,3.1
Бунт в Каутокейно,драма,Нильс Гауп,"Дания, Норвегия, Швеция",2008,tt0479937,6.8
Восстание душ: Бунт мертвецов,ужасы,Дерек Ван,США,2005,tt0427848,4.0
Восстание бездельников,документальный,Майкл Мур,США,2007,tt0850669,5.3
Восток есть Восток,"комедия, драма",Дэмьен О’Доннелл,Великобритания,1999,tt0166175,6.9
Восставший из ада 10: Приговор,фильм ужасов,Гэри Дж. Танниклифф,США,2018,tt5476182,4.3
Восставший из ада 9: Откровение,фильм ужасов,Виктор Гарсия,США,2011,tt1716747,2.7
Восставший из ада 7: Армия мертвецов,фильм ужасов,Рик Бота,США,2005,tt0337636,4.4
Восточный ветер 3,"приключенческий фильм, семейный фильм, комедийный фильм",Катя фон Гарнье,Германия,"27 июля, 2017",tt5311972,6.0
Восставший из ада 5: Инферно,фильм ужасов,Скотт Дерриксон,США,2000,tt0229440,5.4
Восставший из ада 4: Кровное родство,"научно-фантастический, исторический, фильм ужасов",Кевин Ягер,США,1996,tt0116514,5.1
Восставший из ада 2,фильм ужасов,Тони Рэндл,"Великобритания, США",1988,tt0095294,6.4
Восставший из ада 3: Ад на Земле,фильм ужасов,Энтони Хикокс,США,1992,tt0104409,5.5
Волки,фильм-драма,Канэто Синдо,Япония,1955,tt0048443,7.3
Восставший из ада,фильм ужасов о сверхъестественном,Дэвид Брукнер,США,2022,tt0887261,5.9
Восставший из ада,"фильм ужасов, триллер, фантастика",Клайв Баркер,Великобритания,1987,tt0093177,6.9
Восстание зловещих мертвецов,фильм ужасов о сверхъестественном,Ли Кронин,США,"15 марта, 2023, 19 апреля, 2023, 20 апреля, 2023, 21 апреля, 2023, 27 апреля, 2023",tt13345606,6.5
Восставший Дракула,"фильм ужасов, мелодрама",Фрэд Галло,США,1993,tt0106767,3.2
Восставший,"исторический фильм, драматический фильм, пеплум, костюмированная драма, фильм-тайна",Кевин Рейнольдс,США,"17 марта, 2016, 2016",tt3231054,6.3
Восставший из ада 6: Поиски ада,фильм ужасов,Рик Бота,США,2002,tt0274546,4.8
Воссоединение семейки Аддамс,"чёрная комедия, семейный фильм, фэнтези",Дэйв Пэйн,США,1998,tt0146402,3.9
Восставшие мертвецы,фильм ужасов,Зэк Липовски,США,2015,tt3816458,5.2
Воссоединение семьи Мэдеи,"комедия, драма, мелодрама","Тайлер Перри, Поездка Джо в колледж",США,2006,tt0455612,5.3
Воссоединение в Вене,"драматический фильм, романтический фильм, комедийный фильм",Сидни Франклин,США,1933,tt0024496,6.0
Время и семья Конвей,драма,Владимир Басов,СССР,1984,tt0088365,7.3
Восставший из ада 8: Адский мир,фильм ужасов,Рик Бота,США,2005,tt0354623,4.2
Время жить,"романтический фильм, драматический фильм",,Великобритания,"2024, 26 декабря, 2024, 18 октября, 2024, 1 января, 2025, 2025, 9 января, 2025",tt27131358,7.0
"Всё в порядке, мама!",криминальная драма,Фёдор Попов,Россия,2010,tt1807064,7.0
Все в семье,комедия,Чжу Му,Гонконг,1975,tt0080897,5.2
Все люди лгут,"триллер, драма",Брайан Брайтил,США,2013,tt1865545,4.2
Всё кувырком,Кинокомедия,Хелла Йооф,"Дания, Германия",2001,tt0273719,6.0
Все леди делают это,"эротика, мелодрама",Тинто Брасс,Италия,1992,tt0104014,5.2
Все любят китов,"драма, семейный",Кен Куопис,США,2012,tt1430615,6.5
Все любят Жанну,"драматический фильм, комедийный фильм",Селин Дево,Франция,"21 мая, 2022, 7 сентября, 2022",tt14913250,6.4
Всё как надо,"комедия, драма",Рэндл Клайзер,Великобритания,1989,tt0097424,6.4
Всё исправить,"комедия, мелодрама, музыкальный фильм",Антон Калинкин,Россия,2016,,-
Восставшие из мёртвых,"фильм ужасов, комедия",Братья Спириги,Австралия,2003,tt0339840,5.3
Все кошки серы,драматический фильм,Савина Делликур,Бельгия,"2015, 31 марта, 2016",tt3965866,6.8
Всё к лучшему,"комедия, мелодрама",Крис Д’Ариенцо,США,2010,tt0482461,5.8
Всё из-за этой шальной Паулины,эксцентрическая комедия,Вия Бейнерте (Рамане),СССР,1979,,-
Всё или ничего,"комедия, боевик, приключения",Дмитрий Суворов,Россия,2018,tt10131904,5.4
Всё к лучшему,короткометражный фильм,Вагиф Мустафаев,Азербайджан,1997,tt0162152,8.1
Всё или ничего,"комедия, спорт",Питер Сигал,США,2005,tt0398165,6.4
Всё из-за Пита Тонга,"драма, Псевдодокументальный фильм",Майкл Даус,"Великобритания, Канада",2004,tt0388139,7.2
Всё из-за молока,комедия,Фрэнк Пауэлл,США,1910,tt0001107,6.1
Всё в жизни бывает,"Мелодрама, Комедия","Каран Джохар, Говорит и показывает Бомбей",Индия,1998,tt0172684,7.5
Всё золото мира,кинокомедия,Рене Клер,"Франция, Италия",1961,tt0055538,6.1
Всё закончится здесь,криминальная драма,Райко Грлич,Болгария,2024,tt30012572,6.7
Всё закончитcя на нас,романтика,Джастин Бальдони,США,2024,tt10655524,6.4
Все захваты разрешены,боевик,Томас Райт,США,1989,tt0097987,4.4
Всё ещё Элис,драма,"Ричард Глатцер, Уош Уэстморленд",США,2014,tt3316960,7.5
Все деньги с кошельком,драма,Виталий Дудин,СССР,1981,,-
Всё ещё мертвы,"ужасы, триллер",Филип Адриан Бут,США,,tt2882854,3.4
Все копы — ублюдки,драма,Стефано Соллима,Италия,2012,tt1893195,6.6
Всё или ничего,драма,Майк Ли,"Великобритания, Франция",2002,tt0286261,7.5
Всё для вас,"комедия, мюзикл","Мария Барабанова, Владимир Сухобоков",СССР,1964,tt0184994,6.6
Все деньги мира,"триллер, криминал",Ридли Скотт,США,2017,tt5294550,6.8
Всё дело в брате,детский фильм,Валентин Горлов,СССР,1976,tt0337441,6.2
Всё дело в воде,Романтическая комедия,Келли Хёрд,США,1997,tt0116661,6.1
Всё впереди,драма,Николай Бурляев,"СССР, Франция",1990,tt5253406,6.8
"Все говорят, что я люблю тебя","комедия, мелодрама, мюзикл",Вуди Аллен,США,1996,tt0116242,6.7
"Все возможно, детка","комедия, мелодрама",Бен Элтон,Великобритания,2000,tt0206926,5.6
Всё в хорошем вкусе,комедия,Энтони Крамрейтер,Канада,1983,tt0128037,2.8
Всё включено 2,Комедия,Эдуард Радзюкевич,Россия,2013,tt3194426,2.9
Всё включено: Каникулы в Греции,"комедия, семейный",Ханнес Холм,Швеция,2012,tt2192888,4.3
Все верные ходы,"драма, мелодрама, спортивный фильм",Майкл Чапман,США,1983,tt0085154,6.0
Всё будет хорошо!,"мелодрама, комедия",Дмитрий Астрахан,Россия,1995,tt0202667,6.8
Всё будет хорошо,фантастика,Ритхи Пань,Франция,2022,tt15386518,5.5
Всадники революции,Приключенческий фильм,Камиль Ярматов,СССР,1969,,-
Всё будет хорошо,Комедия,Ангелина Маккароне,Германия,1998,tt0156523,6.7
Всё везде и сразу,"фантастический, комедийный боевик",Дэниел Шайнерт и Дэн Кван,США,2022,tt6710474,7.8
Всё будет снова хорошо,"драма, триллер",Кристоффер Боэ,"Дания, Франция, Швеция",2010,tt1403846,6.1
Всадники Германской Восточной Африки,приключенческий фильм,Герберт Зельпин,,1934,tt0024494,5.6
Все без ума от Мэри,романтическая комедия,Питер и Бобби Фаррелли,США,1998,tt0129387,7.1
Всадники,военный фильм,Вадим Костроменко,СССР,1972,tt3683846,6.9
Восстание зомби,"боевик, фильм ужасов",Ник Лайон,США,2012,tt2236182,3.6
Всадники,"военный, экранизация, историко-революционный",Игорь Савченко,СССР,1939,tt0032103,5.9
Всадники,"триллер, ужасы, драма, детектив",Юнас Окерлунд,США,"2008, 6 марта, 2009, 2009",tt0892767,5.5
Все в выигрыше,"драма, детектив",Карел Рейш,"США, Великобритания",1990,tt0099520,5.1
Всадник с молнией в руке,"приключения, драма, биография, история",Хасан Хажкасимов,СССР,1975,tt11264450,6.4
Всадник над городом,"Экранизация, Детский",Игорь Шатров,СССР,,tt0291549,6.2
Всадник без головы,"вестерн, детектив",Владимир Вайншток,"СССР, Куба",1973,tt0202080,6.5
Всадник по имени Смерть,"Историческая, драма",Карен Шахназаров,Россия,2004,tt0412042,6.3
Всадник на белом коне,"военный, детский",Энвер Аблуч,Азербайджан,1995,tt4265750,6.9
Врождённый порок,"комедийная драма, неонуар, детектив",Пол Томас Андерсон,США,2014,tt1791528,6.6
Всё взаимно,мелодрама,Шерон Поллак,США,1996,tt0116245,5.5
Всгорю в огне очищения,драма,"Гюльбениз Азимзаде, Хафиз Фатуллаев","СССР, Азербайджанская ССР",1991,tt3127324,Рейтинг не найден
Время-не-ждёт,приключенческий фильм,Виталий Четвериков,СССР,,tt4842444,6.4
Время цыган,драма,Эмир Кустурица,Великобритания,1988,tt0097223,8.1
Время умирать,"криминальная, драма",Мэтт Цимбер,США,1982,tt0086442,4.3
Время умирать,,Андре Фарважи,,,tt0138126,5.7
Время убивать,"военная, драма",Джулиано Монтальдо,"Италия, Франция",1989,tt0100762,5.0
Время убивать,триллер,Джоэл Шумахер,США,1996,tt0117913,7.5
Врубай на полную катушку,"комедия, драма",Аллан Мойл,"Канада, США",1990,tt0100436,7.2
Всадник тьмы,"вестерн, мистический фильм",Джеймс Коттен,США,2007,tt0811091,3.3
Всадник без головы,"комедия, ужасы",Эдвард Вентурини,США,1922,tt0013223,5.0
"Второе счастье, или Кино за 40 часов",Комедия,Катя Райская,Россия,2016,,-
Время убивать,Фильм нуар,Герберт И. Лидс,США,1942,tt0035443,6.4
Время сумасшедших влюбленных,"драматический фильм, романтический фильм",Рамеш Сиппи,Индия,1995,tt0115042,4.7
Второе дыхание,"военный фильм, криминальный фильм",Михаил Туманишвили,Россия,2008,,-
Время танцора,драма,Вадим Абдрашитов,Россия,1997,tt0129563,7.0
Время собирать камни,"Военный фильм, драма, Мосфильм, Первый канал",Алексей Карелин,Россия,2005,tt0466265,6.7
Всадник на золотом коне,"музыкальный фильм, сказка",Василий Журавлёв,СССР,1980,tt1475178,5.1
Второе дыхание,мелодрама,Бибан Кидрон,США,1992,tt0105706,6.1
Второе солнце,драма,Ринат Ташимов,Россия,2021,tt15423326,6.6
Второе дыхание,"драма, триллер, детектив",Ален Корно,Франция,2007,tt0795370,5.7
"Время, вперёд!",драма,"Михаил Швейцер, София Милькина",СССР,1965,tt0059888,7.1
Вторжение: Битва за рай,"приключения, боевик, драма",Стюарт Битти,"Австралия, США",,tt1456941,6.1
Второе дыхание,"драма, триллер, детектив",Жан-Пьер Мельвиль,Франция,1966,tt0060305,7.9
Вторжение похитителей тел,"ужасы, фантастика",Филип Кауфман,США,1978,tt0077745,7.4
Вторжение пришельцев: S.U.M.1,"Ужасы, фантастика, триллер",Кристиан Паскуариелло,Германия,,tt4279116,4.3
Время убивать,триллер,Рик Кинг,США,1987,tt0093347,5.3
Вторжение обитателей летающих тарелок,"комедийный, научно-фантастический, фильм ужасов",Эдвард Кан,США,1957,tt0050545,5.3
Вторжение динозавров,"научно-популярный фильм, детский фильм",Джонатан Эйр,США,1988,,-
Вторжение на Землю,"фантастический фильм, боевик",Шон Каннингем,"США, Канада",2002,tt0322008,5.0
Вторжение похитителей тел,"научная фантастика, триллер",Дон Сигел,США,1956,tt0049366,7.7
Время счастливых находок,семейный,Генрих Габай,СССР,1969,tt0337433,7.2
Вторжение извне,"фантастика, триллер, боевик",Доминик Бёрнс,Великобритания,2012,tt2040578,3.0
«Вторжение далеков на Землю»,,Гордон Флеминг,,,tt0060278,5.9
Вторжение динозавра,"ужасы, фантастика, драма",Пон Чжун Хо,Республика Корея,2006,tt0468492,7.1
Вторжение в США,боевик,Джозеф Зито,США,1985,tt0089348,5.4
Вторжение,"научная фантастика, триллер","Оливер Хиршбигель, Джеймс Мактиг",Австралия,"18 октября, 2007, 2007",tt0427392,5.9
Вторжение,"фантастика, драма, боевик, триллер",,Россия,2019,tt8060328,5.6
«Вторжение»,мелодрама,Виллен Новак,СССР,1980,tt0081731,6.5
Вторжение,драма,Уго Сантьяго,Аргентина,1969,tt0064490,7.2
Вторая тень,"драма, фильм-биография, исторический фильм",Сильвано Агости,Италия,2000,tt0266948,6.8
Вторая молодость,"романтический фильм, драматический фильм",Михал Вашиньский,Польша,1938,tt0031251,5.4
Вторая истина,"детектив, драма",Кристиан-Жак,"Франция, Италия",1966,tt0060954,6.0
Вторая Жикина династия,комедийный фильм,Зоран Чалич,Сербия,1986,tt0180659,7.5
Вторая кожа,драма,Херардо Вера,Испания,2000,tt0232611,6.3
Вторая жизнь Уве,"драма, комедия",Ханнес Хольм,Швеция,2015,tt4080728,7.7
Вторая жена,драма,Марта Месарош,Венгрия,1980,tt0081821,6.7
Вторая весна,Кинороман,Владимир Венгеров,СССР,1979,tt0080111,5.9
Вторая жена,"драма, экранизация",Михаил Доронин,СССР,1927,tt11568492,6.3
Вторая жена,драматический фильм,Расселл Мак,США,1930,tt0021353,5.0
Втихаря,комедийный фильм,Ришикеш Мукерджи,Индия,1975,tt0072783,8.3
Вся семья работает,драма,Микио Нарусэ,Япония,1939,tt0031407,6.5
Вся правда о Колумбе,"драма, экранизация",Витаутас Жалакявичус,СССР,1970,tt4282664,6.4
Вся президентская рать,"триллер, исторический фильм",Алан Пакула,США,,tt0074119,7.9
Вся красота и кровопролитие,"документальный фильм, биографический фильм",Лора Пойтрас,США,"3 сентября, 2022, 15 марта, 2023, 25 мая, 2023, Артисты под куполом цирка: беспомощны, Да здравствует любовь, Сицилийцы, Свадьба в сезон дождей",tt21374850,7.5
Вся правда о любви,"мелодрама, комедия",Джон Хэй,Великобритания,2004,tt0407269,5.3
Взлом и проникновение,"триллер, мелодрама, драма",Энтони Мингелла,Великобритания,2006,tt0443456,6.5
Вторая попытка Виктора Крохина,мелодрама,Игорь Шешуков,СССР,1977,tt0076900,7.0
Вся королевская рать,"триллер, драма",Стивен Заиллян,"США, Германия",2006,tt0405676,6.1
Вся королевская рать,политическая драма,Роберт Россен,США,1949,tt0041113,7.4
Вся жизнь перед её глазами,"драма, триллер",Вадим Перельман,США,2007,tt0815178,6.2
Вся жизнь впереди,драматический фильм,Эдоардо Понти,Италия,"13 ноября, 2020",tt10627584,6.8
Вся эта дребедень,триллер,Алан Пакула,США,1981,tt0083006,5.4
Вступление,Драма,Игорь Таланкин,СССР,1963,tt0175312,7.6
Вся жизнь,драма,Лейла Горделадзе,СССР,1978,tt0281641,6.8
Всю ночь напролёт,комедия,Жан-Клод Трамонт,США,1981,tt0082001,5.5
Вся банда в сборе,мюзикл,Басби Беркли,США,1943,tt0035916,6.6
Вся правда о Губке Бобе,документальный,Патрик Кредон,США,2009,tt1489931,7.6
Встречное расследование,"драма, триллер",Франк Манкузо,Франция,2007,tt0825239,6.7
Вся королевская рать,драма,"Александр Гуткович, Наум Ардашников",СССР,,tt0252798,7.3
Встречи с привидениями,"боевик, комедия, фэнтези","Само Хун Кампоу, Чун Фат, Питер Чань, Хуан Ха, Лам Чинъин, Тхай Поу, Хо Паккуон, Фун Кинмань, Уэллсон Чинь, Кон Тоухой, У Ма, Лён Сютмэй, Ассоциация каскадёров Саммо Хуна, Лам Чинъин, Хуан Ин, Фрэнки Чань",Гонконг,1980,tt0080827,7.0
Встречи с Игорем Ильинским,кинообозрение,Илья Гурин,СССР,1965,tt0337439,Рейтинг не найден
Встречи после полуночи,"эротический фильм, драматический фильм, музыка к фильму",Ян Гонсалес,"Франция, Франция",2013,tt2811878,5.6
Встречи на краю света,Документальное кино,Вернер Херцог,США,2007,tt1093824,7.7
Вся жизнь впереди,драма,Моше Мизрахи,Франция,1977,tt0076348,7.1
Встречи на рассвете,мелодрама,"Эдуард Гаврилов, Валерий Кремнёв",СССР,1969,tt0335540,6.9
Встречи и расставания,социальная драма,Эльёр Ишмухамедов,СССР,1973,tt0175901,4.0
Вступительный акт,комедийный фильм,Стив Бирн,США,2020,tt8633748,6.0
Встреча со шпионом,шпионский детектив,Ян Баторы,Польша,1964,tt0058608,6.4
Встреча со страхом,"триллер, фильм ужасов",Алан Смити,США,1985,tt0092575,3.1
Встречный,драма,"Фридрих Эрмлер, Сергей Юткевич",СССР,1932,tt0023663,6.7
Встреча со счастьем,мелодрама,Эззель Дин Зульфикар,Египет,1954,tt0342748,6.8
Встреча с прошлым,драма,Семён Долидзе,СССР,1966,tt0274836,6.7
Вступая в контакт,фантастика,Роланд Эммерих,ФРГ,1985,tt0089378,4.7
Выйти из леса на поляну,мелодрама,Ермек Шинарбаев,СССР,1987,tt0202668,Рейтинг не найден
Всюду есть небо,,Николай Мащенко,СССР,1966,tt0348330,6.1
Выстрел в тумане,приключенческий фильм,"Анатолий Бобровский, Александр Серый",СССР,1963,tt0314861,6.6
Выстрел в темноте,"детективная, комедия",Блейк Эдвардс,"США, Великобритания",1964,tt0058586,7.3
Встреча у старой мечети,"боевик, приключенческий фильм, истерн",Сухбат Хамидов,"СССР, Таджикская ССР",1969,tt0309052,5.8
Вычислитель,"фантастика, драма",Дмитрий Грачёв,"Россия, Исландия",2014,tt3105350,4.5
Выходные в Калифорнии,"комедия, музыкальный фильм",Норман Таурог,США,1966,tt0061015,5.8
Выходи за меня замуж,комедия,Дэвид Дхаван,Индия,2004,tt0418362,6.7
Выхода нет,боевик,Джон Эрик Даудл,США,2015,tt1781922,6.7
Встречайте Дидлов,комедия,Стив Бойум,США,1998,tt0120645,4.1
Встреча с угрозой,"криминальный фильм, триллер",Нилл Фернли,Канада,2009,tt1343371,4.9
Выхода нет,"Фильм нуар, Социальная драма",Джозеф Манкевич,США,"1950, 16 августа, 1950",tt0042792,7.4
Выход тигра,комедия,Артур Хиллер,США,1967,tt0062369,5.8
Выход толстого дракона,"боевик, комедия",Саммо Хун,Гонконг,1978,tt0077538,6.6
Выход через сувенирную лавку,"комедия, документальный",Бэнкси,"США, Великобритания",2010,tt1587707,7.9
Выход рабочих с фабрики,Документальный,Луи Люмьер,Франция,1895,tt0000010,6.8
Выкорми ворона,драма,Карлос Саура,Испания,1976,tt0074360,7.9
Выстрел в спину,"детективный фильм, экранизация",Владимир Чеботарёв,СССР,1979,tt0193615,5.0
Выход дьявола,Ужасы,Теренс Фишер,Распутин: Сумасшедший монах,1968,tt0062885,6.9
Выход дракона,"фильм о боевых искусствах, Джаз",Роберт Клауз,"Гонконг, США, США",1973,tt0070034,7.6
Выход в красное,драма,Юрек Богаевич,США,1996,tt0116257,4.2
Выход,Драма,Михаил Учителев,,2015,tt2182400,Рейтинг не найден
Выход,документальный фильм,Максим и Евгения Арбугаевы,Россия,2022,tt17162620,7.2
Высший свет,немое кино,Фред С. Ньюмейер,США,1921,tt0011922,6.6
Высший суд,документальный,Герц Франк,СССР,1987,tt0240356,8.1
Высший пилотаж (Небесная высь),"фантастика, комедия, семейный фильм",Майк Митчел,США,,tt0405325,6.3
Высший класс,"драма, криминальный фильм",Михаил Мельниченко,СССР,1991,tt0337449,5.2
Высший пилотаж,"драма, комедия",Йонас Акерлунд,США,2002,tt0283003,6.7
Высшее общество,музыкальная комедия,Чарльз Уолтерс,США,1956,tt0049314,6.9
Высший балл,"комедия, криминальный фильм",Брайан Роббинс,"США, Германия",2004,tt0314498,5.7
Высшие духи (Бодрость духов),комедия,Нил Джордан,США,1988,tt0095304,5.8
Высшее образование,драма,Джон Синглтон,США,1995,tt0113305,6.5
Высшее общество,"научно-фантастический фильм, фильм ужасов, драматический фильм, артхаусный научно-фантастический фильм",Клер Дени,Франция,2018,tt4827558,5.7
Высшее командование,драма,Торольд Дикинсон,Великобритания,1937,tt0027741,6.0
Высшая школа,драма,Роберт Сэлис,Франция,2004,tt0340137,5.7
Высшая черта,фантастика,Нелло Россати,Италия,1988,tt0096287,4.7
Высшая неверность,комедийный фильм,"Марио Моничелли, Элио Петри, Франко Росси, Лучано Сальче",Франция,1964,tt0057837,6.5
Высшая сила,"боевик, Музыка к фильму, джаз, фанк",Тед Пост,США,"1973, 14 марта, 1974, 25 декабря, 1973",tt0070355,7.2
Высшая мера,драма,Джеймс П. Хоган,США,1925,tt0015669,5.6
Высшая лига 2,комедия,Дэвид Уорд,США,1994,tt0110442,5.6
Выстрел на поражение,"криминальный фильм, драма",Бен Тейлор,США,1998,tt0129157,5.7
Выстрел на границе,детектив,Дмитрий Кесаянц,СССР,1970,tt6190056,6.3
Выстрел в упор,триллер,Джон Бурмен,США,1967,tt0062138,7.3
Выстрел в лесу,детектив,Рихард Пикс,СССР,1983,tt7784926,5.1
Выстрел на перевале Караш,"истерн, драма, экранизация",Болотбек Шамшиев,СССР,1968,tt0175314,6.4
Выстрел в пустоту,"триллер, драма",Рик Роман Во,США,2017,tt4633690,7.3
Выстоять и добиться,драма,Рамон Менендес,США,"1988, 7 июля, 1988",tt0094027,7.3
Выстрел,"драма, экранизация",Ежи Антчак,ПНР,1965,tt0059923,5.6
Выстрел,драма,Наум Трахтенберг,СССР,1966,tt0062464,7.4
Высшая лига,комедия,Дэвид Уорд,США,1989,tt0097815,7.2
Высоты свободы,"драма, комедия",Барри Левинсон,США,1999,tt0165859,7.0
Выстрел в гробу,комедия,Николай Засеев,Украина,1992,tt0335542,3.7
Выставка,драма,Марионас Гедрис,СССР,1987,,-
Высота Порк Чоп Хилл,военная драма,"Льюис Майлстоун, Грегори Пек",США,1959,tt0053183,7.0
Высота,"триллер, мистика",Каари Эндрюс,Канада,2010,tt1407049,4.8
Высота,драма,Александр Зархи,СССР,1957,tt0051175,7.1
Высота «Гамбургер»,драма,Джон Ирвин,США,1987,tt0093137,6.7
Высокое звание,"драма, военный фильм",Евгений Карелов,СССР,,tt0314860,6.7
Выстрел,драма,Джереми Каган,США,2017,tt4323568,5.5
Высокое искусство,драма,Лиза Холоденко,США,1998,tt0139362,6.6
"Высота 88,5",агитация,Юрий Тарич,СССР,1932,tt21630100,Рейтинг не найден
Высокий перевал,"драма, военный фильм",Владимир Денисенко,СССР,1981,tt2912984,5.3
Высокий блондин в чёрном ботинке,комедия,Ив Робер,Франция,1972,tt0068655,7.2
Высотка,"драматический фильм, антиутопический фильм, экранизация романа",Бен Уитли,Великобритания,2015,tt0462335,5.5
Высокие чувства,драма,Леонид Пляскин,Россия,2008,tt2325839,6.9
"Высоцкий. Спасибо, что живой","драма, биографический",Пётр Буслов,Россия,2011,tt2116974,6.4
Высокие ставки,Триллер,Амос Коллек,США,1989,tt0097507,4.2
Высокая Сьерра,драма,Рауль Уолш,США,"1941, 23 января, 1941, 25 января, 1941",tt0033717,7.5
Высокая цена жизни,драма,Дебора Чоу,Канада,2010,tt1479388,6.7
Высокая должность,драма,Борис Кимягаров,"СССР, Таджикская ССР",1958,,-
Высокие каблуки,мелодрама,Педро Альмодовар,Испания,1991,tt0103030,7.0
Высокая синяя стена,драматический фильм,Владимир Чех,Чехословакия,1974,tt0247808,4.5
Высокая награда,приключенческий,Евгений Шнейдер,СССР,1939,tt0337446,5.4
Высокая кровь,Драма,"Виктор Туров, Зигмунт Малянович","СССР, Польша",1989,tt0202670,6.0
Выхода нет,"Боевик, Криминальный фильм, драма",Ваге Саян,,2014,tt6424414,6.5
Высокое давление,комедия,Мервин Лерой,США,1932,tt0023007,6.6
Газельхан,драма,Шахмар Алекперов,СССР,1991,tt2741420,7.8
Выследить человека,Фильм нуар,Джордж Арчейнбод,США,1950,tt0042582,6.5
Где соприкасаются руки,драма,Амма Асанте,Великобритания,2018,tt1235187,6.6
"Где ты, Адам?",документальный фильм,Александр  Запорощенко,Украина,2019,tt10097086,8.1
"Где ты теперь, Максим?",драма,Эдмонд Кеосаян,СССР,1964,tt0172485,6.9
Высокая стена,Фильм нуар,Кёртис Бернхардт,США,1947,tt0039464,6.9
Где третий король?,детектив,Рышард Бер,Польша,1967,tt0061699,6.3
"Где ты был, Одиссей?","драма, военный фильм, шпионский фильм",Тимур Золоев,СССР,1978,tt4901364,6.0
Высокая проба,"производственная, драма, экранизация",Игорь Усов,СССР,1983,tt0252748,4.6
Высокая мода,"комедийная драма, сатира",Роберт Олтмен,США,1994,tt0110907,5.2
Где свобода?,"драма, комедия",Роберто Росселлини,Италия,1954,tt0044562,6.9
"Где моя тачка, чувак?","фантастическая, комедия",Дэнни Лейнер,США,2000,tt0242423,5.5
Где одного алиби мало,"детективный, криминальный, драма",Владимир Чех,Чехословакия,1961,tt0231891,6.3
Высокие надежды,"драма, комедия",Майк Ли,Великобритания,1988,tt0095302,7.4
Где живёт опасность,Фильм нуар,Джон Фэрроу,США,1950,tt0043131,6.7
Где находится нофелет?,комедия,Геральд Бежанов,СССР,1987,tt0093077,6.7
Где же мечты юности?,"драма, комедия",Ясудзиро Одзу,Япония,1932,tt0023450,6.9
Где ваш сын?,драма,Игорь Вознесенский,СССР,1986,tt0266575,6.9
Где генерал?,"военная, комедия",Тадеуш Хмелевский,Польша,1963,tt0058130,6.7
Где дом друга?,драма,Аббас Киаростами,Иран,1987,tt0093342,8.1
"Где вы, рыцари?",комедия,Леонид Быков,СССР,,tt2312500,5.9
Где бы ты ни был,"трагикомедия, роуд-муви",Паоло Соррентино,"Италия, Франция, Ирландия",2011,tt1440345,6.7
Где горит огонь,драматический фильм,Исмаил Гюнеш,Турция,"4 мая, 2012",tt2207439,6.3
Где Ахмед?,комедия,Адиль Искендеров,СССР,1963,tt4258424,8.1
Где Анна Франк?,,Ари Фольман,"Бельгия, Франция, Люксембург, Нидерланды, Израиль","9 июля, 2021, 24 августа, 2021, 14 сентября, 2021, 8 декабря, 2021, 21 апреля, 2022, 23 февраля, 2023",tt3454424,6.4
Гвозди,"фильм ужасов, артхаус",Андрей Исканов,Россия,2003,tt0820087,5.4
Гвоздь в сапоге,притча,Михаил Калатозов,СССР,1932,tt0022970,7.0
,"комедия, философский",Моше Мизрахи,Франция,1988,tt0095582,5.0
Где скрывается правда,"драма, триллер",Атом Эгоян,"Канада, Великобритания",2005,tt0373450,6.4
Гданьск,"фэнтези, ужасы",Нил Бломкамп,Канада,2017,tt13644656,4.8
Где 042?,"военный, Приключенческий, Драма",Олег Ленциус,СССР,1969,tt0314098,6.4
Гвендолин,"фэнтэзи, приключенческий фильм, эротика",Жюст Жакен,Франция,1984,tt0087903,5.2
Гвардейцы короля,Приключения,Джонатан Тайдор,США,2000,tt0206075,3.4
Гаттака,"антиутопия, биопанк, драма, фантастика","Эндрю Никкол, Продажи Винса Д'Анжело, Игра в рейтинг, Ворчуны",8 секунд,1997,tt0119177,7.7
Гашим,,"Павел Фолян, Степан Манукян",СССР,1929,,-
Гаучо,"фильм плаща и шпаги, немое кино",Ф. Ричард Джонс,США,1927,tt0017918,7.0
Гаучо,комедия,Дино Ризи,"Италия, Аргентина",1965,tt0134668,6.8
Гвардеец,драма,Сидни Франклин,Его час,1931,tt0021931,6.4
Гашербрум — сверкающая гора,документальный фильм,Вернер Херцог,ФРГ,1984,tt0087317,7.4
Гастарбайтер,мелодрама,Юсуп Разыков,"Узбекистан, Россия",2009,tt2774120,7.4
Гаскойн. Легенда Англии,документальный фильм,Джейн Престон,Великобритания,2015,tt4293752,7.0
Гарриет,драма,Кейси Леммонс,США,2019,tt4648786,6.7
Гарфилд 2,комедия,Тим Хилл,"США, [, ]",2006,tt0455499,5.0
Гарри Хафт: Последний бой,"биография, драма",Барри Левинсон,США,2021,tt9242528,6.7
Гарфилд,комедия,Питер Хьюитт,США,2004,tt0356634,5.1
Гарри Поттер и узник Азкабана,"приключенческий фильм, фэнтези, детективный фильм",Альфонсо Куарон,"Великобритания, США",2004,tt0304141,7.9
Гарри Поттер,"фэнтези, приключения, семейный, драма","Крис Коламбус, Альфонсо Куарон, Майкл Ньюэлл, Дэвид Йейтс","Великобритания, США",,,-
,,,,,,-
Гарри Поттер и философский камень,"фэнтези, приключения, семейный, музыка к фильму",Крис Коламбус,Великобритания,2001,tt0241527,7.7
Гарри Поттер и Принц-полукровка,"приключения, фэнтези, драма, триллер",Дэвид Йейтс,"Великобритания, США",2009,tt0417741,7.6
Гарри Поттер и Тайная комната,"приключения, фэнтези",Крис Коламбус,"Великобритания, США, Германия",2002,tt0295297,7.4
Гарри Поттер и Кубок огня,"приключения, фэнтези",Майк Ньюэлл,"Великобритания, США",2005,tt0330373,7.7
Гарри Поттер и Орден Феникса,"приключения, фэнтези, драма",Дэвид Йейтс,"Великобритания, США",2007,tt0373889,7.5
Гарри и Хендерсоны,"комедия, фэнтези, семейный",Уильям Дир,США,1987,tt0093148,6.1
Гарри и Уолтер едут в Нью-Йорк,комедия,Марк Райделл,США,1977,tt0074608,5.4
Гарри и Тонто,"драматическое, роуд-муви",Пол Мазурски,,1974,tt0071598,7.3
Гарри и сын,драма,Пол Ньюман,США,"1984, 29 июня, 1984",tt0087386,5.8
Месть Гарри Брауна,"криминальный фильм, драма, триллер, фильм о вигилантах",Дэниел Барбер,Великобритания,2009,tt1289406,7.2
Гарри + Макс,драма,Кристофер Мюнх,США,2004,tt0390080,5.5
Гарри Блэк и Тигр,"приключенческий фильм, драматический фильм",Уго Фрегонезе,Великобритания,1958,tt0051702,6.2
Гарпастум,драма,Алексей Герман мл.,Россия,2005,tt0488832,6.4
Гарольд и фиолетовый мелок,"фэнтези, семейный",Карлус Салданья,США,2024,tt1609486,5.7
Гарольд и Кумар уходят в отрыв,"комедия, приключенческий фильм",Дэнни Лейнер,США,2004,tt0366551,7.0
Гармонь,"комедийный фильм, музыкальный фильм",Игорь Савченко,СССР,1934,tt0025162,6.7
Гарри Поттер и Дары Смерти. Часть 1,"Приключенческий фильм, фэнтези, боевик, драма",Дэвид Йейтс,"Великобритания, США",2010,tt0926084,7.7
Гарри Поттер и Дары Смерти. Часть 2,"приключенческий фильм, драма, фэнтези, боевик, экшн",Дэвид Йейтс,"Великобритания, США",2011,tt1201607,8.1
Гарольд и Кумар 2: Побег из Гуантанамо,комедия,"Джон Харвитц , Хайден Шлоссберг",США,2008,tt0481536,6.5
Гарибальдиец в монастыре,"комедия, драма",Витторио Де Сика,Италия,1942,tt0033648,6.3
Гарем Степана Гуслякова,Мелодрама,Алишер Хамдамов,СССР,1990,tt0336492,6.8
"Гари, тренер по теннису",комедия,Дэнни Лейнер,США,2008,tt0787470,5.4
Гарем,мелодрама,Уильям Хэйл,США,1986,tt0091174,6.0
Генерал звёздных войн,документальный,Александр Мержанов,Россия,,,-
Гарет Джонс,"фильм-триллер, драматический фильм, биографический фильм, политический фильм",Агнешка Холланд,Украина,2019,tt6828390,6.9
Гариб в стране Джиннов,"комедийный фильм, фильм-сказка, приключенческий фильм, кинофантастика",Алисаттар Атакишиев,СССР,"1977, 1978",tt2081344,7.2
Генерал и маргаритки,драматический фильм,Михаил Чиаурели,СССР,1962,tt0169940,6.1
Гарольд и Мод,,Хэл Эшби,США,1971,tt0067185,7.9
Генерал Делла Ровере,драма,Роберто Росселлини,"Италия, Франция",1959,tt0053856,7.7
"Гардемарины, вперёд!","историко, приключенческий фильм, фильм плаща и шпаги, мелодрама",Светлана Дружинина,СССР,,tt0125111,7.4
"Гарри — друг, который желает вам добра","драма, триллер",Доминик Молль,Франция,2000,tt0216800,7.1
Гипотеза похищенной картины,"драма, псевдодокументальный фильм",Рауль Руис,Франция,1979,tt0077707,7.4
Генерал,"драма, военный фильм",Игорь Николаев,Россия,1992,tt0104327,5.9
Гармония,драма,Виктор Живолуб,СССР,1977,tt0336493,6.0
Гарем,драма,Артюр Жоффе,Франция,"1985, 17 декабря, 1987",tt0089256,4.7
Гипнотик,"научная фантастика, триллер",Роберт Родригес,США,2023,tt8080204,5.5
Гипноз: Раб чужой воли,"драма, немое кино",Рихард Айхберг,,1920,tt0276209,7.0
Гарем,драма,Марко Феррери,"Италия, Франция",1967,tt0063042,6.5
Гипноз,"драма, триллер",Валерий Тодоровский,Россия,2020,tt13029450,5.5
Гипно-Хастлер,супергеройский фильм,,США,,tt24578700,Рейтинг не найден
Гипернормализация,документальный,"Кёртис, Адам",,2016,tt6156350,8.2
Гиперболоид инженера Гарина,"фантастика, приключения",Александр Гинцбург,СССР,1965,tt0314105,6.5
Гимн освобождённому труду,агитационный фильм,Александр Кугель,РСФСР,1920,,-
Гионские сёстры,фильм-драма,Кэндзи Мидзогути,Япония,1936,tt0027672,7.4
Гимнастка,Мелодрама,Нед Фар,США,2006,tt0473074,6.3
Гимнастёрка и фрак,документальный фильм,Виктор Лисакович,СССР,1968,,-
Гиностра,"фильм-триллер, драматический фильм, криминальный фильм",Мануэль Прадаль,Франция,2002,tt0208491,4.6
Герника,документальный,"Робер Эссанс, Ален Рене",Франция,1950,tt0042528,6.9
Генерал,криминальная драма,Джон Бурмен,,1998,tt0120706,7.2
Гинденбург,"триллер, драма, история, фильм-катастрофа",Роберт Уайз,США,1975,tt0073113,6.3
Гитара,драма,Эми Редфорд,США,2008,tt0942891,6.4
Гималаи,драма,Эрик Валли,"Франция, Швейцария, Великобритания, Непал",1999,tt0210727,7.4
Гимката / Гимнастика и каратэ / Смертельное многоборье / Смертельное состязание,боевик,Роберт Клоуз,США,1985,tt0089243,4.4
Гильда,"мелодрама, нуар",Чарльз Видор,США,1946,tt0038559,7.6
"Гидрокосмос. Нырнуть, чтобы взлететь",документальный,Дмитрий Свергун,Россия,2008,,-
Гималаец,"боевик, драма",Хуан Фэн,Гонконг,1976,tt0073382,6.0
Гикор,драма,Амасий Мартиросян,,1934,tt0183120,5.4
Гильотина,"драма, чёрная комедия, триллер",Коста-Гаврас,"Франция, Бельгия, Испания",2005,tt0422015,7.3
Гикор,"драма, семейный фильм",Сергей Исраелян,СССР,1982,tt0084002,7.7
Гидравлика,драма,Евгений Серов,Россия,2010,tt5204956,6.0
Гидеон,"драма, комедия, мелодрама",Клаудиа  Гувер,США,1999,tt0141121,6.5
Гигант «Газпром» — немцы и их газ с востока,документальный,Хуберт Зайпель,Германия,2009,,-
«Гидра: Затерянный остров»,"ужасы, триллер",Эндрю Прендергаст,США,2009,tt1034447,3.2
Гиджет,комедия,Пол Уэндкос,США,1959,tt0052847,6.6
Гидрозагадка,"криминальная, комедия",Анджей Кондратюк,Польша,1971,tt0172577,7.1
"Гидора, трёхголовый монстр","кайдзю, фантастика, детектив",Исиро Хонда,Япония,1964,tt0058544,6.5
Гигантик,"драма, мелодрама, комедия",Мэтт Аселтон,США,2008,tt1176251,6.0
Гигантский коготь,"научная фантастика, ужасы",Фред Ф. Сирс,США,1957,tt0050432,4.6
Гибель эскадры,"драма, военный",Владимир Довгань,СССР,1965,tt0338063,7.7
Гибель Пушкина,документальный,Фёдор Тяпкин,СССР,1967,,-
Гибель империи. Византийский урок.,публицистический,Ольга Савостьянова,Россия,,,-
Гигант,"эпическая, драма",Джордж Стивенс,США,1956,tt0049261,7.6
Гибрид,"ужасы, триллер, фантастика",Эрик Валетт,Германия,2010,tt1152827,4.1
Гибель Чёрного консула,"драма, истерн",Камиль Ярматов,СССР,1970,tt0359326,5.7
Гибель сенсации,фантастика,Александр Андриевский,СССР,1935,tt0240539,6.5
Гибель американского миллиардера на «Лузитании»,драма,Эдвард Пухальский,Российская империя,1915,tt0210706,Рейтинг не найден
Гибель 31-го отдела,"детектив, триллер, криминальный фильм, антиутопия",Пеэтер Урбла,СССР,1980,tt0193191,5.7
Гибель богов,историческая драма,Лукино Висконти,ФРГ,1969,tt0064118,7.4
Гибель «Орла»,приключения,Василий Журавлёв,СССР,1940,tt0032524,5.3
Ги,"комедийная драма, псевдодокументальный фильм",Алекс Лютц,Франция,2018,tt7253216,6.8
Гибель «Лузитании»,"мультипликация, документальная анимация, документальный фильм",Уинзор Мак-Кей,США,1918,tt0009620,6.8
Гибель Японии,фильм-катастрофа,Сиро Моритани,Япония,1973,tt0070447,5.5
Гибель мадам Леман,шпионский фильм,Клод  д’Анна,"Франция, США",1978,tt0078038,5.5
Гибель Отрара (Тень завоевателя),исторический фильм,Ардак Амиркулов,СССР,1991,tt0104224,7.5
Гетман,"драма, история",Валерий Ямбурський,Украина,2015,tt9072434,6.7
Геттисберг,драма,Рональд Ф. Максвелл,США,"8 октября, 1993, 11 февраля, 1994",tt0107007,7.6
Гетеры майора Соколова,военная драма,Бахтиёр Худойназаров,Россия,,tt3792248,5.4
Герцогиня и Грязный лис,комедия,Мелвин Франк,США,1976,tt0074441,5.7
Герцогиня,"биографический фильм, драма, исторический фильм",Сол Дибб,"Великобритания, Франция, Италия, США",2008,tt0864761,6.9
Гибель «Титаника»,"боевик, драма, исторический фильм",Рой Уорд Бейкер,Великобритания,1958,tt0051994,7.9
Герцог Бургундии,"драма, эротика, триллер, драматический фильм, ЛГБТ-фильм, эротический фильм, фильм-триллер",Питер Стриклэнд,"Великобритания, Венгрия",2014,tt2570858,6.5
Гибель Фауста,фэнтези,Жорж Мельес,Франция,1898,tt0223084,5.8
Геронтофилия,мелодрама,Брюс Лабрюс,Канада,2013,tt1815717,6.3
Герой-одиночка,"боевик, драма",Уолтер Хилл,США,"1996, 31 октября, 1996, 20 сентября, 1996",tt0116830,6.4
Герой-любовник,комедия,Джоэн Силвер,США,1989,tt0097790,6.1
Герцог,"комедийный фильм, биографический фильм",Роджер Мичелл,Великобритания,"2020, 10 ноября, 2022, 11 мая, 2022",tt11204094,6.9
Герой наших снов,"чёрная комедия, фэнтези",Кристоффер Боргли,США,2023,tt21942866,6.9
Герой нашего времени,драма,Станислав Ростоцкий,СССР,1967,tt0174680,7.0
Гетманские клейноды,"историческая, драма",Леонид Осыка,Украина,1993,tt15408478,7.3
Гетто,"военный фильм, исторический фильм",Аудрюс Юзенас,Германия,2006,tt0783522,6.7
Герой нашего времени,комедийный фильм,Марио Моничелли,Италия,1955,tt0048039,6.8
Герой и Ужас,"боевик, криминальный фильм, драма, триллер",Уильям Тэннен,США,1988,tt0095296,5.2
Герой,"триллер, комедия, боевик",Карен Оганесян,Россия,2019,tt10329842,4.7
Герой её романа,"комедия, мелодрама",Энтони Дж. Боуман,Австралия,1999,tt0180037,6.4
Герой,"военная, драма, исторический фильм, романтическая, мелодрама",Юрий Васильев,Россия,2016,tt5202654,4.5
Годы девичьи,драма,Леонид (Израиль) Эстрин,СССР,1961,tt0314110,Рейтинг не найден
Герой-одиночка,боевик,Кен Санцел,"Канада, США",2002,tt0282695,5.5
Годовщина,"драматический фильм, фильм-триллер",Ян Комаса,США,2024,tt12583926,Рейтинг не найден
Годовщина,комедийная драма,"Дженнифер Джейсон Ли, Алан Камминг",США,2001,tt0254099,6.3
Годовщина революции,документальный фильм,Дзига Вертов,РСФСР,1918,tt0010180,6.8
Герой Хиралал,"боевик, комедия, мелодрама, саундтрек",Кетан Мехта,"Индия, Индия",1988,tt0093182,6.0
Годзилла: Финальные войны,"фантастика, приключения, кайдзю",Рюхэй Китамура,"Япония, Австралия, Китай, США",2004,tt0399102,6.3
Годовщина,"триллер, черная комедия",Рой Уорд Бейкер,Великобритания,"1968, Распутин: Сумасшедший монах, Ведьмы, Руки Потрошителя, Капитан Кронос: Охотник на вампиров, Тайна «Марии Целесты», Капитан Клегг, По ту сторону рейва, Пробуждающийся лес, Человек в чёрном, Чёрная вдова, Психоанализ, Наличные по требованию, Маньяк, Параноик, Ночной кошмар, Фанатик, Истерия, Крещендо, Прямо до утра, Страх в ночи, Четырёхсторонний треугольник, Космические пути, Икс: Неизвестное, Затерянный континент, Луна 02, Смерть в Хай-Хилз, Доктор Морилл, Кто-то у двери, Дело Росситер, Шепчущий Смит покоряет Лондон, Леди в тумане, Ловушка, Возвращение Святого, Кровавый апельсин, Стеклянная клетка, Ливень, Крылья опасности, Игрок и леди, Опасная блондинка, 36 часов, Дом на другом берегу озера, Пять дней, Странник вернулся домой, Риск третьей стороны, Женщины без мужчин, Песнь о свободе, Никогда не оглядывайся, Маска пыли, Разомкнутый круг, Никогда не бери сладости у незнакомых, Человек на вершине, Десять секунд до ада, Дьявольский пиратский корабль, Разрушитель, Бриллиантовый Джек, Пропуск в Китай, Террор тайного общества, Алый клинок, Кандагарский бандит, Доисторическая женщина, Её месть, Существа, забытые миром, Публичная жизнь Генриха IX, Спортивная любовь, Леди жаждет возбуждения, Что видел дворецкий, Жизнь с Лайонами, Лайоны в Париже, Вверх по течению, Дальше вверх по течению, Без паники, ребята!, Гадкий утёнок, Берегись, моряк!, Уикенд с Лулу, Старый тёмный дом, Это твои похороны, Возлюби соседа своего, Стальной штык, Лагерь на Кровавом острове, Вчерашний враг, Тайна Кровавого острова",tt0062671,6.9
Годзилла: Минус один,"кайдзю, фантастика, боевик, драма",Такаcи Ямадзаки,Япония,2023,tt23289160,7.7
Годзилла 2000: Миллениум,"фантастика, кайдзю",Такао Окавара,Япония,1999,tt0188640,6.0
Годзилла: Возрождение,"кайдзю, фантастика, ужасы, драма",Хидэаки Анно,Япония,2016,tt4262980,6.8
Годы молодые,"комедия, музыкальный фильм",Алексей Мишурин,СССР,1958,tt0053873,6.5
"Годзилла, Мотра, Кинг Гидора: Монстры атакуют","Фэнтези, фантастика, мистика, кайдзю",Сюсукэ Канэко,Япония,2001,tt0279112,7.0
"Годзилла, Мотра, МехаГодзилла: Спасите Токио","фантастика, кайдзю",Масааки Тэдзука,Япония,2003,tt0366526,6.4
Годзилла снова нападает,"фантастика, кайдзю-эйга, токусацу",Мотоёси Ода,Япония,1955,tt0048127,5.7
Годзилла против Разрушителя,"фантастика, кайдзю",Такао Окавара,Япония,1995,tt0113187,6.9
Герой,"драматический фильм, фильм-триллер",Асгар Фархади,"Иран, Франция",2021,tt11777738,7.5
Годзилла против морского монстра,"кайдзю, приключения, криминальный",Дзюн Фукуда,Япония,1966,tt0060464,5.5
Годзилла против Хэдоры,"кайдзю, боевик, фантастика",Ёсимицу Банно,Япония,1971,tt0067148,6.1
Мотра против Годзиллы,"кайдзю, фантастика, токусацу",Исиро Хонда,Япония,1964,tt0058379,6.5
Годзилла против Монстра Зеро,"кайдзю, фантастика, приключения",Исиро Хонда,Япония,1965,tt0059346,6.2
Гибель титанов,"Ужасы, боевик, триллер",Кристофер Рэй,США,2010,tt1705773,2.4
Годзилла против Мехагодзиллы 3,"фантастика, кайдзю",Масааки Тэдзука,Япония,2002,tt0314111,6.6
Годзилла против Мегагируса,"фантастика, триллер, приключения, кайдзю",Масааки Тэдзука,Япония,2000,tt0255198,6.0
Годзилла против Мехагодзиллы,"кайдзю, фантастика, приключения, токусацу",Дзюн Фукуда,Япония,1974,tt0071565,6.2
Годзилла против Мегалона,"кайдзю, приключения, фантастика, комедия",Дзюн Фукуда,Япония,1973,tt0070122,4.8
Годзилла против Мехагодзиллы 2,"фантастика, кайдзю",Такао Окавара,Япония,1993,tt0107027,6.5
Годзилла против Космического Годзиллы,"фантастика, кайдзю",Кэнсё Ямасита,Япония,1994,tt0109916,5.8
Годзилла против Конга,"фантастика, фильм о монстрах",Адам Вингард,"США, Япония",2021,tt5034838,6.3
Годзилла против Гайгана,"кайдзю, фантастика, фильм ужасов, семейный фильм",Дзюн Фукуда,Япония,1972,tt0068371,5.6
Годзилла против Биолланте,"фантастика, криминал, кайдзю",Кадзуки Омори,Япония,1989,tt0097444,6.5
Годзилла против Кинга Гидоры,"фантастика, приключения, драма, кайдзю",Кадзуки Омори,Япония,1991,tt0101962,6.4
Годзилла,фильм о монстрах,Гарет Эдвардс,"США, Япония",2014,tt0831387,6.4
Годзилла 2: Король монстров,"фантастика, боевик, приключения, фильм о монстрах",Майкл Догерти,"США, [, ], Япония, [, ], Китай, [, ]",2019,tt3741700,6.0
Годзилла,"научная фантастика, боевик, триллер, фильм о монстрах",Роланд Эммерих,"США, Япония",1998,tt0120685,5.5
Годзилла против Мотры: Битва за Землю,"фантастика, кайдзю",Такао Окавара,Япония,1992,tt0104352,6.1
Годзилла,"фантастика, триллер, кайдзю",Кодзи Хасимото,Япония,1984,tt9015178,6.8
Год собаки,драма,Джордж Лаву,США,,tt0808232,6.0
Годен к нестроевой,комедия,"Владимир Роговой, Ефим Севела",СССР,1968,tt0314108,6.3
Годзилла,"фантастика, кайдзю",Исиро Хонда,Япония,1954,tt0047034,7.6
Год хорошего ребёнка,"комедия, экранизация",Борис Конунов,СССР,1991,tt0347091,Рейтинг не найден
Год собаки,комедия-драма,Майк Уайт,США,2007,tt0756729,6.0
Год Собаки,драма,Семён Аранович,"Россия, Франция",1994,tt0107023,6.9
Год рождения,"фэнтези, романтический фильм, драматический фильм",Михаил Местецкий,Россия,2023,tt28480627,5.9
Год оружия,драма,Джон Франкенхаймер,США,1991,tt0103303,5.6
Год опасной жизни,драма,Питер Уир,Австралия,1982,tt0086617,7.1
Год лошади,документальный,Джим Джармуш,США,1997,tt0120539,6.6
Год кометы,"комедия, приключения",Питер Йетс,США,1992,tt0105871,5.8
Год дракона,"Исторический, Биографический","Асанали Ашимов, Гук Ин Цой",СССР,1981,tt0237275,7.2
Год Телёнка,комедия,Владимир Попков,СССР,1986,tt0091124,5.4
Год как жизнь,биографический фильм,"Азербайжан Мамбетов, Григорий Рошаль",СССР,1966,tt0059235,6.2
Год дракона,драма,Майкл Чимино,США,1985,tt0090350,6.8
Год без любви,драма,Анаи Бернери,Аргентина,2005,tt0418484,6.1
Гоголь. Страшная месть,"детектив, триллер, фильм ужасов",Егор Баранов,Россия,2018,tt8744094,6.1
Годзилла и Конг: Новая империя,фильм о монстрах,Адам Вингард,США,2024,tt14539740,6.1
Год рождения 1921,"драма, экранизация",Вацлав Гайер,Чехословакия,1958,tt0171702,5.8
Гоголь. Начало,"детектив, ужасы, драма, комедия",Егор Баранов,Россия,2017,tt6628228,5.8
Говорящие ноги,Мюзикл,Джон Бакстер,Великобритания,1937,tt0029638,6.1
Говорящие с ветром,"военный фильм, драма",Джон Ву,США,2002,tt0245562,6.1
Гоголь. Вий,"детектив, ужасы, драма, комедия",Егор Баранов,Россия,2018,tt7910444,5.9
Год спокойного солнца,"военный фильм, романтический фильм, драматический фильм",Кшиштоф Занусси,Польша,"1984, Артисты под куполом цирка: беспомощны, Да здравствует любовь, Сицилийцы, Свадьба в сезон дождей",tt0088009,7.1
Говорящая вагина,порнофильм,"Клод Мюло, фр.",Франция,1975,tt0190780,5.5
Год Лошади: Созвездие скорпиона,драма,Наталья Наумова,Россия,2004,,-
Говорит Москва,драма,"Юрий Григорьев, Ренита Григорьева",СССР,1985,tt0266596,5.8
Говорят женщины,"драматический фильм, экранизация книги",Сара Полли,США,"2 сентября, 2022, 23 декабря, 2022, 6 января, 2023, 20 января, 2023, 26 января, 2023, 10 февраля, 2023",tt13669038,6.9
Год 1914,"драма, исторический фильм, мелодрама",Генрик Шаро,Польша,1932,tt0907798,Рейтинг не найден
Говори мне о любви,драма,Софи Марсо,Франция,2002,tt0304520,5.3
Говардс-Энд,драма,Джеймс Айвори,"Великобритания, Япония, США",1992,tt0104454,7.4
Говори,драма,Джессика Шарзер,США,2004,tt0378793,7.2
Голливудское ревю 1929 года,мюзикл,Чарльз Рейснер,Его час,1929,tt0019993,5.7
Голливудский поцелуй Билли,романтическая комедия,Томми О’Хейвер,США,1998,tt0137386,6.6
Говорящая обезьяна,комедия,Георгий Овчаренко,СССР,1991,tt0101968,3.6
Гоголь. Ближайший,драма,Наталья Бондарчук,Россия,2009,tt1824174,5.4
Гордость и предрассудки,"любовная история, комедия",Эндрю Блэк,США,2003,tt0366920,5.0
Гордость и предубеждение,"драма, мелодрама",Роберт З. Леонард,США,1940,tt0032943,7.4
Гордость,"драма, комедия, драматический фильм, комедийный фильм, ЛГБТ-фильм",Мэттью Уорчус,Великобритания,2014,tt3169706,7.8
Гордость,драма,Наджи Абу Нувар,"Иордания, Великобритания, ОАЭ, Катар",2014,tt3170902,7.2
Говорящие картинки,"комедия, драма",Масаюки Суо,Япония,2019,tt11147106,6.7
Гордецы,"драматический фильм, романтический фильм",Ив Аллегре,Франция,1953,tt0046149,7.2
Гордая долина,драма,Пен Теннисон,Великобритания,1940,tt0031828,6.6
Гордая Мэри,"триллер, боевик",Бабак Наджафи,США,2018,tt6421110,5.0
Горгона,"фильм ужасов, фэнтезийный фильм, фильм о монстрах",Теренс Фишер,Распутин: Сумасшедший монах,1964,tt0058155,6.4
Говорящий мертвец,"драма, комедия",Патрик Ридремон,"Бельгия, Люксембург, Франция",2012,tt2435076,6.9
Горго,научная фантастика,Эжен Лурье,Великобритания,1961,tt0054938,5.6
Горбун из Нотр-Дама,"драматический фильм, фильм ужасов",Уильям Дитерле,США,1939,tt0031455,7.8
Горбун из Нотр-Дама,драма,"Алан Хьюм, Майкл Тачнер",Великобритания,,tt0084100,6.3
Горбун,"боевик, приключенческий фильм",Андре Юнебель,"Франция, Италия",1959,tt0052644,6.9
Горас,фантастика,Исиро Хонда,Япония,1962,tt0056709,5.7
Голливудский мусор,кинокомедия,Фил Волкен,США,2013,tt1492849,4.7
Горбатая гора,"мелодрама, вестерн",Энг Ли,США,2005,tt0388795,7.7
Гора мужества,"семейный фильм, приключенческий фильм, драма",Кристофер Лейтч,"США, Франция",1990,tt0097115,5.7
Гора Куппер,комедия,Дэвид Митчелл,Канада,1983,tt0085363,2.2
Голливудский финал,"комедия, мелодрама",Вуди Аллен,США,2002,tt0278823,6.5
Гора,"драма, экранизация",Эдвард Дмитрык,США,1956,tt0049523,6.8
Гоп-стоп,лирическая комедия,Павел Бардин,Россия,2010,tt1890415,3.9
Гонщики на драйве,"комедийный фильм, боевик",Тиль Швайгер,Германия,2023,tt20414228,3.5
Гонщики,драма,Роберт Родригес,США,,tt0111002,6.5
Гонщики,"драма, мелодрама, приключенческий фильм",Игорь Масленников,СССР,1972,tt0068647,6.7
Гонщик во времени: приключения Лайла Свана,"фантастика, вестерн",Уильям Дир,США,1982,tt0086443,5.4
Гонщик «Серебряной мечты»,"драма, спорт",Дэвид Уикс / David Wickes,Великобритания,1980,tt0081517,5.5
Гонщик,драма,Ренни Харлин,США,2001,tt0132245,4.6
Гонщик,кинокомедия,Тэд Вильде,США,1928,tt0019412,7.6
Гонки с дьяволом,триллер,Джек Старретт,США,1975,tt0073600,6.6
Гонки по кругу,драма,Сэнди Танг,США,1991,tt0101268,5.7
Гончарный круг,киноповесть,Вадим Дербенёв,СССР,1974,tt0349497,6.4
Горбун из Нотр-Дама,"драма, фильм ужасов, мелодрама",Питер Медак,Негативы,1997,tt0119329,6.1
Гонки по вертикали,детективный фильм,Александр Муратов,СССР,1982,tt0127374,6.6
Гонка с преследованием,драма,Ольгерд Воронцов,СССР,1979,tt0361662,5.8
Гонки «Пушечное ядро» 2,комедия,Хэл Нидэм,США,1984,tt0087032,5.1
Гонка на пределе,драматический фильм,Майкл Мэйлер,США,,tt10314548,5.9
Гонка со временем,фильм-триллер,Филлип Нойс,"США, Канада",2021,tt13133936,4.9
Гонки «Пушечное ядро»,комедия,Хэл Нидэм,США,1981,tt0082136,6.2
Гонка века,"драма, приключения, биография",Джеймс Марш,Великобритания,2018,tt3319730,6.0
Горбун из Нотр-Дама,"драма, фильм ужасов",Уоллес Уорсли,США,1923,tt0014142,7.2
Гонка 2,"боевик, триллер",Аббас и Мастан Бурмавалла,Индия,2013,tt1375789,5.4
Гонин,криминальный триллер,Такаси Исии,Япония,1995,tt0113194,6.7
Гонка,"боевик, драма, триллер",Аббас - Мастан,Индия,2008,tt1017456,6.7
Гонка,"спортивно, историческая, драма",Рон Ховард,"США, Германия, Великобритания",2013,tt1979320,8.1
Гонгофер,"ужасы, триллер, мистика, притча, чёрная комедия",Бахыт Килибаев,Россия,1992,tt0361661,6.1
Гонзо: Жизнь и творчество доктора Хантера С. Томпсона,"документальный, биографический",Алекс Гибни,США,2008,tt0479468,7.6
Гоморра,"криминальный, драма",Маттео Гарроне,Италия,2008,tt0929425,7.0
Гомункул,"артхаус, триллер, сатира, драма",,Россия,"4 июля, 2015",tt9438414,6.6
Гонка века,драма,Никита Орлов,СССР,1986,tt0266594,6.0
Гольциус и Пеликанья компания,"драма, биография",Питер Гринуэй,Нидерланды,2012,tt1851006,6.5
Гомер и Эдди,"драма, комедия",Андрей Кончаловский,США,"1989, 17 августа, 1989",tt0097521,5.3
Гольфстрим под айсбергом,драматический фильм,Евгений Пашкевич,"Латвия, Россия",2011,tt2192200,5.3
Гомункулус,фантастика,Отто Рипперт,Германия,1916,tt5505320,6.6
Гонка,комедия,Миллисент Шелтон,США,1998,tt0120707,4.4
Гольф-клуб 2,комедия,Аллан Аркуш,США,1988,tt0094824,3.8
Голый среди волков,"драма, военный",Франк Байер,ГДР,1963,tt0056271,7.2
Голый страх,"фильм ужасов, триллер",Том Эберхардт,США,2007,tt0943326,5.1
Голый пистолет 33⅓: Последний выпад,"комедия, чёрный юмор",Питер Сигал,США,1994,tt0110622,6.5
Гольфстрим,драма,Владимир Довгань,СССР,1968,tt5228924,Рейтинг не найден
Гольф-клуб,"спортивная, комедия",Гарольд Рэмис,США,1980,tt0080487,7.2
Голый пистолет 2½: Запах страха,"кинопародия, чёрная комедия, сатира",Дэвид Цукер,США,1991,tt0102510,6.9
Гольфо,романтичная драма,Костас Бакатор,Греция,1914,tt0123871,6.4
Голый пистолет,"комедия, пародия",Дэвид Цукер,США,1988,tt0095705,7.6
Голый пистолет,комедийный боевик,Акива Шаффер,США,2025,tt3402138,Рейтинг не найден
Голый остров,драма,Канэто Синдо,Япония,1960,tt0056049,8.0
Голый,драма,Галина Шигаева,СССР,1987,tt0345345,Рейтинг не найден
Голый космос,комедия,Брюс Киммел,США,1983,tt0082213,3.6
Голубь,мелодрама,Роланд Уэст,США,1927,tt0017822,6.5
"Голубые горы, или Неправдоподобная история",комедия,Эльдар Шенгелая,СССР,1984,tt0087349,8.6
Голубые обманщики,кинокомедия,Брюс Кесслер,США,1969,tt0064363,5.9
Голубые веки,драма,Эрнесто Контрерас,Мексика,2007,tt0481320,6.8
Голубые горы,драма,Тадаси Имаи,Япония,1949,tt0185883,6.7
Голубые Гавайи,"комедия, музыкальный фильм","Норман Таурог, Майкл Д. Мур",США,1961,tt0054692,6.1
Голубые города,"фильм-концерт, драма, мелодрама, музыка",Александр Белинский,СССР,1985,tt5632290,6.8
Голубой пирог,комедия,Тодд Стефенс,США,2006,tt0443431,5.0
"Голубь сидел на ветке, размышляя о бытии","комедия, драма",Рой Андерссон,"Швеция, Норвегия, Германия, Франция, Дания",2014,tt1883180,6.9
Голый барабанщик,кинокомедия,Питер Каттанео,США,2008,tt1031969,6.2
Голубой портрет,Киноповесть,Геннадий Шумский,СССР,1976,tt0314113,6.8
Голубой лёд,драма,Виктор Соколов,СССР,1969,tt0285583,6.1
Голубой крест,"Военный, драма",Анджей Мунк,Польша,1955,tt0047886,6.3
Голубой Макс,приключенческий фильм,Джон Гиллермин,Великобритания,1966,tt0060177,7.1
«Голубые дороги»,"военный фильм, драма",Владимир Браун,СССР,1947,tt0175679,6.4
Голубой гром,боевик,Джон Бэдэм,США,"13 мая, 1983, 25 августа, 1983, 23 июня, 1983, 5 февраля, 1983",tt0085255,6.4
Голубые молнии,драматический фильм,Исаак Шмарук,СССР,1978,tt0314112,4.8
Голубой карбункул,"Детектив, мюзикл",Николай Лукьянов,СССР,1979,tt0284153,4.8
Голубой ангел,драма,Джозеф фон Штернберг,Веймарская республика,1930,tt0020697,7.6
Госпел Хилл,драма,Джанкарло Эспозито,США,2008,tt0810880,5.5
Голубое небо,драма,Тони Ричардсон,США,1994,tt0109306,6.4
Голубой экспресс,драма,Илья Трауберг,,,tt0019939,6.3
Гости из Галактики,"фантастическая, комедия",Душан Вукотич,Югославия,"1981, 2 июля, 1982, 16 сентября, 1983, 11 марта, 1983",tt0082466,5.9
Гости,драма,Элиа Казан,США,1972,tt0069466,6.3
Гости,"триллер, ужасы, мелодрама",Евгений Абызов,Россия,2019,tt10260294,4.1
Голубой ангел,драма,Эдвард Дмитрык,США,1959,tt0052638,6.1
Голубой лев,детективный фильм,Генрих Маркарян,СССР,1979,tt5489938,5.2
Голубой патруль,"детский, приключение, криминальный",Тимур Золоев,СССР,1974,tt1714844,5.9
Госпожа Министр танцует,комедия,Юлиуш Гардан,Польша,1937,tt0029371,6.6
Гости,фантастика,Пол Стенли,США,1964,tt0667835,7.3
Госпожа Метелица,сказка,Готфрид Кольдиц,ГДР,1963,tt0172467,6.4
Госпожа Майя,"драматический фильм, эротический фильм, романтический фильм, экранизация романа",Кетан Мехта,Индия,1993,tt0137100,5.4
Госпожа горничная,"комедия, драма, мелодрама",Уэйн Ван,США,2002,tt0252076,5.4
Госпожа Кровавый Снег,"триллер, боевик, драма",Тосия Фудзита,Япония,1973,tt0158714,7.6
Господь сказал - Ха!,"драма, комедия",Джулия Суини,США,1998,tt0119207,7.1
Господин учитель Ганнибал,"драма, трагикомедия, сатира, экранизация",Золтан Фабри,Венгрия,1956,tt0049290,7.6
Господство террора,"Фильм нуар, Триллер",Энтони Манн,США,1949,tt0041796,6.9
Господин Такси,комедия,Андрэ Юнебелль,Франция,1952,tt0044918,6.3
Господин Спасибо,"драма, комедия",Хироси Симидзу,Танцовщица из Идзу,1936,tt0027307,7.3
"Голубое, как Чёрное море",комедия,Ежи Зярник,Польша,1971,tt0070443,6.1
Господин Никто против Путина,документальный фильм,"Дэвид Боренштейн, Павел Таланкин","Дания, Чехия",2025,tt34965515,8.7
Господин оформитель,"Мистика, Драма, Фильм ужасов",Олег Тепцов,СССР,1988,tt0157713,6.9
Господин редактор безумствует,комедия,Ян Новина-Пшибыльский,Польша,1937,tt0029369,Рейтинг не найден
Господин Никто,детектив,Иван Терзиев,Болгария,1969,tt0191160,6.7
Господин директор флиртует,комедия,,,1914,,-
Господин Никто,"драма, фантастика, мелодрама, фэнтези",Жако Ван Дормаль,Канада,2009,tt0485947,7.7
Господин Мышь,криминальный фильм,Жорж Лакомб,Франция,1942,tt0035075,6.3
Господин Лазар,драма,Филипп Фалардо,Канада,2011,tt2011971,7.5
"Господин Легиньон, стрелочник",комедия,Морис Лабро,Франция,1952,tt0043816,6.3
Господин Великий Новгород,военный фильм,Алексей Салтыков,СССР,1984,tt0174705,5.4
"Господи, услыши молитву мою","драма, экранизация",Наталья Бондарчук,Россия,,tt0372305,3.9
"Господи, прости нас, грешных","драма, исторический",Артур Войтецкий,Украина,1992,tt0195755,5.8
Господин 420,"драматический фильм, комедийный фильм, романтический фильм",Радж Капур,Индия,1955,tt0048613,7.9
Господа Скотинины,,Григорий Рошаль,СССР,1926,tt0174704,6.7
Господа офицеры: Спасти императора,"приключенческий фильм, истерн, драма",Олег Фомин,Россия,2008,tt1126391,5.1
Госпиталь «Британия»,"комедия, фантастика",Линдсей Андерсон,Великобритания,"1982, 15 июня, 1984",tt0083694,6.2
Горящие пальмы,"комедия, драма","Кристофер Лэндон, У нас привидение!, Падение",США,2010,tt1283887,5.3
Господа Бронко,комедия,Джаред Хесс,США,2009,tt1161418,6.2
Горячие тропы,красный вестерн,Юлдаш Агзамов,СССР,1971,,-
Горячка,фильм ужасов,Ренато Польселли,Италия,1972,tt0068471,5.4
Госпожа Бовари,романтическая драма,Тим Файвелл,Великобритания,2000,tt0212318,6.5
"Горячий, крутой и злой",боевик,Ли Цзонань,Китайская Республика,,tt0074647,6.1
Горячие мамочки,комедия,Аксель Лаффон,Франция,2018,tt7205316,4.8
Горячий снег,"драма, военный фильм, исторический фильм",Гавриил Егиазаров,СССР,1972,tt0212194,6.9
Горячие новости,боевик,Джонни То,Гонконг,,tt0414931,6.7
Горячие денёчки,"комедия, мелодрама","Александр Зархи, Иосиф Хейфиц, Михаил Шапиро",СССР,1935,tt0022986,5.9
Горячие головы! Часть вторая,комедия,Джим Абрахамс,США,1993,tt0107144,6.6
Горячие головы!,комедия,Джим Абрахамс,США,1991,tt0102059,6.7
Горячая точка,"Боевик, Военная драма",Иван Соловов,Россия,1998,tt5159376,6.5
Горя бояться — счастья не видать,комедия,Виктор Туров,СССР,1973,tt4718892,6.6
Горянка,драма,Ирина Поплавская,СССР,1975,tt5364916,6.2
«Горько!»,комедия,"Юрий Мамин, Аркадий Тигай",Россия,1998,tt0233815,6.2
Горячая жевательная резинка:,комедия,Боаз Давидзон,ФРГ,1978,tt0079118,6.4
Горячие новости,боевик,Андерс Банке,"Россия, Швеция",2009,tt1230207,5.8
Горько! 2,"трагикомедия, псевдодокументальное кино",Жора Крыжовников,Россия,2014,tt4156700,4.0
Горько!,"кинокомедия, псевдодокументальное кино",Жора Крыжовников,Россия,2013,tt3194532,5.6
Горький чай генерала Йена,драма,Фрэнк Капра,США,1932,tt0023814,6.9
Горящая пашня,драма,Фридрих Мурнау,Германия,1922,tt0012973,6.9
Горький пир,"ужасы, триллер, комедия",Джо Маджио,США,2010,tt1477835,5.3
Горький можжевельник,"драма, семейное кино",Барас Халзанов,СССР,1985,tt0089219,Рейтинг не найден
Горький итог,"боевик, комедия, триллер",Дуан Кларк,США,1993,tt0106418,4.6
Горячие парни,"драма, боевик, криминал",Master P,США,2000,tt0191191,4.2
Горькие яблоки,драма,Гарри О. Хойт,США,1927,tt0017676,7.2
Горячее молоко,,Ребекка Ленкиевич,Великобритания,2025,tt17538632,Рейтинг не найден
Горькие зёрна,драма,"Валериу Гажиу, Вадим Лысенко",СССР,1966,tt0359344,6.2
Горькие слёзы Петры фон Кант,драма,Райнер Вернер Фасбиндер,ФРГ,1972,tt0068278,7.5
Горькая жатва,"фильм-драма, фильм о любви",Джордж Менделюк,Канада,2017,tt3182620,5.9
Горькая луна,"мелодрама, эротика, триллер",Роман Полански,"Франция, Великобритания, США",1992,tt0104779,7.2
Горы зовут,"детское кино, приключения",Дамир Салимов,СССР,1972,tt0308327,Рейтинг не найден
Горы и камни,драматический фильм,Джозеф Рубин,США,2017,tt4943322,6.4
Горячая лепёшка,социальная драма,Умид Хамдамов,Узбекистан,2019,tt11011540,6.4
Горшок меда,криминальная комедия,Джозеф Манкевич,США,1967,tt0061780,6.7
Горшок,"фантастика, фильм ужасов",Тим Бёртон,США,1986,tt0508431,6.3
Гороскоп Элизы,драма,Гордон Шеппэрд,Канада,1975,tt0065685,4.2
Гроза,драматический фильм,Кай Ганзен,Российская империя,1912,,-
Гороскоп на удачу,"комедия,  мелодрама",Арман Геворгян,Россия,2015,tt4871022,4.7
Гороскоп Иисуса Христа,"драма, детектив",Миклош Янчо,Венгрия,1989,tt0095422,6.3
Гроза,"драма, трагикомедия",Григорий Константинопольский,Россия,2019,tt10535046,5.4
Горожане,киноповесть,Владимир Роговой,СССР,1975,tt0073063,6.9
Гроза,драма,Владимир Петров,СССР,1933,tt0025207,6.7
Горький рис,драма,Джузеппе Де Сантис,Италия,1949,tt0040737,7.6
Горькая ягода,"детский фильм, мелодрама",Камара Камалова,СССР,1975,tt0297151,7.9
Горы дымят,"исторический, драма",Борис Небиеридзе,СССР,1989,tt5692520,5.8
Грузинский виноград,эротическая комедия,Георгий Шенгелая,Грузия,2001,tt0239426,5.1
Гробница мумии,"фильм ужасов, кинофантастика",Харольд Янг,США,1942,tt0035096,5.5
Груз в Кейптаун,"Приключенческая мелодрама, Фильм нуар",Эрл Макэвой,США,1950,tt0042314,6.1
Груз 300,"боевик, роуд-муви, военная, драма",Георгий Кузнецов,Афганистан,1989,tt0309643,5.8
Груз без маркировки,детектив,Владимир Попков,СССР,1984,tt0087368,5.3
Грубая сила,триллер,Жюль Дассен,США,1947,tt0039224,7.5
Горькие цветы,драматический фильм,Оливье Мейс,Франция,2017,tt7411742,6.9
Груз 200,"триллер, драма, криминал",Алексей Балабанов,Россия,2007,tt0847880,7.1
Грубость,боевик,Марино Джиролами,Италия,1975,tt0202583,5.2
Груз,Научная фантастика,"Иван Энглер, Ральф Эттер",Швейцария,2009,tt0381940,6.1
Грузинская хроника XIX века,"драма, притча",Александр Рехвиашвили,СССР,1978,tt0079244,7.4
Голубой свет,"фэнтезийный фильм, драматический фильм","Лени Рифеншталь, Бела Балаж",Германия,1932,tt0022694,6.8
Грубая посадка,драма,Мухтар Ага-Мирзаев,СССР,1985,tt0264661,6.5
Гроссмейстер,"спортивный фильм, мелодрама",Сергей Микаэлян,СССР,1972,tt0382724,6.4
"Громче, чем бомбы",драма,Йоаким Триер,"Норвегия, Франция, Дания",2015,tt2217859,6.6
Грубая сила,драматический фильм,Дэвид Уорк Гриффит,США,1914,tt0002719,5.3
Грубая огранка,"боевик, приключения, кинокомедия",Дон Сигел,США,"1980, 31 октября, 1980",tt0081439,5.7
Громозека,драма,Владимир Котт,Россия,2010,tt1273803,6.5
Гротеск,"фильм ужасов, триллер",Кодзи Сираиси,Япония,2009,tt1352369,4.7
Грузовик,"фильм ужасов, фантастика, триллер",Дин Фрэнсис,Австралия,2009,tt1241330,3.7
Громовой богомол,"боевик, комедия",Тедди Ип,Гонконг,1980,tt0087145,6.5
Громовое сердце,"криминал, детектив, триллер, вестерн, мистика, психологическая драма",Майкл Эптед,США,1992,tt0105585,6.8
Громовержцы*,,Джейк Шрейер,США,2025,tt20969586,Рейтинг не найден
Громобой и Быстроножка,"приключения, комедия, криминальный фильм",Майкл Чимино,США,1974,tt0072288,7.0
Громобой,"шпионский фильм, экшн",Джеффри Сакс,"Великобритания, США, Германия",2006,tt0457495,5.1
Группа «Дип пёрпл»: Пионеры «тяжёлого металла»,документальный фильм,Пол Джастмэн,США,1991,tt0223441,8.3
Громобой,"боевик, драма, комедия",Гордон Чан,Гонконг,1995,tt0114126,6.3
Громкая связь,комедия,Алексей Нужный,Россия,2019,tt9624470,6.6
Гром небесный,"Кинокомедия, мелодрама",Дени де Ла Пательер,ФРГ,1965,tt0059823,6.6
Гром на холме,"Фильм нуар, Мелодрама",Дуглас Сирк,США,1951,tt0044128,6.8
Гром: Трудное детство,,Олег Трофим,Россия,2023,tt19224780,6.0
Гром,мелодрама,Уильям Най,США,1929,tt0020498,6.8
Грозовой перевал,"драма, мелодрама",Андреа Арнольд,Великобритания,2011,tt1181614,6.0
Грозовой перевал,драматический фильм,Емеральд Феннелл,США,2025,tt32897959,Рейтинг не найден
Грозовой перевал,драма,Питер Козмински,"Великобритания, США",1992,tt0104181,6.6
Грозовой перевал,"драма, мелодрама, музыкальный",Сури Кришнамма,США,2003,tt0367245,4.1
Грозовой перевал,"Драма, Любовная история",Жак Риветт,Франция,1985,tt0089312,6.5
Грозовой перевал,"Драма, Любовная история",Луис Бунюэль,Мексика,1953,tt0046675,6.7
Грозные ночи,военный,"Александр Курочкин, Владимир Довгань",СССР,1960,tt0314131,5.3
Грозовой перевал,драма,А. В. Брамбл,Великобритания,1920,tt0011886,7.4
Грозовой перевал,мелодрама,Уильям Уайлер,США,1939,tt0032145,7.5
Грозный папа,"приключенческий фильм, фантастический фильм, комедийный фильм, семейный фильм",Карен Оганесян,Россия,2022,tt22468422,4.3
Грозовой перевал,"Драма, Любовная история",Дэвид Скиннер,Великобритания,,tt0204744,6.4
Гроздья смерти,фильм ужасов,Жан Роллен,Франция,1978,tt0078077,6.0
Гроза над Русью,исторический фильм,"Алексей Салтыков, Михаил Селютин","Россия, Украина",1992,tt0104370,8.0
Гроздья гнева,"драматическое, роуд-муви",Джон Форд,США,"1940, 24 января, 1940, 27 февраля, 1940, 15 марта, 1940",tt0032551,8.1
Гроза над полями,драма,"Юрий Лысенко, Николай Красий",СССР,1958,tt0314130,5.3
Гриф старого борца,драма,Евгений Бауэр,Российская империя,1916,,-
Гроза над Белой,исторический,"Евгений Немченко, Станислав Чаплин",СССР,1968,tt0347130,6.3
Грозовой понедельник,криминальная драма,Майк Фиггис,,1988,tt0096180,6.2
Гроб,"ужасы, триллер","Кипп Трайббл, Дерик Уинго",США,2011,tt1667416,3.8
Гром в штанах,"комедия, семейный фильм",Питер Хьюитт,"Великобритания, Германия",2002,tt0283054,3.8
Грозовой перевал,"драма, любовная история",Роберт Фуэст,Великобритания,1970,tt0066585,6.3
Гринго,"боевик, драма",Эдуардо Родригес,США,2012,tt1990216,5.4
Гринч — похититель Рождества,"семейный фильм, фэнтези, комедия, мелодрама",Рон Ховард,"Германия, США",2000,tt0170016,6.4
Гринберг,"драматический фильм, романтическая комедия","Ной Баумбах, Хайбол, Мистер Ревность, Госпожа Америка",США,2010,tt1234654,6.1
Грозный век,"фильм-балет, драма","Вадим Дербенёв, Юрий Григорович",СССР,1976,tt0076219,7.9
Грибной дождь,драма,Николай Кошелев,СССР,1982,tt0251720,5.2
Григорий Сковорода,"драма, биографический",Иван Кавалеридзе,СССР,1959,tt5091592,5.9
Грибы,фильм ужасов,Пэдди Бретнэк,Ирландия,2007,tt0492486,4.6
Грешный ангел,"киноповесть, драма",Геннадий Казанский,СССР,1962,tt0382060,5.4
Грешный Дэви,"приключения , комедия , детектив",Джон Хьюстон,Великобритания,1969,tt0064988,5.7
Гробница,"фильм ужасов, фэнтези",Фред Олен Рэй,США,1986,tt0090183,3.5
Грешница,"драма, экранизация","Фёдор Филиппов, Гавриил Егиазаров",СССР,1962,tt0314128,5.8
Грешник,комедия,Владимир Попков,СССР,1988,tt0095254,5.7
Гробница Лигейи,фильм ужасов,Роджер Корман,Великобритания,1964,tt0059821,6.4
Греческая смоковница,"Эротика, Комедия, Роуд-муви",Зигги Гётц,ФРГ,1976,tt0074591,5.4
Грешники,"фильм о вампирах, драматический фильм, фэнтезийный фильм, фильм-триллер, фильм ужасов",Райан Куглер,США,2025,tt31193180,Рейтинг не найден
Гризли Парк,фильм ужасов,Том Скалл,США,2008,tt0915460,4.0
Грехи отца,"драма, триллер",Том Маклафлин,Канада,2001,tt0258967,6.6
Грядущему веку,драма,Искандер Хамраев,СССР,1985,tt0174715,5.8
Греховная любовь,"драма, мелодрама",Мечислав Кравич,Польша,1929,tt1035457,Рейтинг не найден
Грибной человек,драма,Роберто Гавальдон,"Испания, Мексика",1976,tt0074636,5.8
Гриб-дождевик,"драма, фэнтези, фильм ужасов, триллер, мистика",Николас Роуг,"Канада, Ирландия, Великобритания",2007,tt0484881,4.3
Дансинг в ставке Гитлера,"психологическая драма, эротика, экранизация",Ян Баторы,ПНР,1968,tt0062858,7.3
Дантист,фильм ужасов,Брайан Юзна,США,1996,tt0116075,5.4
Дансер,драма,Фредерик Гарсон,Франция,2000,tt0190346,5.7
Грэйс,ужасы,Джефф Чан,"США, Канада",2014,tt3068192,4.6
Даника,"триллер, драма",Ариэль Вромен,США,2006,tt0469062,5.5
Даниил — князь Галицкий,"приключенческий фильм, фильм-биография",Ярослав Лупий,СССР,1987,tt0294500,6.8
Данди по прозвищу «Крокодил»,комедия,Питер Файман,"Австралия, США",1986,tt0090555,6.6
Даниэль и Анна,"триллер, драма",Мишель Франко,Мексика,2009,tt1392888,6.1
Грешница,"драматический фильм, романтический фильм",Вилли Форст,ФРГ,"1950, 18 января, 1951",tt0044098,6.8
Дамы и гусары,комедия,"Анатолий Ниточкин, Александра Ремизова",СССР,1976,tt6190266,6.4
Дамы приглашают кавалеров,комедия,"Киасашвили, Иван Давидович",СССР,1980,tt0080591,6.6
Дамы для досуга,мелодрама,Фрэнк Капра,США,1930,tt0021040,6.7
Дамы и господа,комедия,Пьетро Джерми,"Италия, Франция",1966,tt0062271,7.5
Дангал,спортивная драма,Нитеш Тивари,Индия,2016,tt5074352,8.3
Дамы в уединении,"Мелодрама, Фильм нуар",Чарльз Видор,США,1941,tt0033802,7.1
Грядущая забывчивость,драма,Фернандо Труэба,Колумбия,2020,tt11385336,7.2
Дамы в лиловом,драматический фильм,Чарльз Дэнс,Великобритания,"2004, 6 октября, 2005",tt0377084,7.0
Дамы Булонского леса,"драма, мелодрама",Робер Брессон,Франция,1945,tt0037630,7.1
Дамы,комедия,"Лев Кулиджанов, Генрих Оганесян",СССР,1954,tt0172293,Рейтинг не найден
Дамский угодник,комедия,Реджинальд Хадлин,США,2000,tt0213790,5.2
Дамбо,"фэнтези, приключения, историческая драма",Тим Бёртон,США,2019,tt3861390,6.3
Дамский убийца,детектив,Майкл Скотт,США,1992,tt0104671,5.2
Данвичский ужас,фильм ужасов,Ли Скотт,США,2009,tt1226752,3.6
Дампир,"фэнтези, хоррор",Риккардо Чемелло,Италия,2022,tt10315050,5.3
Дама с собачкой,Мелодрама,Иосиф Хейфиц,СССР,1960,tt0053746,7.3
Дама с попугаем,"лирическая комедия, мелодрама",Андрей Праченко,СССР,1988,tt0305408,6.8
Дамский портной,драма,Леонид Горовец,СССР,1990,tt0099345,6.8
Дама с камелиями,драматический фильм,Десмонд Дэвис,США,,tt0087028,6.2
Дама с камелиями,мелодрама,Ёситака Асама,Япония,1988,tt0350238,7.0
Дама с камелиями,драматический фильм,Мауро Болоньини,"Франция, Италия",1981,tt0082230,6.8
Дама с камелиями,"экранизация, мелодрама, драма",Ежи Антчак,Польша,1995,tt0109527,6.9
Дама с камелиями,"музыкальный фильм, мелодрама, драма, экранизация",Альфонсо Балькасар,"Испания, Франция, Италия",1962,tt0055785,6.4
Дама пик,"драма, триллер, музыкальный фильм, криминал",Павел Лунгин,Россия,2016,tt2231457,6.0
Дама с камелиями,"драма, мелодрама",Джордж Кьюкор,Его час,1936,tt0028683,7.3
Дама в очках и с ружьём в автомобиле,триллер,Жоанн Сфар,"Франция, Бельгия",2015,tt4159182,5.5
Дальше некуда!,комедия,Жорж Лотнер,Франция,1976,tt0075008,6.1
Дамское танго,мелодрама,Суламбек Мамилов,СССР,1983,tt0085395,6.1
Дальше по коридору,"ужасы, драма, фэнтези, триллер",Родриго Кортес,США,"1 августа, 2018, 17 августа, 2018, 11 октября, 2018",tt2372251,5.0
Дама без камелий,драма,Микеланджело Антониони,"Италия, Франция",1953,tt0046313,7.1
Дальше некуда,"криминальная, комедия",Джон Туртурро,США,2019,tt5974030,4.4
Дальше живите сами,комедия-драма,Шон Леви,США,2014,tt1371150,6.6
Дальний,"научно-фантастический фильм, комедийная драма, комедийный фильм","Уилл Спек, Джош Гордон",США,,tt9883398,5.7
Дальняя дорога,мелодрама,Джордж Тиллман-мл.,США,2015,tt2726560,7.0
Дальние страны,приключения,Мария Фёдорова,СССР,1964,tt0383295,5.6
Дальний рейс,фильм-драма,Хидэо Сэкигава,Япония,1960,tt0383731,7.0
Дальний космос,"научно-фантастический фильм, фильм-триллер, драматический фильм",Джо Пенна,Германия,2021,tt9203694,5.7
Дам миллион,комедия,Марио Камерини,Италия,1935,tt0027503,6.9
Даллас: Джей Ар возвращается,Мыльная опера,Леонард Кацман,США,,tt0116007,6.7
Далласский клуб покупателей,"драма, Саундтрек",Жан-Марк Валле,США,2013,tt0790636,7.9
Даллас: Ранние годы,Историческая драма,Ларри Эликанн,США,,tt0090898,6.8
Дама в чёрном,детектив,Арне Маттссон,Швеция,1958,tt0051514,6.2
Даллас: Война Юингов,Драма,Майкл Прис,США,,tt0145605,6.3
Далида,"драма, биография",Джойс Бунюэль,Франция,,tt0416362,6.7
Далеко-далеко,"драма, приключения",Рон Ховард,США,1992,tt0104231,6.6
Далеко от Москвы,драма,Александр Столпер,СССР,1950,tt0042371,5.8
Далеко на западе,драма,Александр Файнциммер,СССР,1968,tt0150261,5.8
Далёкие облака,драма,Кэйсукэ Киносита,Япония,1955,tt0048731,6.7
Далёкие мечты,драма,Майкл Хоффман,"США, Великобритания",1987,tt0095916,5.7
Далёкие близкие годы,"драма, истерн, приключения",Камиль Ярматов,СССР,1976,tt0383298,6.6
Дальше — тишина,спектакль,Анатолий Эфрос,СССР,1978,tt6315308,8.4
Далёкие близкие,"драма, комедия",Иван Соснин,Россия,2022,tt22398186,6.4
Грешники,фильм ужасов,Джон Пог,США,2005,tt0448177,2.8
Далёкая невеста,"лирическая комедия, музыкальный фильм",Евгений Иванов-Барков,СССР,1948,tt0040264,5.4
Далеко в горах,"драма, исторический фильм",А. Карпов,СССР,1958,tt0384902,5.0
Даки,,Серджиу Николаеску,"Румыния, Франция",1967,tt0060482,7.6
Два брата,драматический фильм,Дэвид Уорк Гриффит,США,1910,tt0001428,5.3
Далекий край,"приключенческий фильм, драма, мелодрама, вестерн",Энтони Манн,США,1954,tt0048055,7.1
Дважды два — пять,"криминальная, комедия",Ракеш Кумар,Индия,1980,tt0080638,6.8
Двое в пути,мелодрама,Леонид Марягин,СССР,,tt3302026,6.6
Далёкая синяя высь,"научная фантастика, псевдодокументальный",Вернер Херцог,Германия,"5 сентября, 2005, 15 июня, 2007, 1 ноября, 2007",tt0443693,6.1
Далёкие барабаны,вестерн,Рауль Уолш,США,1951,tt0043469,6.3
Двойник,"мелодрама, экранизация",Рихард Пикс,СССР,1986,tt0266491,6.1
Двойник приходит на помощь,комедия,Вернер Вальрот,ГДР,1985,tt0386418,Рейтинг не найден
Двойная страховка,"нуар, триллер",Билли Уайлдер,США,1944,tt0036775,8.3
Далеко по соседству,"драма, фэнтези",Сэм Гарбарски,Франция,2010,tt1266037,6.9
Дайте жалобную книгу,лирическая комедия,Эльдар Рязанов,СССР,1964,tt0057991,7.0
Двойник,"триллер, драма",Пол Хенрейд,США,1964,tt0057997,7.3
Двойная фамилия,драма,Станислав Митин,"Россия, Казахстан",2006,tt1409828,7.0
Двойник,"драма, мелодрама",Валериан Демерт,Российская империя,1916,tt0212125,Рейтинг не найден
Двойная рокировка,"триллер, криминальный фильм","Эндрю Лау, Алан Мак",Гонконг,2002,tt0338564,8.0
Двойная рокировка 2,"триллер, криминальный фильм","Эндрю Лау, Алан Мак",Гонконг,2003,tt0369060,7.2
Двойная проблема,"комедия, музыкальный фильм",Норман Таурог,США,5 апреля,tt0061595,5.1
Двойная петля,"байопик, военный",Джей Ди Диллард,США,2022,tt7693316,6.6
Двойная опасность,"Фильм нуар, Детективный фильм",Р. Г. Спрингстин,США,1955,tt0046927,6.3
Дакан,драма,Мухамед Камара,"Франция, Гвинея",1997,tt0118917,6.3
Двойная игра,"боевик, криминальный, драма",Джейсон Куань,"Гонконг, Китай",2023,tt21330770,5.1
Двойная мишень,боевик,Бруно Маттеи,Италия,1987,tt0092921,4.6
Двойная игра,боевик,Джастин Стил,США,2014,tt2252552,3.6
Двойная жизнь Чарли Сан-Клауда,драма,Бёрр Стирс,США,2010,tt1438254,6.4
Двойная жизнь Камиллы,драма,Ноэми Львовски,Франция,2012,tt2253939,6.3
Двойная забава,комедия,Индра Кумар,Индия,,tt1728239,4.0
Двоеженец,"нуар, мелодрама, драма",Айда Лупино,США,1953,tt0045557,6.8
Двойная жизнь Вероники,"драма, мелодрама, притча",Кшиштоф Кеслёвский,"Франция, Польша, Норвегия",1991,tt0101765,7.6
Двойная жизнь,Фильм нуар,Джордж Кьюкор,США,1947,tt0039335,6.9
Двое у моря,"комедия, мелодрама",Билл Беннетт,США,1996,tt0118002,5.3
Двое: Я и моя тень,романтическая комедия,Энди Теннант,США,1995,tt0113442,6.0
Двое на Манхэттене,драма,Жан-Пьер Мельвиль,Франция,1959,tt0052733,6.6
Двое робких,комедия,Рене Клер,Франция,1928,tt0018826,6.8
Двое на острове слёз,мелодрама,Виктор Дашук,СССР,1987,tt0294546,6.7
Двое под одним зонтом,"мелодрама, сказка, музыкальный",Георгий Юнгвальд-Хилькевич,СССР,1983,tt0085465,5.7
Двое на голой земле,Драма,Леонид Белозорович,СССР,1989,tt0309542,5.6
Двое на дороге,мелодрама,Стэнли Донен,Великобритания,1967,tt0062407,7.4
Двое из нас,драматический фильм,Майкл Линдсей-Хогг,США,2000,tt0228979,7.0
Двое в пустыне,,Алты Артыков,СССР,1968,,-
Двое из одного квартала,драма,"Илья Гурин, Аждар Ибрагимов",СССР,1957,tt0349388,7.0
Двое во вселенной,"драма, мелодрама",Джузеппе Торнаторе,"Италия, Великобритания",2016,tt3530978,6.1
Двойная порция,документальный,Морган Сперлок,США,2004,tt0390521,7.2
Двойная жизнь,комедия,Оливье Ассаяс,,2018,tt7250056,6.4
Двое в степи,"военная, драма, экранизация",Анатолий Эфрос,СССР,1962,tt0173783,7.0
Двое в новом доме,мелодрама,Тофик Шахвердиев,СССР,1978,tt0383333,6.1
Двое,Драма,Анатолий Матешко,"Россия, Украина",2010,tt3497398,6.0
"Дверь, открытая для тебя",драма,Петерис Крылов,СССР,1984,,-
Движение транспорта по мосту Лидс,Документальное кино,Луи Лепренс,Англия,1888,tt0343112,6.6
Двое,мелодрама,Михаил Богин,СССР,1965,tt0374631,7.9
"Двести миль под водой, или Кошмар рыболова","фантастика, приключенческий фильм",Жорж Мельес,Франция,1907,tt0000575,5.7
Движение вверх,"спортивная, драма",Антон Мегердичев,Россия,2017,tt5987402,6.7
Дверь в полу,драма,Тод Уильямс,США,2004,tt0348593,6.6
Дверь,фильм ужасов,Мэттью Арнольд,США,2013,tt1764647,5.3
Двенадцать стульев,"Мюзикл, Комедия",Максим Паперник,"Россия, Украина",2004,tt3963494,3.1
Двенадцать стульев,комедия,Ульрике Оттингер,Германия,2004,tt0420344,5.3
Двенадцать стульев,комедия,"Мартин Фрич, Михал Вашиньский","Чехословакия, Польша",1933,tt0168720,5.6
Двое бродяг,драма,Жуан Педро Родригеш,Португалия,2005,tt0450470,5.7
Двое в городе,драма,Жозе Джованни,"Франция, Италия",1973,tt0069967,7.3
Двенадцать спутников,психологический триллер,Эразм Карамян,СССР,1961,tt0418222,3.3
Дверь,драматический фильм,Иштван Сабо,Венгрия,2012,tt1194577,6.4
Двенадцать стульев,комедия,Мел Брукс,США,1970,tt0066495,6.4
Двенадцать ноль,фантастика,Джек Шолдер,США,1993,tt0106188,6.8
Двенадцать на Луне,фантастика,Дэвид Брэдли,США,1960,tt0054415,3.3
Двое — это слишком,"комедия, мелодрама",Фернандо Труэба,"США, Испания",1995,tt0118001,5.4
Двенадцать месяцев,фильм-сказка,Карел Янак,Чехия,2012,tt2593084,5.8
Двенадцать месяцев,сказка,Анатолий Граник,СССР,"1972, 1 января, 1973",tt0383331,7.0
Дверь без замка,мелодрама,Адольф Бергункер,СССР,1973,tt0383332,5.8
Путхисен и Леди Конгрей,фэнтезийный фильм,Ли Бан Им,Камбоджа,1968,tt2238893,6.1
Двенадцать золотых медальонов,"боевик, драма",Чэн Ган,Гонконг,1970,tt0192601,6.8
Двенадцать девушек и один мужчина,криминальная комедия,Ханс Квест,Австрия,1959,tt0053471,5.0
Двенадцать друзей Оушена,"детективный фильм, криминальная комедия, триллер, фильм-ограбление, электроника, джаз, рок",Стивен Содерберг,"США, США",2004,tt0349903,6.5
Двенадцатое лето,приключенческий фильм,Павел Фаттахутдинов,Россия,2008,tt1548551,5.9
Двенадцатая ночь,"комедия, драма, мелодрама",Тревор Нанн,"Великобритания, Ирландия, США",1996,tt0117991,7.1
Двенадцать стульев,"драматический фильм, комедийный фильм, экранизация романа",Томас Гутьеррес Алеа,Куба,1962,tt0055915,6.8
Двенадцать пар глаз,драма,Кэйсукэ Киносита,The Tokyo Night Sky Is Always the Densest Shade of Blue,1954,tt0047281,8.0
Двуличный любовник,"эротический, триллер",Франсуа Озон,Франция,2017,tt6367558,6.2
Двенадцатая ночь,комедия,Ян Фрид,СССР,1955,tt0049166,7.4
Двенадцать,"драма, триллер",Джоэл Шумахер,"США, Франция",2010,tt1407084,5.6
Девушки мечты,"драма, мюзикл",Билл Кондон,США,2006,tt0443489,6.6
Двуликий,джалло,Риккардо Фреда,ФРГ,1969,tt0063979,5.8
Девушки исчезают,слэшер,Роберт Деубел,США,1984,tt0087336,4.9
Двое и одна,мелодрама,Эдуард Гаврилов,СССР,1988,tt0305503,6.8
Девушки из исправительной колонии,"драма, триллер, криминальный фильм, Women in Prison",Том ДеСимон,США,1986,tt0091836,5.4
Девушки должны выходить замуж,музыкальная драма,Али Рида,Египет,1973,,-
"Двенадцатая ночь, или Что угодно",Телевизионный балет,Заал Какабадзе,СССР,1986,,-
Девушки из Рошфора,"комедия, драма, мюзикл, мелодрама","Жак Деми, Аньес Варда",Франция,1967,tt0062873,7.7
Девушки из «Согдианы»,"приключенческий фильм, музыкальная комедия, спортивный фильм, мелодрама",Мукадас Махмудов,СССР,1987,tt0294526,3.9
Девушки из «Челси»,драматический фильм,"Энди Уорхол, Пол Моррисси",США,1966,tt0061465,5.7
Девушка,"биографическая, драма",Джулиан Джаррольд,Великобритания,,tt2132485,6.2
Две тысячи песен Фариды,драма,Ёлкин Туйчиев,Узбекистан,2020,tt13346298,8.6
Девушки в униформе,драма,Леонтина Заган,Веймарская республика,1931,tt0022183,7.5
Девушки в униформе,драма,Геза фон Радваньи,ФРГ,1958,tt0051964,7.0
Девушки в опасности,"комедия, драма",Уит Стиллман,США,2011,tt1667307,5.8
Девушки в ночи,Фильм нуар,Джек Арнольд,США,1953,tt0045818,6.8
Девушки без границ,"мелодрама, драма",Геза фон Радваньи,ФРГ,1955,tt0048402,5.7
"Девушка, у которой было всё","трагедия, мелодрама",Ричард Торп,США,1953,tt0045816,5.6
"Девушка, похожая на меня: история Гвен Араухо",драма,Агнешка Холланд,США,,tt0787484,7.3
"Девушка, разрезанная надвое","Драма, Триллер",Клод Шаброль,Франция,2007,tt0901485,6.2
"Девушка, которая слишком много знала",Триллер,Марио Бава,Италия,1963,tt0057443,6.9
"Девушка, подающая надежды","драма, чёрная комедия, триллер",Эмиральд Феннел,Великобритания,2020,tt9620292,7.5
"Девушка, которая боялась дождя",психологический триллер,Кастилл Лэндон,США,2021,tt10037014,5.9
"Девушка, которая играла с огнём","триллер, криминал",Даниэль Альфредсон,"Швеция, Дания, Германия",2009,tt1216487,7.1
"Девушка, которая застряла в паутине","боевик, триллер, драма, фильм-нуар","Феде Альварес, Замкнутая цепь","США, Швеция, Великобритания, Канада, Германия",2018,tt5177088,6.1
"Девушка, которая взрывала воздушные замки","триллер, криминал",Даниэль Альфредсон,"Швеция, Дания, Германия",2009,tt1343097,7.3
«Девушка-джигит»,"комедия, музыкальный фильм",Павел Боголюбов,СССР,1955,tt0313967,4.8
Девушки бывают разные,комедия,Сарик Андреасян,Россия,2019,tt10988088,4.2
Девушка №6,"кинокомедия, мелодрама, драма, триллер",Спайк Ли,США,"30 мая, 1996, 1996",tt0116414,5.3
Девушка-лев,драма,Вибеке Идсё,Норвегия,2016,tt4677578,6.7
Девушка-гонзо,драма,Патрисия Аркетт,США,2023,tt6628922,6.8
Девушка у озера,"драма, детектив",Андреа Молайоли,Италия,2007,tt0770829,6.5
Девушка Тянь-Шаня,драма,Алексей Очкин,СССР,1960,tt5646212,Рейтинг не найден
Девушка со швейной машинкой,Лирическая комедия,"Михаил Чиаурели, Георгий Шенгелая",СССР,1980,tt0175167,7.6
Девушка твоей мечты,драма,Фернандо Труэба,Испания,1998,tt0158030,6.7
Девушка спешит на свидание,кинокомедия,"Михаил Вернер, Сергей Сиделёв",СССР,1936,tt0027522,6.6
Девушка со спичечной фабрики,драма,Аки Каурисмяки,"Финляндия, Швеция",1990,tt0098532,7.5
Девушка со статусом «Положительная»,драма,Питер Вернер,США,,tt0985692,6.5
Девушка с Петровки,"романтическая комедия, драматический фильм",Роберт Эллис Миллер,США,"22 августа, 1974, 28 февраля, 1975, 18 апреля, 1975",tt0071554,5.2
Девушка с характером,комедия,Константин Юдин,СССР,1939,tt0239342,6.9
Девушка с чемоданом,"драма, мелодрама",Валерио Дзурлини,"Италия, Франция",1961,tt0054225,7.4
Девушка с татуировкой дракона,"триллер, драма",Нильс Арден Уплев,"Швеция, Дания, Германия, Норвегия",2009,tt1132620,7.8
Девушка с обложки,"кинокомедия, музыкальный фильм",Чарльз Видор,США,"20 марта, 1944",tt0036723,6.7
Девушка с маяка,драма,Григорий Крикун,СССР,1956,tt0350805,4.9
Девушка с косой,комедия,Ольга Гнедич,Россия,2017,tt7855806,5.4
Девушка с юга,музыкальный фильм,Гарри Хьюджес,Великобритания,1933,tt0024602,7.1
Девушка с татуировкой дракона,,Дэвид Финчер,"США, Швеция, Великобритания, Германия",2011,tt1568346,7.8
Девушка с коробкой,комедия,Борис Барнет,СССР,1927,tt0017809,7.1
Девушка с иглой,драматический фильм,Магнус фон Хорн,Дания,2024,tt10236164,7.5
Девушка с гитарой,музыкальная комедия,Александр Файнциммер,СССР,1958,tt0150316,6.1
Девушка с далёкой реки,"лирическая,  кинопоэма",Евгений Червяков,СССР,1927,tt0017810,Рейтинг не найден
Девушка с браслетом,юридическая драма,Стефан Демустье,Франция,2019,tt7766886,6.6
Девушка с жемчужной серёжкой,"драма, мелодрама",Питер Уэббер,"Великобритания, Люксембург",2003,tt0335119,6.9
Девушка с вечеринки,"Фильм нуар, Гангстерский фильм, Мелодрама",Николас Рэй,США,1958,tt0052050,7.0
Девушка под прикрытием,Фильм нуар,Джозеф Певни,США,1950,tt0043087,6.4
Девушка по соседству,"криминальный фильм, драма, Триллер",,США,2007,tt0830558,6.5
Девушка моего лучшего друга,комедия,Говард Дойч,США,2008,tt1046163,5.8
Девушка на мосту,трагикомедия,Патрис Леконт,Франция,1999,tt0144201,7.5
Девушка по вызову,драма,Стивен Содерберг,США,2009,tt1103982,5.5
Девушка моих кошмаров,комедия,"Бобби, Питер Фаррелли",США,2007,tt0408839,5.8
Девушка моей мечты,мюзикл,Георг Якоби,нацистская Германия,1944,tt0036838,6.5
Девушка моего брата,"драматический фильм, комедийный фильм, комедийная драма",Мония Шокри,Канада,"15 мая, 2019",tt10155342,6.6
Девушка из стратосферы,"романтический фильм, драматический фильм, история взросления",Маттиас Оберг,Германия,"7 февраля, 2004, 9 сентября, 2004",tt0306097,6.3
Девушка из Триеста,мелодрама,Паскуале Феста-Кампаниле,Италия,1982,tt0086165,6.0
Девушка из стали,"боевик, приключенческий фильм",Хэ Мэнхуа,Гонконг,1970,tt0065958,6.1
Девушка из Рио,"боевик, приключенческий фильм",Хесус Франко,ФРГ,1969,tt0062808,4.2
Девушка Миллера,эротический триллер,Джейд Холли Бартлетт,США,2024,tt8310486,5.2
Девушка из Салема,драма,Фрэнк Ллойд,США,1937,tt0029190,6.5
Девушка из Монако,"комедия, драма",Анн Фонтен,Франция,2008,tt1139800,5.8
Девушка с голодными глазами,фильм ужасов,Джон Джейкобс,США,1995,tt0113175,4.1
Дело,Драма,Леонид Пчёлкин,СССР,,tt0101079,6.5
Девушка из прогноза погоды,комедия,Блэйн Уивер,США,2009,tt1085515,5.8
Девушка из пригорода,"драма, комедия",Марк Клейн,США,2007,tt0428579,5.4
Дело «пёстрых»,"драма, детектив",Николай Досталь,СССР,1958,tt0051527,5.9
Деликатесы,"Антиутопия, Кинокомедия","Жан-Пьер Жёне, Марк Каро",Франция,1991,tt0101700,7.5
Дело — труба,"драма, комедия, любовная история, музыкальный фильм",Марк Херман,"Великобритания, США",1996,tt0115744,7.2
Делла,драма,Роберт Гист,США,1964,tt0059096,5.5
День женщины,,Мейр Зарки,США,1978,tt0077713,5.6
День животных,природный фильм ужасов,Уильям Гёрдлер,США,1977,tt0075913,5.3
Первое апреля — день дураков,"фильм ужасов, триллер",Фред Уолтон,США,1986,tt0090655,6.1
Демонические игрушки,фильм ужасов,Питер Манугян,США,1991,tt0104083,5.0
"День добрый, улыбка",комедия,Клод Соте,Франция,1955,tt0047894,4.7
День драфта,"спортивная, драма",Айван Райтман,США,2014,tt2223990,6.8
День до,"драма, фантастика","Александр Котт, Владимир Котт, Александр Карпиловский, Борис Хлебников",Россия,2016,tt15574942,5.0
День денег,Кинокомедия,Алексей Рудаков,Россия,2006,tt4960376,4.3
День дельфина,фантастика,Майк Николс,США,1973,tt0069946,6.0
Дело,драматический фильм,Алексей Герман мл.,Россия,2021,tt14323258,6.4
День длиннее ночи,драма,Лана Гогоберидзе,СССР,1983,tt0087136,7.1
День Д,"боевик, приключения, комедия",Михаил Пореченков,Россия,2008,tt1432916,3.2
День гнева,"фантастика, ужасы",Суламбек Мамилов,СССР,1985,tt0167115,6.1
День выборов 2,комедия,Александр Баршак,Россия,2016,tt5487052,6.2
День восьмой,"драма, комедия",Жако Ван Дормаль,"Бельгия, Франция, Великобритания",1996,tt0116581,7.5
День гнева,драма,Карл Теодор Дрейер,Дания,1943,tt0036506,8.1
День выборов,комедия,Олег Фомин,Россия,2007,tt1198196,7.4
День возмездия,красный вестерн,"Альгимантас Пуйпа, Стасис Мотеюнас",СССР,1975,tt4839176,5.8
День без вечера,драма,Марис Рудзитис,СССР,1962,tt0350792,5.6
День Виктории,драматический фильм,Дэвид Безмозгис,Канада,2009,tt1331126,6.3
День без числа,,Владимир Кочетов,СССР,,tt2396449,Рейтинг не найден
День ангела,трагикомедия,"Сергей Сельянов, Николай Макаров",СССР,1988,tt0208084,6.6
День войны,"документальный, военный, пропагандистский",Михаил Слуцкий,СССР,1942,tt0034641,7.4
День ангела,"драма, фильм-катастрофа",Станислав Говорухин,СССР,1968,tt0391920,6.7
День благодарения,слэшер,Элай Рот,США,"30 ноября, 2023, 17 ноября, 2023, 1 декабря, 2023, 7 декабря, 2023",tt1448754,6.2
"День «Д», 6 июня","военный фильм, романтический фильм, драматический фильм",Генри Костер,США,1956,tt0049117,5.9
Денни цепной пёс,"боевик, криминальный фильм, драма, триллер",Луи Летерье,США,2005,tt0342258,7.0
Денежный поезд,"боевик, бадди-муви",Джозеф Рубен,США,1995,tt0113845,5.7
Деннис-мучитель,комедийный фильм,Ник Кастл,США,1993,tt0106701,5.7
Денежный перевод,комедийная драма,Усман Сембен,"Сенегал, Франция",1968,tt0063268,7.3
«Денискины рассказы»,"музыкальный фильм, комедия",Владимир Храмов,СССР,1970,tt1508257,7.0
День «да»,"семейный, комедия",Мигель Артета,США,2021,tt8521876,5.7
Демоны войны,"боевик, военный фильм",Владислав Пасиковский,Польша,1998,tt0144164,6.2
Демоны 3,Ужасы,Ламберто Бава,Италия,1988,tt0095775,4.6
Демоны в мыслях,"фильм ужасов, триллер",Питер Сайкес,Распутин: Сумасшедший монах,1972,tt0066982,5.3
Демоны Санкт-Петербурга,"драма, фильм-биография",Джулиано Монтальдо,Италия,2008,tt0997280,6.1
Демоны,фильм ужасов,Гленн Стэндринг,Новая Зеландия,2000,tt0267601,5.4
Демоны,"фильм ужасов, nunsploitation",Хесус Франко,"Франция, Португалия",1972,tt0068522,5.2
Демон-любовник,драма,Оливье Ассайас,Франция,2002,tt0284034,5.9
Демоны,"фильм ужасов, фильм о зомби, фильм о монстрах",Ламберто Бава,Италия,"1985, 4 октября, 1985, 30 мая, 1986",tt0089013,6.6
Демон революции,"исторический, драматический",Владимир Хотиненко,Россия,,tt7598872,5.3
Демон ночи,фильм ужасов,Саймон Хантер,Великобритания,2000,tt0139426,4.8
Демон,"боевик, приключенческий фильм, драма, триллер",Мани Ратнам,Индия,2010,tt1664806,6.9
Демон внутри,"фильм ужасов, детектив",Андре Эвредал,"Великобритания, США",2016,tt3289956,6.8
Демоны Деборы Логан,"ужасы, триллер, детектив",Адам Робител,США,2014,tt3387648,6.0
«Демоник»,"Научная фантастика, Фильм ужасов",Нил Бломкамп,"[, ]",2021,tt13392012,4.3
Демон снов,фильм ужасов,Харли Коклисс,Великобритания,1988,tt0095063,5.6
Демон,фильм-опера,Виталий Головин,СССР,1960,tt1679551,7.8
Дельта Венеры,"эротика, драма",Залман Кинг,"США, Чехия",1995,tt0109593,4.7
Демоны 2,фильм ужасов,Ламберто Бава,Италия,1986,tt0090930,5.9
Деметрий и гладиаторы,драма,Делмер Дэйвс,США,"1954, 18 июня, 1954",tt0046899,6.6
Демон со стеклянной рукой,фантастика,Байрон Хаскин,США,1964,tt0667812,8.6
Демаркационная линия,"Драма, Военный фильм",Клод Шаброль,Франция,1966,tt0060630,7.1
Деловой день,комедия,Чарли Чаплин,США,1914,tt0003733,4.7
Дельта,драма,Айра Сакс,США,1996,tt0116070,5.6
Деловые люди,,Леонид Гайдай,СССР,1962,tt0056982,7.6
Демон,криминальная драма,Ёситаро Номура,Япония,1978,tt0202434,7.4
Деловой день Мейбл,"комедия, короткометражный, немой",Мэйбл Норманд,США,1914,tt0004280,5.4
Деловая девушка,"Кинокомедия, мелодрама",Майк Николс,США,1988,tt0096463,6.8
Дело храбрых,"драма, биография",Джозеф Косински,США,2017,tt3829920,7.6
Демидовы,"драма, исторический фильм",Ярополк Лапшин,СССР,1983,tt0085421,6.7
Дело № 39,"триллер, ужасы",Кристиан Альварт,"США, Канада",2009,tt0795351,6.2
Дело № 306,детективный фильм,Анатолий Рыбаков,СССР,1956,tt0049133,6.6
Дело Тариэла Мклавадзе,фильм ужасов,Иван Перестиани,СССР,1925,tt0015771,6.1
Дело Сухово-Кобылина,"драма, биографический фильм",Леонид Пчёлкин,СССР,1991,tt0101079,6.5
Дело фирмы,"шпионский фильм, комедия",Николас Мейер,США,1991,tt0101606,5.7
Деловой роман,"драма, комедия",Шарлотта Брандстром,"США, Великобритания, Франция",1994,tt0109352,5.5
Дело Тельмы Джордон,"детектив, фильм нуар",Роберт Сиодмак,США,1950,tt0041368,6.9
Дети Победы,документальный,Сергей Сотниченко,Украина,,,-
Дети природы,драма,Жан Беккер,Франция,1999,tt0167926,7.4
Дельфийский эффект,"боевик, приключенческий фильм",Рон Оливер,"США, Германия",2008,tt1043839,5.2
Дети Памира,экранизация,Владимир Мотыль,СССР,1962,tt0142221,6.3
Дети понедельника,комедия,Алла Сурикова,Россия,1997,tt0184392,6.1
Дети природы,"драма, мелодрама",Фридрик Тоур Фридрикссон,"Исландия, Германия, Норвегия",1991,tt0101526,7.2
Дети ночи,фильм ужасов,Тони Рэндел,США,1991,tt0103957,4.7
Дети партизана,шпионский фильм,"Лев Голуб, Николай Фигуровский",СССР,1954,tt0411285,6.2
Дельфиний риф,документальный,"Аластер Фотергилл, Кит Шолей",США,2018,tt10055028,7.4
Дети небес,драма,Маджид Маджиди,Иран,1997,tt0118849,8.2
Дети моей сестры / Племяннички,комедия,Томас Виллум Йенсен,Дания,2001,tt0290006,5.4
Дети Мисс Эверс,"драма, военный",Джозеф Сарджент,США,,tt0119679,7.1
Дети меньшего бога,драма,Рэнда Хейнс,США,1986,tt0090830,7.2
Дети Марса,документальный фильм,Фрэнк Донован,США,1943,tt0035734,Рейтинг не найден
"Дело, которое надо уладить","комедия, соцреализм","Ян Рыбковский, Ян Фетке",Польша,1953,tt0046356,5.3
Дети Леса: Мельник,"мистика, ужасы, драма",Даниил Тигулёв,Россия,2025,tt29932613,Рейтинг не найден
Дети Ленинградского,документальный фильм,"Ханна Полак, Анджей Целински",Польша,2004,tt0442947,7.8
Дети кукурузы: Беглянка,фильм ужасов,Джон Гулагер,США,2018,tt5565634,3.7
Дети кукурузы: Генезис,фильм ужасов,Джоэль Сойссон,США,2011,tt1745672,3.6
Дети кукурузы 666: Возвращение Айзека,"фильм ужасов, триллер",Кари Скогланд,США,1999,tt0177625,3.5
Дети кукурузы 4: Сбор урожая,фильм ужасов,Грег Спенс,США,1996,tt0115885,4.3
Дети кукурузы: Апокалипсис,фильм ужасов,Гай Магар,США,2001,tt0279730,3.4
Дети кукурузы 2: Последняя жертва,"фильм ужасов, триллер",Дэвид Прайс,США,1992,tt0106557,4.4
Дети капитана Гранта,приключенческий фильм,Владимир Вайншток,СССР,1936,tt0027516,6.7
Дети кукурузы 3: Городская жатва,фильм ужасов,Джеймс Д.Р. Хикокс,США,1995,tt0109415,4.3
Дети кукурузы,ужасы,Курт Уиммер,США,2020,tt12311866,3.8
Дети кукурузы,Фильм ужасов,Фриц Кирш,США,1984,tt0087050,5.6
Дети капитана Гранта,"экранизация романа, немое кино","Викторен Жассе, Анри Руссель, Джозеф Фэвр",Франция,1913,tt0449233,6.2
Дети моря,,Константин Пипинашвили,СССР,1964,tt0275097,5.2
Дети кукурузы,фильм ужасов,Дональд П. Боркерс,США,,tt1290135,3.8
Дети Земли,драма,Ходжа Ахмад Аббас,Британская Индия,1946,tt0038475,6.5
Дети как дети,Мелодрама,Аян Шахмалиева,СССР,1978,tt0166165,7.5
Дети живых мертвецов,"фильм ужасов, триллер",Тор Рэмси,США,2001,tt0276011,2.4
Дети завтрашнего дня,научно-фантастическая,Крейн Уилбур,США,1934,tt0220107,5.6
Дети железной дороги,"детский фильм, драматический фильм, экранизация романа",Лайонел Джеффрис,Великобритания,1970,tt0066279,7.3
Демон смерти,"фильм ужасов, триллер",Майкл Фейфер,США,2007,tt0903622,2.5
Дети Дюны,фантастика,Грег Яйтанс,США,,tt0287839,7.2
Дети во все времена года,драма,Хироси Симидзу,Япония,1939,tt0335235,7.2
Дети Графства Паука,фантастика,Леонард Хорн,США,1964,tt0667831,6.2
Дети Дон Кихота,Трагикомедия,Евгений Карелов,СССР,1965,tt0129035,7.4
Дети греха,"драма, притча",Годердзи Чохели,СССР,1989,tt0280158,8.2
Дети кукурузы 5: Поля страха,Слэшер,Этан Уайли,США,1998,tt0150111,3.9
Дети Бога,драма,Карим Мортимер,Багамские Острова,2010,tt1490602,6.6
Дети Ванюшина,драма,Евгений Ташков,СССР,1973,tt0411284,8.0
Дети в стране игрушек,"приключенческий фильм, семейный фильм, фэнтези",Клайв Доннер,ФРГ,1986,tt0090683,5.2
Дети без присмотра,комедия,Пол Фиг,США,2006,tt0488658,5.4
Детектор лжи,"криминальный фильм, драма","Джонас Пэйт, Джош Пэйт",США,1997,tt0119527,6.4
Детектив Найт: Мерзавец,"боевик, триллер",Эдвард Дрейк,США,2022,tt21435436,3.8
Детективная история,"Фильм нуар, Драма",Уильям Уайлер,США,1951,tt0043465,7.5
Дети,фильм ужасов,Макс Калманович,США,1980,tt0080527,5.4
Детектив Найт: Искупление,"боевик, триллер",Эдвард Дрейк,США,2022,tt22394694,4.0
Детектив Ди и тайна Призрачного Пламени,"Боевик, Детектив, Фэнтези",Цуй Харк,"Китай, Гонконг",2010,tt1123373,6.6
Дети века,"драма, мелодрама, фильм-биография",Диана Кюрис,Франция,1999,tt0177746,6.5
Десять процентов мне,комедия,Юлиуш Гардан,Польша,1933,tt0024345,6.0
Десять с половиной баллов,"фильм-катастрофа, фантастика",Джон Лафия,США,,tt0364146,4.6
Детектив,детектив,Жан-Люк Годар,"Франция, Швейцария",1985,tt0089066,5.7
Дети балета,детский фильм,Астрид Хеннинг-Енсен,Дания,1954,tt0445207,Рейтинг не найден
Дети блокады,документальный сериал,Алла Чикичева,Россия,,tt7151580,Рейтинг не найден
Детектив Найт: Независимость,"боевик, триллер, криминал",Эдвард Дрейк,США,2023,tt22394694,4.0
Десять негритят,"детективный, триллер",Станислав Говорухин,СССР,1987,tt0092879,7.7
Дети века,"драма, мелодрама",Евгений Бауэр,Российская империя,1915,tt0795927,6.1
Десять негритят,детективный фильм,Питер Коллинсон,"Германия, Италия, Франция, Испания",1974,tt0072263,5.7
Десять минут тишины,"авангард, экспериментальный",Дмитрий Фролов,Россия,2005,tt7142204,8.4
Десять лет без права переписки,политическая драма,Владимир Наумов,ФРГ,1990,tt0099413,5.8
Десять лодок,"комедия, драма",Рольф Де Хир,Австралия,2006,tt0466399,6.9
Детали,Комедия,Джейкоб Аарон Эстес,США,2011,tt1433207,6.1
Десять зим,мелодрама,Валерио Мьѐли,"Италия, Россия",2009,tt1364481,6.7
Десять тысяч святых,драма,"Шари Спрингер Берман, Роберт Пульчини",США,2015,tt3397754,5.9
Десять заповедей,пеплум,Сесил Б. Демилль,США,1956,tt0049833,7.9
Десять тигров из Квантуна,"боевик, драма",Чжан Чэ,Гонконг,1979,tt0080002,6.2
Десять,драма,Аббас Киаростами,,2002,tt0301978,7.4
Десять заповедей,"эпос, драма",Сесил Демилль,США,1923,tt0014532,6.8
Десятка,"комедия, мелодрама, эротика",Блейк Эдвардс,США,1979,tt0078721,6.1
Десятиминутный разговор,комедийный фильм,Джамиль ван Вейнгарден,Нидерланды,"2 октября, 2018",tt9045022,7.7
Десятидюймовый герой,"комедия, мелодрама, драма",Дэвид Маккей,США,2007,tt0829297,7.3
Джокер: Безумие на двоих,"драма, криминал, мюзикл, триллер",Тодд Филлипс,США,2024,tt11315808,5.2
Десять зим за одно лето,,Валериу Гажиу,СССР,1969,,-
Джокер,"комедия, фантастика, Саундтрек",Шириш Кундер,"Индия, Индия",2012,tt1918886,2.5
Джон Адамс,"биография, история, драма",Том Хупер,США,Сказочник,tt0472027,8.4
Джокер,"психологический триллер, драма",Тодд Филлипс,США,2019,tt7286456,8.3
Джокер,комедия,Александр Каурых,Россия,2016,tt5680590,6.7
Десять заповедей,комедия,Дэвид Уэйн,США,2007,tt0811106,4.9
Джой,"драма, трагикомедия",Дэвид О. Расселл,США,2015,tt2446980,6.6
Джойстики,комедийный фильм,Грейдон Кларк,США,1983,tt0085764,4.5
Джой,комедия,Йен  Бэрри,Австралия,1997,tt0119415,4.8
Десятый шаг,драма,Виктор Ивченко,СССР,1967,tt0403977,5.6
Джодха и Акбар,"исторический, мелодрама",Ашутош Говарикер,Индия,2008,tt0449994,7.5
Джози и кошечки,"комедия, музыка","Гарри Элфонт, Дебора Каплан","США, Канада",2001,tt0236348,5.7
Джокер,"приключенческий фильм, комедия, боевик",Юрий Кузьменко,СССР,1991,tt0182058,4.9
Джованни Фальконе,драма,Джузеппе Феррара,Италия,1993,tt0126320,7.0
Джобс: Империя соблазна,"драма, фильм-биография",Джошуа Майкл Штерн,США,2013,tt2357129,6.0
Джоан Луй,"фантастика, мюзикл",Адриано Челентано,ФРГ,1985,tt0089375,4.7
Джо против вулкана,"комедия, мелодрама",Джон Патрик Шэнли,США,1990,tt0099892,5.9
Джo и Макс,драма,Стив Джеймс,США,2002,tt0281938,6.5
Джо,драма,Дэвид Гордон Грин,США,2013,tt2382396,6.8
Джо,комедия,Жан Жиро,Франция,1971,tt0067274,7.1
Джо Макбет,"Фильм нуар, Гангстерский фильм",Кен Хьюз,США,1955,tt0048230,6.2
Джо,"триллер, драма",Джон Эвилдсен,США,1970,tt0065916,6.8
Джо и Милу,комедия,Жозе Дайан,Франция,1992,tt0222064,4.8
Джой,,,Великобритания,2024,tt10243672,7.1
Джихад за любовь,документальный,Парвез Шарма,"США, Великобритания, Германия, Франция, Австралия",2007,tt0780046,6.4
Джипси 83,"драма, роуд-муви",Тодд Стефенс,США,2001,tt0251110,6.8
Джиу-джитсу: Битва за Землю,"боевик, фантастика",Димитри Логотетис,США,2020,tt9624766,2.9
Джиперс Криперс,"фильм ужасов, фильм ужасов, подростковый фильм, фильм о монстрах, слэшер",Виктор Сальва,Германия,2001,tt0263488,6.2
Джиперс Криперс: Возрождённый,фильм ужасов,Тимо Вуоренсола,США,2022,tt14121726,2.6
Джиперс Криперс 2,"фильм ужасов, триллер",Виктор Сальва,США,2002,tt0301470,5.7
Джинсы-талисман 2,"мелодрама, комедия",Саана Хамри,США,6 августа,tt1018785,6.2
Джиперс Криперс 3,фильм ужасов,Виктор Сальва,США,2017,tt1139592,3.9
Джинсы-талисман,"приключенческий фильм, комедия, драма",Кен Квапис,США,31 мая,tt0403508,6.5
Джинпа,притча,Пема Цеден,Китай,2018,tt8836292,6.6
Джиндабайн,драматический фильм,Рэй Лоуренс,Австралия,2006,tt0382765,6.3
Джинны,"мистика, боевик, военный","Хью Мартин, Сандра Мартин",Франция,2010,tt1372689,5.1
Джина,драматический фильм,Дени Аркан,Канада,1975,tt0071552,6.4
Джинджер и Фред,"мелодрама, комедия",Федерико Феллини,ФРГ,1986,tt0091113,7.2
Джимми-Голливуд,комедия,Барри Левинсон,США,1994,tt0110197,5.3
Джимены,Криминальная мелодрама,Уильям Кейли,Король матча,1935,tt0026393,7.1
Джимми Пикар,драма,Арно Деплешен,Франция,"18 мая, 2013",tt2210834,6.1
Джимми Хиггинс,драма,Георгий Тасин,СССР,1928,tt0336299,Рейтинг не найден
Джим с Пиккадилли,романтическая комедия,Джон Маккей,Остров Мэн,2005,tt0371878,5.8
Джим и Энди: Другой мир,документальный фильм,Крис Смит,США,"17 ноября, 2017",tt7214762,7.6
Джим Пуговка и машинист Лукас,"приключения, фэнтези",Деннис Ганзель,Германия,2018,tt3072732,6.3
Джим Маршалл: Рок-н-ролл в объективе,документальный фильм,Альфред Джордж Бэйли,США,2019,tt9617772,7.3
Джиа,"биографическая, драма",Майкл Кристофер,США,,tt0123865,6.9
Джеффри,комедия,Кристофер Эшли,США,1995,tt0113464,6.8
Джефферсон в Париже,"мелодрама, исторический",Джеймс Айвори,Франция,1995,tt0113463,5.7
Джесси Джеймс встречает дочь Франкенштейна,"фантастика, Вестерн",Уильям Бодайн,США,"10 апреля, 1966, 1966",tt0060558,3.4
Джестер,ужасы,Колин Кравчук,США,2023,tt26533869,3.9
Джерри Магуайер,"спортивный фильм, драма, комедия",Кэмерон Кроу,США,1996,tt0116695,7.3
Джерри,драма,Гас Ван Сент,США,2002,tt0302674,6.0
Джими Хендрикс,"фильм-биография, музыкальный фильм",Джон Ридли,"Великобритания, Ирландия, США",2013,tt2402085,5.7
Джентльмены удачи,комедия,Александр Серый,СССР,1971,tt0068519,8.3
"Джентльмены, удачи!","комедия, криминал, детектив","Александр Баранов, Дмитрий Киселёв",Россия,2012,tt2592464,2.9
Джетлаг,,,Россия,2021,tt13173116,7.0
Джигит всегда джигит,музыкальная комедия,Меред Атаханов,СССР,1985,tt0266492,Рейтинг не найден
"Джефф, живущий дома",трагикомедия,"Джей Дюпласс, Марк Дюпласс",США,2011,tt1588334,6.4
Джильи,"комедия, драма",Мартин Брест,США,2003,tt0299930,2.6
Джентльмены женятся на брюнетках,"романтическая, комедия",Ричард Сэйл,США,1955,tt0048111,5.1
Джентльмены,"криминал, комедия, боевик",Гай Ричи,Великобритания,2019,tt8367814,7.8
Джентльмен грабитель,"боевик, криминальный фильм, фильм-биография, драма, триллер",Тристан Пэттерсон,США,2014,tt0835775,4.6
Джентльмен из Кокоди,приключенческий фильм,Кристиан-Жак,"Франция, Италия",1965,tt0058137,5.4
Джентльменское соглашение,драма,Элиа Казан,США,1947,tt0039416,7.2
Джентльмен Джим,"спортивная, драма",Рауль Уолш,США,1942,tt0034778,7.5
Дженнифер-восемь,"детектив, мистический, триллер",Брюс Робинсон,США,1992,tt0104549,6.3
Джеронимо: Американская легенда,вестерн,Уолтер Хилл,США,1993,tt0107004,6.5
Диана: Мюзикл,"мюзикл, драма, биография",Кристофер Эшли,США,2021,,-
"Дженин, Дженин",Документальный фильм,Мохаммед Бакри,Израиль,2002,tt0363720,7.4
Джентльмены предпочитают блондинок,музыкальная комедия,Говард Хоукс,США,1953,tt0045810,7.1
Дилер,"криминальная драма, гангстерский фильм",Николас Виндинг Рефн,Дания,1996,,-
Джем и голограммы,"музыкальный фильм, фантастический фильм",Джон Чу,США,2015,tt3614530,4.2
Дива,триллер,Жан-Жак Бенекс,Франция,1981,tt0082269,7.1
Диана: Последние дни принцессы,драма,Ричард Дэйл,Великобритания,,tt1058073,5.5
Дилемма художника,фантастика,Эдвин Стэнтон Портер,США,1901,tt0196346,5.9
Джентльмен из Эпсома,комедия,Жиль Гранжье,Франция,1962,tt0056014,6.1
Дилемма доктора,драма,Энтони Асквит,Великобритания,1958,tt0052744,5.8
Дилан Дог: Хроники вампиров,"мистика, фильм ужасов, комедия",Кевин Манро,США,2010,tt1013860,5.1
Дженис: маленькая девочка грустит,"документальный фильм, биографический фильм",Эми Берг,США,"2015, 14 января, 2016, 22 октября, 2015, 5 февраля, 2016, 14 января, 2016, 10 марта, 2016",tt3707114,7.4
Джонни Цунами,"драма,, семейный,, спорт",Стив Бойум,США,,tt0206064,6.3
Диктатор,комедия,Ларри Чарльз,США,"16 мая, 2012, 17 мая, 2012",tt1645170,6.5
Дикость 4: Оргия,"детектив, драма, триллер, эротика",Энди Хёрст,США,2010,tt1523372,4.4
Дикость 3: Неогранённые алмазы,"детектив, триллер, эротика",Джей Лови,США,2005,tt0448179,4.5
Дикость,"детектив, эротика, триллер",,США,1998,tt0120890,6.6
Дикость 2,"детектив, триллер",Джек Пэрес,США,2004,tt0365270,4.5
Дикость,"слэшер, триллер",Майкл Бассетт,Великобритания,2006,tt0465670,6.1
Дикость,"криминальный фильм, триллер, эротика",Джон МакНотон,США,1998,tt0120890,6.6
Дикое сердце,"драма, мелодрама",Тони Билл,США,1993,tt0108451,6.8
Дикое сердце,мелодрама,Тито Дависон,Мексика,1968,tt0061518,6.3
Дикое поле,"Драма, комедия, вестерн",Ярослав Лодыгин,Украина,2018,tt5890460,7.2
Диас: Не вытирайте эту кровь,драма,Даниэле Викари,"Италия, Франция, Румыния",2012,tt1934234,7.3
Дженис и Джон,Комедия,Самюэль Беншетри,Франция,2003,tt0340181,6.1
Дикое поле,драма,Михаил Калатозишвили,Россия,2008,tt1252383,7.1
Дикий цветок,"романтический фильм, немое кино, драматический фильм",Аллан Двон,США,1914,tt0004816,Рейтинг не найден
Дикое поле,драма,Николай Гусаров,СССР,1991,tt0412644,5.0
Дикий цветок,"драма, мелодрама, военный",Эмилио Фернандес,Мексика,1943,tt0035890,7.2
"Дикий, дикий Вест","фантастический, вестерн, стимпанк, боевик, комедия",Барри Зонненфельд,США,1999,tt0120891,4.9
Дикий табун,"драма, боевик",Валерий Рожко,Украина,2003,tt0959450,5.6
Дикий стиль,"драма, музыка",Чарли Эхерн,США,1983,tt0084904,7.0
Дикий тростник,кинодрама,Андре Тешине,Франция,1994,tt0111019,7.3
Дилемма,"комедия, драма",Рон Ховард,США,2011,tt1578275,5.3
Дикий пёс Севера,"приключения, семейный","Джек Коуффер,,  Дон Хелдэйн","США, Канада",1961,tt0055232,6.6
Дикий пес,"боевые искусства, боевик, драма",Джесси Джонсон,США,2017,tt5851014,5.0
Дикий ноль,"чёрная комедия, фильм ужасов",Тэцуро Такэути,"Япония, [, ]",1999,tt0267116,6.3
Дикий мир будущего,"Научная фантастика, документальный фильм",,"США, Канада, Великобритания, Польша",,tt0455253,7.6
Дикий мессия,"биография, драма",Кен Рассел,Великобритания,1972,tt0069225,6.9
Дикий капитан,драматический фильм,Калью Комиссаров,СССР,1971,tt0431266,6.9
Дикий мёд,"военный, драма",Владимир Чеботарёв,СССР,1966,tt0060309,6.2
Дикий ветер,"драма, военный","Валериу Жереги, Александр Петкович","СССР, Югославия",1985,tt0090946,4.5
Дикий Восток,"боевик, постапокалиптика, истерн, антиутопия, комедия",Рашид Нугманов,Казахстан,1993,tt0106723,5.8
Дикий алмаз,драматический фильм,Агат Риданже,Франция,2024,tt28319139,6.4
Дикий Билл,драма,Декстер Флетчер,Великобритания,2011,tt1795702,7.2
Дикий Билл,"боевик, фильм-биография, вестерн",Уолтер Хилл,США,1995,tt0114938,5.8
"Дикий, дикий пляж. Жар нежных",документальный,Александр Расторгуев,Россия,2005,tt0926352,7.0
Дикие сердцем,,"Дэвид Линч, Абсурд, Леди Голубой Шанхай",Абсурд,1990,tt0100935,7.2
Дикий,боевик,Лин Одинг,Канада,2018,tt5001754,5.9
Дикие постели,комедия,Луиджи Дзампа,"Италия, Испания",1979,tt0079463,4.6
Дикий,мелодрама,Наградж Манджуле,Индия,2016,tt5312232,8.3
Дикий ребёнок,драма,Франсуа Трюффо,Франция,1970,tt0064285,7.5
Дикие орхидеи,"драма, мелодрама",Сидни Франклин,США,1929,tt0020589,6.4
Дикие ночи,драма,Сирил Коллар,"Франция, Италия",1992,tt0105032,6.9
Дикие истории,"чёрная комедия, драма, триллер, киноальманах",Дамиан Сифрон,Аргентина,2014,tt3011894,8.1
Дикие мальчишки,"приключенческий фильм, драматический фильм",Бертран Мандико,Франция,"2017, 23 мая, 2019",tt6340640,6.8
Дикие животные,"драма, Криминальный фильм",Ким Ки Дук,Республика Корея,1996,tt0190882,6.1
Дикие гуси II,"боевик, Приключенческий фильм",Питер Хант,Великобритания,1985,tt0090323,4.9
"Дикие тигры, которых я знал",драма,Кэм Арчер,США,2006,tt0430768,6.0
Дикие дни,"артхаус, драма, мелодрама, криминальный фильм",Вонг Карвай,Гонконг,1990,tt0101258,7.4
Дикий,"драма, ЛГБТ-тематика в кино",Камиль Видаль-Наке,Франция,2018,tt8307082,7.1
Дикая штучка,комедия,Джонатан Линн,"Великобритания, Франция",2010,tt1235189,6.7
Дикие коты,комедия,Майкл Ритчи,США,1986,tt0092214,6.1
«Дикая собака динго»,"киноповесть, драма",Юлий Карасик,СССР,1962,tt0167896,7.2
Дикая штучка,"триллер, комедия",Джонатан Демми,США,1986,tt0091983,6.9
Дикие гуси,"военный фильм, драматический фильм, экранизация романа",Эндрю Маклаглен,Великобритания,"28 июня, 1978, 7 июля, 1978, 28 июля, 1978, 5 августа, 1978, 17 августа, 1978, 2 сентября, 1978, 4 сентября, 1978, 19 сентября, 1978, 21 сентября, 1978, 28 сентября, 1978, 3 октября, 1978, 4 октября, 1978, 11 ноября, 1978, 20 ноября, 1978, 9 декабря, 1978, 20 декабря, 1978, 20 сентября, 1979, 25 февраля, 1981",tt0078492,6.8
Дикая семёрка,боевик,Ричард Раш,США,1968,tt0063553,5.4
Дикая Роза,"музыкальная, драма",Том Харпер,"Великобритания, США, Канада",2018,tt5117428,7.1
Дикие пальмы,"драма, детектив, кинофантастика","Кэтрин Бигелоу, Питер Хьюитт",США,,tt0106175,7.0
Дикие лебеди,"фильм-сказка, экранизация",Хелле Мурдмаа,СССР,1987,tt0296589,6.4
Дикая сила,драма,Борис Чайковский,Российская империя,1916,tt22248968,Рейтинг не найден
Дикая река,драма,Элиа Казан,США,1960,tt0054476,7.5
Дикая пятёрка,"боевик, приключенческий фильм, драма",Чжан Чэ,Гонконг,1974,tt0080151,6.5
Дикая охота короля Стаха,"Триллер, мистика, фильм ужасов, драма",Валерий Рубинчик,СССР,1979,tt0128164,6.8
Дикая природа / Бегущие на волю,приключенческий фильм,Дункан МакЛахлан,США,1992,tt0105298,5.5
Дикая парочка,трагикомедия,Джон Патрик Шэнли,США,2020,tt6842770,5.7
Дикая парочка,боевик,Бо Бриджес,США,1987,tt0094323,4.3
Дисциплина и человечность,драма,,Франция,1910,tt1839452,Рейтинг не найден
Дикая орхидея,"мелодрама, эротика",Залман Кинг,США,1989,tt0100934,4.5
Дикие ангелы,боевик,Роджер Корман,США,1966,tt0061189,5.6
Дикая женщина,"комедийный фильм, вестерн, немое кино",Джон Форд,США,1918,tt0009811,4.4
Дни юности,комедия,Ясудзиро Одзу,Япония,1929,tt0020563,6.3
Добро пожаловать в Гармонию,"триллер, фильм ужасов, драма",Мигель Анхель Вивас,"США, Испания, Венгрия, Франция",2015,tt3467412,5.8
Добро пожаловать в Вуп-Вуп,комедия,Стефан Эллиотт,Австралия,1997,tt0120491,5.7
Добрая фея,романтическая кинокомедия,Уильям Уайлер,США,1935,tt0026424,7.4
Добро пожаловать,Драма,Филипп Льоре,Франция,2009,tt1314280,7.5
Добрая половина жизни,киноповесть,Альберт Мкртчян,СССР,1979,tt0413952,4.2
Доблесть,приключенческий боевик,С.П. Джананатхан,Индия,2009,tt1535020,7.1
Доберман,"криминальный фильм, драма, триллер",Ян Кунен,Франция,1997,tt0118996,6.5
Добейся успеха снова,"подростковый фильм, романтическая комедия",Деймон Сантостефано,США,2004,tt0334965,4.4
Добейся успеха: Борись до конца!,комедия,Билли Вудруфф,США,2009,tt1349482,5.1
Добейся успеха: Всё за победу,комедия,Стив Рэш,США,2007,tt0972785,5.1
Дикая орхидея 2: Два оттенка грусти,"мелодрама, эротика",Залман Кинг,США,1991,tt0105819,4.0
"До свидания, мистер Чипс",драма,Сэм Вуд,Великобритания,1939,tt0031385,7.9
До смерти,"драма, боевик",Саймон Феллоуз,"США, Германия, Великобритания, Болгария",2007,tt0783598,5.7
"До свидания, синефилы","мокьюментари, фильм-эссе, драматический фильм",Станислав Битюцкий,Украина,2014,tt4405246,4.9
Дикая река,триллер,Кёртис Хэнсон,США,1994,tt0110997,6.5
"До свидания, дорогая","комедия, мелодрама",Герберт Росс,США,1977,tt0076095,7.4
"До свидания, мальчики",драма,Михаил Калик,СССР,1964,tt0060318,7.7
"До свидания, до завтра",мелодрама,Януш Моргенштерн,Польша,1960,tt0053774,7.0
"До свидания, господин Грок",комедия,Пьер Биллон,Франция,1950,tt0041136,6.3
"До свидания там, наверху",драматический фильм,Альбер Дюпонтель,Франция,2017,tt5258850,7.4
"До свидания, дети","драма, военный",Луи Маль,"Франция, ФРГ",1987,tt0092593,8.0
До самого конца,"драма, биография",Джей Роуч,США,"Линдон Джонсон в популярной культуре, Культ Джонсона, Годы правления Линдона Джонсона, «ЛБД» (телефильм, 1991), «ЛБД» (телефильм, 2017)",tt3791216,7.3
Дистанционное управление,комедия,Тед Николау,США,1993,tt0107944,5.0
"До пятницы, Робинзон",документальный фильм,Митра Фарахани,Франция,2022,tt8841562,6.9
Добейся успеха,комедия,Пейтон Рид,США,2000,tt0204946,6.2
До потопа,документальный,Фишер Стивенс,США,2016,tt5929776,8.2
До последней капли крови…,исторический фильм,Ежи Гофман,"Польша, СССР",1978,tt0077444,6.0
До последней минуты,драма,Валерий Исаков,СССР,1973,tt0313979,6.2
До последнего вздоха,"триллер, драма",Балтазар Кормакур,США,2010,tt1196340,6.5
Добейся успеха 3: Всё или ничего,комедия,Стив Рэш,США,2006,tt0490822,5.6
До последнего,драма,Пьер Бийон,"Франция, Италия",1957,tt0049391,6.5
До первой крови,"детский фильм, драма",Владимир Фокин,СССР,1989,tt0097215,7.5
До победы и дальше,военный,Живорад Митрович,СР Македония,1968,tt0172334,6.9
До осени далеко,мелодрама,Алоиз Бренч,СССР,1964,tt2395309,6.2
До мозга костей,комедия,Блейк Эдвардс,США,1989,tt0098343,6.1
До первого снега,"триллер, драма",Марк Фергус,США,2006,tt0432289,6.2
До края земли,"Фильм нуар, Криминальный триллер",Роберт Стивенсон,США,1948,tt0040887,6.8
До костей,драма,Марти Ноксон,США,2017,tt5541240,6.8
Днюха!,комедия,Роман Каримов,Россия,2018,tt8918042,5.3
До завтра...,"спортивная, драма",Александр Давидсон,СССР,1964,tt0413951,Рейтинг не найден
До конца ночи,криминальный фильм,Кристоф Хоххеуслер,Германия,2023,tt23283892,5.4
До будущей весны,"киноповесть, мелодрама",Виктор Соколов,СССР,1960,tt0053773,6.4
Дни ярости,спагетти-вестерн,Тонино Валерии,ФРГ,1967,tt0061709,7.0
Дни хирурга Мишкина,драма,Вадим Зобин,СССР,1977,tt0073983,6.9
Дни радио,комедия,Вуди Аллен,США,1987,tt0093818,7.4
Дни Турбиных,драма,Владимир Басов,СССР,1976,tt0167123,7.7
Дни Турбиных,драма,Эдмо Фенольо,Италия,1969,tt13478040,Рейтинг не найден
Дни любви,"комедия, драма",Джузеппе Де Сантис,"Италия, Франция",1954,tt0047024,6.4
Дни и ночи в лесу,драма,Сатьяджит Рай,Индия,1970,tt0065417,8.1
Дни и ночи,"военный, драма",Александр Столпер,СССР,1944,tt0037646,6.4
Дни и ночи,драматический фильм,Кристиан Камарго,США,2013,tt2359381,4.6
До встречи с тобой,"драма, саундтрек, Музыка к фильму",Теа Шэррок,"США, Великобритания, США, США",2016,tt2674426,7.4
«Дни затмения»,драма,Александр Сокуров,СССР,1988,tt0095040,7.0
Дни грома,"драма, боевик",Тони Скотт,США,1990,tt0099371,6.1
Дни жатвы,роуд-муви,Терренс Малик,США,1978,tt0077405,7.7
Дни предательства,"история, драма",Отакар Вавра,Чехословакия,1972,tt0069982,5.4
До завтра,Драма,Юрий Тарич,СССР,1929,tt0216718,6.3
Днестровские мелодии,музыкальный фильм,Ион Мижа,СССР,,,-
Дни грома,"триллер, боевик",Гэри Хадсон,США,1986,tt0090169,5.0
Дни славы,драма,Жак Турнёр,США,1944,tt0036748,6.1
Дни вина и роз,драма,Блейк Эдвардс,США,1962,tt0055895,7.8
Днепровский рубеж,"Военная, драма",Денис Скворцов,Беларусь,2009,tt2154649,6.5
Дни Улиц (Прогульщики),Драма,"Когуашвили, Леван",Грузия,2010,tt1543701,7.7
Дневные звёзды,"биографическая, драма",Игорь Таланкин,СССР,1966,tt0060316,7.3
Дневной свет,"фильм-катастрофа, боевик, триллер",Роб Коэн,США,1996,tt0116040,6.0
Дни лётные,драма,"Николай Литус, Леонид Ризин",СССР,1966,tt0375714,7.0
Дневной Дозор,городское фэнтези,Тимур Бекмамбетов,Россия,2005,tt0409904,6.4
Дневники принцессы,"комедия, история взросления",Гарри Маршалл,США,2001,tt0247638,6.4
Довбуш,"исторический фильм, приключенческий фильм, биографический фильм, драматический фильм, боевик",Олесь Александрович Санин,Украина,"19 августа, 2023, 24 августа, 2023, 2 ноября, 2023, 16 ноября, 2023, 23 мая, 2024",tt21833376,7.5
Дневники принцессы 2: Как стать королевой,романтическая комедия,Гарри Маршалл,США,2004,tt0368933,5.9
Доверие,историко-революционный фильм,"Виктор Трегубович, Эдвин Лайне","СССР, Финляндия",1975,tt0133072,4.5
Добыча ветра,"авангард, драма",Рене Клер,Франция,1927,tt0017292,6.6
Добыча,"научно-фантастический, боевик",Дэн Трахтенберг,США,2022,tt11866324,7.1
Добыча,фильм ужасов,Патрик Сиверсен,США,2010,tt1559033,4.5
Доказательство,драма,Джослин Мурхаус,Австралия,1991,tt0102721,7.2
Долина смерти,"фильм ужасов, слэшер",Дик Ричардс,США,1982,tt0083805,5.5
Долина смерти,фильм ужасов,Байрон Вернер,США,2004,tt0403885,3.0
Долина предков,драма,Кадыржан Кыдыралиев,СССР,1989,tt0207416,Рейтинг не найден
Долина роз,драма,Дмитрий Черкасов,"Россия, Латвия",2011,tt2066131,6.1
Долина любви,Драма,Гийом Никлу,"Франция, Бельгия",2015,tt4120210,6.1
Долина кукол,драма,Марк Робсон,США,1967,tt0062430,6.0
Долина драконов,научно-фантастический фильм,Эдвард Берндс,США,1961,tt0055583,4.9
Долина волков,"боевик, триллер, криминал",Alican Gebeş,Турция,,,-
Долина гигантов,"драма, романтическая комедия",Джеймс Круз,США,1919,tt0010835,6.6
Долина волков: Палестина,"боевик, приключения",Зюбейр Шашмаз,Турция,2011,tt1784499,6.1
Долина волков: Ирак,"боевик, приключения","Сердар Акар, Sadullah Sentürk",Турция,2006,tt0493264,5.7
Дневной поезд,мелодрама,Инесса Селезнёва,СССР,1976,tt0127518,7.3
Долгое-долгое детство,драма,Булат Юсупов,Россия,2005,tt3784122,Рейтинг не найден
Долина,драма,Барбе Шрёдер,Франция,1972,tt0069451,6.4
Долгота,"исторический фильм, драма",Чарльз Старридж,Великобритания,2000,tt0192263,7.8
Долгожданный рассвет,Драма,Саверио Костанцо,Италия,2023,tt21824548,5.7
Долгое прощание,драматический фильм,Анил Кариа,Великобритания,2020,tt11924384,7.2
Долгое путешествие к морю,драма,Альгирдас Араминас,СССР,1976,tt1519326,7.7
Долгое прощание,драма,Сергей Урсуляк,Россия,2004,tt0422107,7.3
Долгое ожидание,Фильм нуар,Виктор Сэвилл,США,1954,tt0047190,6.5
Долгое падение,"комедийный фильм, драматический фильм, чёрная комедия",Паскаль Шомей,Германия,"10 февраля, 2014, 3 апреля, 2014, 29 мая, 2014",tt0458413,6.3
Долгое жаркое лето,драма,Мартин Ритт,США,1958,tt0051878,7.3
Долговязый Джон Сильвер,"приключенческий фильм, фильм о пиратах",Байрон Хэскин,"США, Австралия",1954,tt0047189,5.7
Долговая яма,комедия,Ричард Бенджамин,США,1986,tt0091541,6.4
Долгий млечный путь,драма,Амангельды Тажбаев,СССР,1983,,-
Долгий путь в лабиринте,приключения,Василий Левин,СССР,1981,tt5545572,6.6
Долгий уикенд,"психологический триллер, драма",Колин Эгглстон,,1978,tt0079482,6.5
Долгий путь домой,драма,Джон Форд,США,"1940, 8 октября, 1940, 22 ноября, 1940",tt0032728,6.9
Долгий путь к свободе,"биография, драма",Джастин Чедвик,"Великобритания, ЮАР",2013,tt2304771,7.1
Долгий путь,Драма,"Валентин Невзоров, Леонид Гайдай",СССР,1956,tt0049149,5.7
Долгий день уходит в ночь,"драма, экранизация",Сидни Люмет,США,1962,tt0056196,7.5
Долгий дом,драма,Джеймс Франко,США,,tt4585910,Рейтинг не найден
Долгий день уходит в ночь,,,Ирландия,,tt23130254,Рейтинг не найден
Долина Гванги (Месть динозавров),"фантастика, триллер, вестерн",Джеймс О'Коннолли,США,1969,tt0065163,6.2
Долгая счастливая жизнь,драма,Борис Хлебников,Россия,2013,tt2650954,6.3
Долгие проводы,драма,Кира Муратова,СССР,1971,tt0092905,7.3
Долгая Страстная пятница,"криминальный фильм, драма, триллер",Джон Маккензи,Великобритания,1980,tt0081070,7.5
Долгие вёрсты войны,Драма,Александр Карпов,СССР,1975,tt0325272,7.5
Долги наши,драма,Борис Яшин,СССР,1977,tt0166579,5.9
Долгое прощание,"детектив, триллер",Роберт Олтмен,США,1973,tt0070334,7.5
Долгая счастливая жизнь,"драма, мелодрама",Геннадий Шпаликов,СССР,1966,tt0271467,7.4
Долгая ночь,"военный, драма",Януш Насфетер,Польша,1967,tt5828204,6.5
Долгая разлука,"драматический фильм, мелодрама",,Индия,1985,tt0215066,7.8
Долгая разлука,"музыкальный фильм, мелодрама, драма",Фазиль,Индия,1984,tt0214996,7.9
Долгая помолвка,"драма, исторический фильм, любовный роман, военный фильм",Жан-Пьер Жёне,"Франция, США",2004,tt0344510,7.6
Долгая прогулка Билли Линна в перерыве футбольного матча,"драма, военный",Энг Ли,США,2016,tt2513074,6.2
Долгая ночь,Драма,Парвиз Сайяд,Иран,1977,tt0077398,6.5
Долгая прогулка,,Фрэнсис Лоуренс,США,,tt10374610,Рейтинг не найден
Долгая дуэль,"драма, приключения, боевик",Кен Э́ннакин,Великобритания,1967,tt0061916,5.9
Долгая дорога к себе,мелодрама,Наталья Трощенко,СССР,1983,tt0252391,6.0
Долг в любви,мелодрама,Варис Брасла,СССР,1984,tt2396615,5.9
Долг,историческая драма,Анатолий Ниточкин,СССР,1977,tt0413958,6.5
Документ Р,"детектив, драма",Валерий Харченко,СССР,1985,tt1633985,7.0
Докторша из военного госпиталя,"итальянская эротическая комедия, комедийный фильм, эротический фильм",Нандо Сисеро,Италия,"1976, 9 марта, 1977, 3 июня, 1977, 3 августа, 1979, 8 октября, 1984",tt0074426,4.4
Долгая ночь,Фильм нуар,Джозеф Лоузи,США,1951,tt0043340,6.3
Долгий поцелуй на ночь,боевик,Ренни Харлин,США,1996,tt0116908,6.8
Доктор Ти и его женщины,"комедия, мелодрама, драма",Роберт Олтмен,"США, Германия",2000,tt0205271,4.7
Доктор Циклоп,"научно-фантастический, фильм ужасов",Эрнест Шодсак,США,"1940, 12 апреля, 1940",tt0032412,6.4
Доктор Стрэндж,"супергероика, боевик, фэнтези",Скотт Дерриксон,США,2016,tt1211837,7.5
Доктор Стрэндж,Фэнтези,Филип Дегер,США,,tt0077469,5.1
Доктор Стрэндж:,"супергероика, боевик, приключения, научное фэнтези, ужасов",Сэм Рэйми,США,2022,tt9419884,6.9
Доктор Сон,ужасы,Майк Флэнаган,США,"2019, 21 ноября, 2019, 8 ноября, 2019, 31 октября, 2019, 22 ноября, 2019, 7 ноября, 2019",tt5606664,7.3
"Доктор Стрейнджлав, или Как я перестал бояться и полюбил бомбу","чёрная комедия, триллер",Стэнли Кубрик,США,1964,tt0057012,8.3
Долгая дорога домой (2017),"Мистика, Триллер, Драма, саундтрек",Анатолий Пасичник,"Россия, Россия",2017,tt8244334,8.2
Дом с паранормальными явлениями 2,комедия,Майкл Тиддес,США,2014,tt2828996,4.7
Дом с мезонином,Мелодрама,Яков Базелян,СССР,1960,tt0058028,6.1
Дом с паранормальными явлениями,комедия,Майкл Тиддес,США,2013,tt2243537,5.0
Доктор Чхон и потерянный талисман,"мистика, триллер",Ким Сонсик,Республика Корея,2023,tt29005755,5.9
Дом с закрытыми ставнями,драматический фильм,Дэвид Уорк Гриффит,США,1910,tt0001256,5.8
Допрос с пристрастием,драма,Лоран Хайнеман,Франция,1977,tt0075118,7.1
Дополнительный урок,"драматический фильм, детективный фильм",Анна Курбатова,Россия,2022,tt22478094,5.3
Допрос,"детективный фильм, драма",Расим Оджагов,СССР,1979,tt0079067,7.9
Дом с привидениями,фильм ужасов,Умберто Ленци,"США, Италия",1987,tt0093090,4.8
Доппельгангер,триллер,Ави Нешер,США,1993,tt0106753,4.4
Дополнительный след,"детективный фильм, криминальный фильм",Ниджат Бекирзаде,"СССР, Азербайджанская ССР",1981,tt1926978,5.3
Дополнительный прибывает на второй путь,детектив,"Валерий Ахадов, Сайдо Курбанов","СССР, Таджикская ССР",1986,tt0266481,6.1
Дополнительная смена,"комедия, мелодрама",Джонатан Демми,США,1984,tt0088213,5.9
Дом с ловушками,"боевик, приключенческий фильм",Чжан Чэ,Гонконг,1982,tt0082174,6.2
Донская повесть,драма,В. Фетин,СССР,1964,tt0130630,7.6
Дора и затерянный город,"приключения, семейный",Джеймс Бобин,США,2019,tt7547410,6.1
Донор неизвестен,"детектив, триллер, драма",Джон Харрисон,США,1995,tt0112885,4.7
Дом с привидениями,комедия,"Клайн, Эдвард, Бастер Китон",США,1921,tt0012255,6.9
Донни Дарко,"драма, мистика, триллер",Ричард Келли,США,2001,tt0246578,8.0
Донор,боевик,Дэмьен Ли,Канада,1995,tt0112886,4.8
Донбасс. Окраина,"драма, военный",Ренат Давлетьяров,Россия,2019,tt10504928,3.7
Донецкие шахтёры,драма,Леонид Луков,СССР,1950,tt0042407,5.3
Донбасс,"военная драма, трагифарс",Сергей Лозница,"Германия, Украина, Франция, Нидерланды, Румыния",2018,tt8282042,6.6
Донни Браско,"драма, триллер, детективный фильм, фильм-биография",Майк Ньюэлл,США,1997,tt0119008,7.7
Дон Маккей,"драма, триллер",Джейк Голдбергер,США,2009,tt1281374,5.8
Дона Флор и два её мужа,комедия,Бруну Баррету,Бразилия,1976,tt0077452,6.9
Дон Сезар де Базан,музыкальный фильм,Ян Фрид,СССР,1989,tt0309526,7.0
Дон Сезар де Базан,приключенческий фильм,Риккардо Фреда,Италия,"4 октября, 1942",tt0034660,5.7
Дон. Главарь мафии,боевик,Фархан Ахтар,Индия,2006,tt0461936,7.2
Дон Ку сын Зорро,"приключенческий фильм, романтический фильм, немое кино",Дональд Крисп,США,1925,tt0015758,6.9
Дон Кихот возвращается,"фарс, пародия",Василий Ливанов,Россия,1997,tt0116125,6.7
Дон Кихот,драма,Григорий Козинцев,СССР,1957,tt0050326,7.3
Дон Кихот,"драматический фильм, экранизация романа",Орсон Уэллс,США,1992,tt0104121,6.0
Дон Кихот,драма,"Фернан Зекка, Люсьен Нонге",Франция,1903,tt0231483,6.2
Дон Кинг: Только в Америке,"биография, драма",Джон Херцфелд,США,,tt0119838,7.0
"Дон Камилло, монсеньор",комедия,Кармине Галлоне,"Италия, Франция",1961,tt0054814,6.9
Дон Жуан в Таллине,комедийный фильм,Арво Круусемент,СССР,1971,tt0298307,5.5
Дон Камилло в России,комедия,Луиджи Коменчини,ФРГ,1965,tt0059049,6.9
Дон. Главарь мафии 2,"боевик, криминальный фильм, масала",Фархан Ахтар,Индия,2011,tt1285241,7.1
Дон Жуан де Марко,"романтическая комедия, драма","Джереми Левин, Битва за пределами Солнца, Distant Vision",США,1995,tt0112883,6.7
Дон Жуан,романтическая комедия,Жак Вебер,"Франция, Испания, Германия",1998,tt0123808,4.7
Дон Жуан,драма,Джозеф Лоузи,"Франция, Италия, Великобритания",1979,tt0079063,7.6
Дон Диего и Пелагея,комедия,Яков Протазанов,СССР,1927,tt0018844,6.8
Дон Джованни на Сицилии,кинокомедия,Альберто Латтуада,Италия,1967,tt0150369,5.9
Доморощенный,"комедия, боевик",Стивен Джилленхол,США,1998,tt0119305,5.7
Дон Верден,комедия,Джаред Хесс,США,2015,tt3534282,5.4
Домой,Драма,Нариман Алиев,Украина,2019,tt9431740,7.3
Домой!,драма,Гавриил Егиазаров,СССР,1982,tt0251671,5.5
Домовой-агитатор,пропаганда,Юрий Желябужский,РСФСР,1920,tt0228226,Рейтинг не найден
Домовой,"комедия, семейный фильм, фэнтези, боевик",Евгений Бедарев,Россия,2019,tt9875852,5.6
Домовой,"триллер, детектив, боевик, драма",Карен Оганесян,Россия,2008,tt1194607,6.9
До́мино,"боевик, криминальный фильм, фильм-биография, драма, триллер",Тони Скотт,США,2005,tt0421054,5.9
Домино,"криминальный фильм, триллер",Брайан Де Пальма,"Дания, Франция, Италия, Бельгия, Нидерланды",2019,tt3282076,4.5
Дон Жуан,"романтический фильм, немое кино",Алан Кросленд,США,"1926, 6 августа, 1926, 19 февраля, 1927",tt0016804,7.0
Домой на праздники,комедийная драма,Джоди Фостер,США,1995,tt0113321,6.6
Доминика,"фэнтези, драма, комедия",Олег Агейчев,Россия,2017,tt6814390,6.0
Доминик и Юджин,драма,Роберт М. Янг,США,1988,tt0095050,7.0
Доминик,"фильм ужасов, триллер",Майкл Андерсон,Великобритания,"1979, 1978",tt0077450,5.5
Домой на Рождество,"драма, комедия",Бент Хамер,"Норвегия, Швеция, Германия",2010,tt1722515,6.1
Домик у моря,мелодрама,Ли Хён-Сеунг,Корея,2000,tt0282599,7.5
Домашняя вечеринка 3,"комедия, музыка",Эрик Меса,США,1994,tt0110064,4.7
Домашняя работа,"драма, мелодрама",Гэвин Вьесен,США,2011,tt1645080,6.5
Домашняя игра,"комедия, спорт","Чарльз Фрэнсис Киннэйн ,  Дэниел Киннэйн",США,2022,tt14592064,6.0
Докторша и полковник,комедийный фильм,Микеле Массимо Тарантини,Италия,"19 декабря, 1980, 22 января, 1981, 25 марта, 1981, 25 июня, 1981",tt0080654,4.8
Домашняя вечеринка,"комедия, музыка",Реджинальд Хадлин,США,1990,tt0099800,6.5
Домовёнок Кузя,сказка,Виктор Лакисов,Россия,2024,tt27949746,7.0
Доминус,"фантастика, ужасы, мистерия","Александр Хван, Марина Цурцумия",СССР,1990,tt6244888,6.1
Домашний уход,драма,Славек Горак,"Чехия, Словакия",2015,tt4026642,6.9
Домашний арест,комедия,Гарри Уайнер,США,1996,tt0116571,5.8
Домашние фильмы,"комедийный фильм, биографический фильм",Брайан Де Пальма,США,"1980, 15 мая, 1981",tt0079302,5.0
Дорога в Сингапур,"музыкальная, кинокомедия",Виктор Шерзингер,США,1940,tt0032993,6.6
Дорога в тысячу вёрст,"драма, военный, биографический фильм, исторический фильм",Александр Карпов,СССР,1968,tt0346891,Рейтинг не найден
Домашняя вечеринка 2,"комедия, музыка","Даг МакГенри, Джордж Джексон",США,1991,tt0102065,5.3
Домашняя вечеринка,комедия,Calmatic,США,2023,tt8005118,4.4
Домик в дюнах,драма,"Аркадий Кольцатый, Анатолий Маркелов",СССР,1963,tt2396569,Рейтинг не найден
Дракула 3: Наследие,фильм о вампирах,Патрик Люссье,США,2005,tt0303929,4.6
Драма,,Герман Ливанов,СССР,,tt1946200,8.1
Домашний очаг,боевик,Перарасу,Индия,2005,tt0455767,5.8
Драма в кабаре футуристов № 13,"кинокомедия, авангард, чёрный юмор",Владимир Касьянов,Российская империя,1914,tt0208919,7.1
Драма в Москве,драма,Василий Гончаров,Российская империя,1906,tt0346901,Рейтинг не найден
Дракула: Князь Тьмы,Ужасы,Теренс Фишер,Распутин: Сумасшедший монах,1966,tt0059127,6.6
Дракула: Мёртвый и довольный,комедия,Мел Брукс,США,1995,tt0112896,5.8
Драма,,Кристоффер Боргли,США,2025,tt33071426,Рейтинг не найден
Дракула: История любви,"готический, фильм ужасов",Люк Бессон,"Франция, Великобритания",2025,tt31434030,Рейтинг не найден
"Дракула, год 1972","комедия, фэнтези, фильм ужасов",Алан Гибсон,Распутин: Сумасшедший монах,1972,tt0068505,5.9
Домик в Коломне,Комедия,Пётр Чардынин,Российская империя,1913,tt0330230,6.0
Дракула против Франкенштейна,фильм ужасов,Хесус Франко,"Франция, Испания",1972,tt0065660,4.1
Дракула восстал из могилы,Ужасы,Фредди Фрэнсис,Распутин: Сумасшедший монах,1968,tt0062909,6.5
Дракула 3000,"ужасы, фантастика, триллер, фильм о вампирах",Даррелл Рудт,"США, ЮАР",2004,tt0367677,2.1
Дракула 2000,Фильм о вампирах,Патрик Люссье,США,2000,tt0219653,4.9
Дракула,"готические, ужасы","Фрэнсис Форд Коппола, Битва за пределами Солнца, Distant Vision",США,1992,tt0103874,7.4
Дракула,"тёмное фэнтези, боевик, фильм ужасов",Гарри Шор,США,2014,tt0829150,6.2
Дочь Гидеона,драма,Стивен Поляков,Великобритания,,tt0487907,6.9
Дракула 3D,"мелодрама, триллер, ужасы",Дарио Ардженто,"Франция, Италия, Испания",2012,tt1852770,3.6
Дракула 2: Вознесение,фильм о вампирах,Патрик Люссье,Румыния,2003,tt0336325,4.6
Дракула — отец и сын,"комедия, фильм ужасов",Эдуар Молинаро,Франция,1976,tt0079075,5.4
Дракула,"фильм ужасов, драма","Джордж Мелфорд, Карлос Вильяриас, Бэрри Нортон, Эдуардо Аросамена, Амелия Сенистерра, Мануэль Арбо, Джеральдин Дворак, Джон Джордж",США,1931,tt0021815,7.0
Дракула,"фильм ужасов, фильм о вампирах, романтический фильм, драматический фильм, экранизация романа",Джон Бэдэм,"Великобритания, США",1979,tt0079073,6.5
Дракула,фильм ужасов,Тод Браунинг,США,1931,tt0021814,7.4
Дракула,Ужасы,Теренс Фишер,Великобритания,"8 мая, 1958, 22 мая, 1958, 16 июня, 1958, 12 декабря, 1958, 1958, Распутин: Сумасшедший монах, Ведьмы, Руки Потрошителя, Капитан Кронос: Охотник на вампиров, Тайна «Марии Целесты», Капитан Клегг, По ту сторону рейва, Пробуждающийся лес, Человек в чёрном, Чёрная вдова, Психоанализ, Наличные по требованию, Маньяк, Параноик, Ночной кошмар, Фанатик, Истерия, Крещендо, Прямо до утра, Страх в ночи, Четырёхсторонний треугольник, Космические пути, Икс: Неизвестное, Затерянный континент, Луна 02, Смерть в Хай-Хилз, Доктор Морилл, Кто-то у двери, Дело Росситер, Шепчущий Смит покоряет Лондон, Леди в тумане, Ловушка, Возвращение Святого, Кровавый апельсин, Стеклянная клетка, Ливень, Крылья опасности, Игрок и леди, Опасная блондинка, 36 часов, Дом на другом берегу озера, Пять дней, Странник вернулся домой, Риск третьей стороны, Женщины без мужчин, Песнь о свободе, Никогда не оглядывайся, Маска пыли, Разомкнутый круг, Никогда не бери сладости у незнакомых, Человек на вершине, Десять секунд до ада, Дьявольский пиратский корабль, Разрушитель, Бриллиантовый Джек, Пропуск в Китай, Террор тайного общества, Алый клинок, Кандагарский бандит, Доисторическая женщина, Её месть, Существа, забытые миром, Публичная жизнь Генриха IX, Спортивная любовь, Леди жаждет возбуждения, Что видел дворецкий, Жизнь с Лайонами, Лайоны в Париже, Вверх по течению, Дальше вверх по течению, Без паники, ребята!, Гадкий утёнок, Берегись, моряк!, Уикенд с Лулу, Старый тёмный дом, Это твои похороны, Возлюби соседа своего, Стальной штык, Лагерь на Кровавом острове, Вчерашний враг, Тайна Кровавого острова",tt0051554,7.2
Драконы Нью-Йорка,"боевик, драма","Вэй Кеунг Лау, Эндрю Лу","США, Гонконг",2014,tt1396523,5.3
Драконы навсегда,"боевик, комедия",Саммо Хун,Гонконг,1988,tt0093015,7.1
Дракон: История жизни Брюса Ли,"биографическая, драма",Роб Коэн,США,1993,tt0106770,7.0
Дракон-герой,боевик,Годфри Хо,Китайская Республика,1979,tt2217839,5.8
Драконий жемчуг: Эволюция,"приключения, фэнтези",Джеймс Вонг,США,2009,tt1098327,2.5
Драйвер,триллер,Джейми Чайлдс,Великобритания,2024,tt26594543,4.9
Драйвер на ночь,криминальная комедия,Джо Карнахан,США,2014,tt2494280,6.5
Драйлебен,"драма, триллер","Кристиан Петцольд, Доминик Граф, Кристоф Хоххойслер",Германия,2011,tt1718776,6.8
Драка,"боевик, комедия",Саммо Хун,Гонконг,1979,tt0080166,7.2
Дракон,триллер,Никос Кундурос,Греция,1956,tt0124437,7.9
Драйв,"нео-нуар, триллер, драма",Николас Виндинг Рефн,США,2011,tt0780504,7.8
Дракула,"Драма, ужасы",Билл Иглз,,2006,tt0847161,5.2
Драже с перцем,"кинокомедия, музыкальный фильм",Жак Баратье,Франция,1963,tt0057013,6.0
Драгуны переплывают Сону,документальный фильм,"Луи Люмьер, Огюст Люмьер",Франция,1896,tt0256732,5.3
Драгоценный подарок,комедия,Александр Роу,СССР,1956,tt1274267,5.6
Драгоценная находка,"приключенческий фильм, научно-фантастический фильм",Филипп Мора,США,1996,tt0117373,3.7
Драгонвик,"драма, триллер",Джозеф Манкевич,США,1946,tt0038492,6.9
Дочь якудзы,"комедия, криминал","Сергей Бодров (ст.), Гульшад Омарова","Россия, Япония",2010,tt1547089,4.9
Дочь хозяина таверны,боевик,Дэвид Уорк Гриффит,США,1908,tt0000771,5.6
Дочь Стратиона,"военная, драма","Василий Левин, Николай Винграновский",СССР,1964,tt0313981,5.1
Дочь степей,драма,"Шакен Айманов, Карл Гаккель",СССР,1954,tt0169792,4.8
Дочь солдата никогда не плачет,драма,Джеймс Айвори,"США, Франция, Великобритания",1998,tt0120835,6.7
Дочь Робин Гуда: Принцесса воров,приключенческий фильм,Питер Хьюитт,США,"11 марта, 2001",tt0272790,5.6
Дочь улицы,драма,Владимир Гардин,Российская империя,1916,,-
Дочь Райана,"драма, мелодрама",Дэвид Лин,Великобритания,1970,tt0066319,7.4
«Драйв»,"фантастика, боевик",Стив Ванг,США,1997,tt0116147,6.6
Дочь Наполеона,"немое кино, исторический фильм","Цельник, Фридрих",,2 ноября,tt3084100,Рейтинг не найден
Драгоценные зёрна,мелодрама,"Александр Зархи, Иосиф Хейфиц, Семён Деревянский",СССР,1948,tt0171242,5.6
Дочь шахтёра,"драма, музыкальный, биография",Майкл Эптед,США,1980,tt0080549,7.5
Дочь моего босса,комедия,Дэвид Цукер,США,2003,tt0270980,4.7
Дочь Дэниела,драма,Нилл Фернли,Канада,2008,tt1145852,6.0
Дочь моя,драматический фильм,Лаура Биспури,Италия,"18 февраля, 2018, 31 мая, 2018",tt7765120,6.1
Дочь святого,драма,Олег Фрелих,СССР,1930,tt15214562,7.3
Дочь и мать её,"комедия, боевик",Джонатан Ливайн,США,2017,tt2334871,4.7
Дочь Дракулы,"Ужасы, Фантастика",Ламберт Хилльер,США,1936,tt0027545,6.3
Дочь пирата,"романтический фильм, приключенческий фильм, фильм о пиратах",Фредерик де Кордова,США,1950,tt0042287,6.1
Дочь Гамбурга,"драма, мелодрама",Ив Аллегре,Франция,1958,tt0052803,6.0
Дочь Нептуна,фэнтези,Герберт Бренон,США,1914,tt0004391,5.5
Дочь Бреста,Драма,Эмманюэль Берко,Франция,2016,tt5247544,6.6
Дочь болотного короля,психологический фильм-триллер,Нил Бёргер,США,"6 октября, 2023, 2 ноября, 2023",tt8002382,5.9
Дочь,драма,"Александр Касаткин, Наталья Назарова",Россия,2012,tt2416822,7.4
Дочь богов,драма,Герберт Бренон,США,"17 октября, 1916",tt0006568,6.7
Дочки-матери,мелодрама,Сергей Герасимов,СССР,1974 год,tt0071428,6.8
Дочь д’Артаньяна,"боевик, приключенческий фильм, комедия",Бертран Тавернье,Франция,1994,tt0109798,5.8
Дочь Сатаны,фильм ужасов,Питер Сайкс,ФРГ,"4 марта, 1976, 19 марта, 1976, 20 мая, 1976, 30 июля, 1976, 4 сентября, 1976, 30 марта, 1977, 14 октября, 1977, 2 марта, 1978, Распутин: Сумасшедший монах, Ведьмы, Руки Потрошителя, Капитан Кронос: Охотник на вампиров, Тайна «Марии Целесты», Капитан Клегг, По ту сторону рейва, Пробуждающийся лес, Человек в чёрном, Чёрная вдова, Психоанализ, Наличные по требованию, Маньяк, Параноик, Ночной кошмар, Фанатик, Истерия, Крещендо, Прямо до утра, Страх в ночи, Четырёхсторонний треугольник, Космические пути, Икс: Неизвестное, Затерянный континент, Луна 02, Смерть в Хай-Хилз, Доктор Морилл, Кто-то у двери, Дело Росситер, Шепчущий Смит покоряет Лондон, Леди в тумане, Ловушка, Возвращение Святого, Кровавый апельсин, Стеклянная клетка, Ливень, Крылья опасности, Игрок и леди, Опасная блондинка, 36 часов, Дом на другом берегу озера, Пять дней, Странник вернулся домой, Риск третьей стороны, Женщины без мужчин, Песнь о свободе, Никогда не оглядывайся, Маска пыли, Разомкнутый круг, Никогда не бери сладости у незнакомых, Человек на вершине, Десять секунд до ада, Дьявольский пиратский корабль, Разрушитель, Бриллиантовый Джек, Пропуск в Китай, Террор тайного общества, Алый клинок, Кандагарский бандит, Доисторическая женщина, Её месть, Существа, забытые миром, Публичная жизнь Генриха IX, Спортивная любовь, Леди жаждет возбуждения, Что видел дворецкий, Жизнь с Лайонами, Лайоны в Париже, Вверх по течению, Дальше вверх по течению, Без паники, ребята!, Гадкий утёнок, Берегись, моряк!, Уикенд с Лулу, Старый тёмный дом, Это твои похороны, Возлюби соседа своего, Стальной штык, Лагерь на Кровавом острове, Вчерашний враг, Тайна Кровавого острова",tt0075334,5.8
"Дочери, которые платят","драма, немое кино",Джордж Тервиллигер,США,1925,tt0015739,6.8
Дочери тьмы,Фильм ужасов,Гарри Кюмель,ФРГ,1971,tt0067690,6.5
Дочери Ольфы,документальный фильм,Каутер Бен Ханья,Тунис,2023,tt27502426,7.4
Дочь генерала Панкратова,Политическая мелодрама,Юзеф Лейтес,Польша,1934,tt0025000,6.1
Дочери Абриль,драматический фильм,Мишель Франко,Мексика,2017,tt6397762,6.5
Дочери китайского ботаника,мелодрама,Дай Сыцзе,"Франция, Канада",2006,tt0425985,6.6
Дочь моряка,Мелодрама,Георгий Тасин,СССР,1941,tt0422104,6.3
Дочери удовольствий,драма,Уильям Бодин,США,1924,tt0014833,Рейтинг не найден
Дочери счастья,драма,Марта Месарош,Польша,1999,tt0188387,5.8
Дочь воды,"драма, мелодрама, авангард",Жан Ренуар,Франция,1925,tt0014898,6.7
Дуэль под солнцем,"драма, вестерн",Кинг Видор,США,1946,tt0038499,6.7
Дуэль до смерти,"боевик, драма",Тони Чхин,Гонконг,1983,tt0084924,7.2
Дуэлянт,"мелодрама, боевик, комедия",Ли Мён-сэ,Республика Корея,2005,tt0475616,5.8
Дочка,драматический фильм,Реза Миркарими,Иран,2016,tt5483082,6.0
Дуэль,комическая драма,Маркус Жорже,Бразилия,2015,tt2116973,6.6
Дуэль братьев. История Adidas и Puma,биографическая драма,Оливер Домменгет,Германия,2016,tt5013980,6.9
Дуэль,"боевик, драма",Чжан Чэ,Гонконг,1971,tt0067026,7.0
Дуэль,боевик-триллер,Стивен Спилберг,США,,tt0067023,7.6
Дохунда,"экранизация, драма, социальная драма",Борис Кимягаров,СССР,1956,,-
Дуэль,драма,Кнуд Лейф Томсен,Дания,1962,tt0123813,5.5
Дуэль,драма,"Татьяна Березанцева, Лев Рудник",СССР,1961,tt0058044,7.0
Дуэль,драма,Довер Косашвили,США,2010,tt1282041,6.8
Дуэль,"сатира, романтика","Шпиковский, Николай Григорьевич",СССР,1935,tt10322640,4.3
Душка,"драма, комедия",Йос Стеллинг,Россия,2007,tt0986225,6.5
Друзья и любовники,драма,"Том Хансингер, Нил Хантер",Великобритания,1996,tt0115741,5.8
Душитель против душителя,"ужасы, триллер, комедия",Слободан Шиян,СФРЮ,1984,tt0087123,8.0
Душители из Бомбея,"Детектив, Триллер",Теренс Фишер,Великобритания,1959,tt0054346,6.2
Душители,"приключенческий фильм, триллер, драма",Николас Мейер,"Великобритания, Индия",1988,tt0094979,5.9
Души на продажу,"мелодрама, комедия",Руперт Хьюз,США,1923,tt0014497,7.0
Души в снежном вихре,"военный фильм, драма, блокбастер",Дзинтарс Дрейбергс,Латвия,2019,tt6084202,7.2
Дуэль,триллер,Серджиу Николаеску,Румыния,1981,tt0082300,7.4
Душевная рана,драма,Явуз Тургул,Турция,2004,tt0425079,7.8
Душечка,"комедийный фильм, комедийная драма",Джейн Кэмпион,Австралия,"1989, 12 октября, 1989",tt0098725,6.7
Душевная кухня,кинокомедия,Фатих Акин,Германия,"10 сентября, 2009, 21 октября, 2010, 25 декабря, 2009",tt1244668,7.2
Душа компании,комедия,Бен Фальконе,США,2018,tt5619332,5.6
Душа тишины,"драматический, триллер",Джейми Бэббит,США,2006,tt0414951,6.1
Душа команды,драматический фильм,Роберто Буэсо,Испания,2022,tt15341168,6.6
Душа и персона,"неонуар, драма, боевик",Тхиагараджан Кумарараджа,Индия,2011,tt1496729,8.4
Душа артистки,авангард,Жермен Дюлак,Франция,1924,tt0016564,7.1
«Душа»,"музыкальный фильм, драма",Александр Стефанович,СССР,1981,tt0082301,6.0
Душ полковника,комедия,Жорж Мельес,Франция,1902,tt0225554,4.7
Душ,"драма, кинокомедия",Ян Чжан,Китай,1999,tt0215369,7.5
Духless 2,психологическая драма,Роман Прыгунов,Россия,2015,tt3136646,6.1
Духов день,"мистика, драма",Сергей Сельянов,СССР,1990,tt0308195,6.2
Дух улья,драма,Виктор Эрисе,Испания,1973,tt0070040,7.7
«Духless»,драма,Роман Прыгунов,Россия,,tt1826660,6.3
Духовное кунг-фу,"боевик, комедия, фэнтези",Ло Вэй,"Гонконг, Китайская Республика",1978,tt0078128,5.8
Дух студента,комедия,Алан Холлеб,США,1985,tt0089974,4.2
Дурной мир,документальный фильм,Паоло Кавара,Италия,1964,tt0058321,6.5
Дурное воспитание,"драма, триллер",Педро Альмодовар,Испания,2004,tt0275491,7.4
Дух мщения (Перехватчик),"мистический, триллер",Майк Марвин,США,"1986, 11 июня, 1987",tt0092240,5.9
Дурные деньги,комедийная драма,Крейг Гиллеспи,США,2023,tt13957560,6.9
Дурное влияние,"триллер, детектив, драма",Кёртис Хэнсон,США,1990,tt0099091,6.3
Душечка,драма,Сергей Колосов,СССР,,tt5048460,7.5
Дурная слава,детектив,Альфред Хичкок,США,1946,tt0038787,7.9
Дурная ночь,драма,Гас Ван Сент,США,1985,tt0089537,6.5
Дурная кровь,драма,Леос Каракс,Франция,1986,tt0091497,7.2
Дурная привычка,"драма, комедия",Майк Миллс,США,2005,tt0318761,6.5
Дурман любви,романтическая кинокомедия,Гриффин Данн,США,1997,tt0118556,6.1
Дурная кровь,триллер,Мервин Лерой,США,1956,tt0048977,7.4
Дурдом на колёсах,"Комедия, Приключения",Барри Зонненфелд,США,2006,tt0449089,5.6
Дураки умирают по пятницам,боевик,Рудольф Фрунтов,"СССР, НРБ",1990,tt0367685,5.5
Дурдом в горах,комедия положений,Эдит Карлмар,Норвегия,1957,tt0050398,7.3
Дурацкое дело нехитрое,"черная комедия, криминальный фильм",Ханс Петтер Муланд,Абердин,2014,tt2675914,7.1
Дурацкое пари,"драма, мелодрама",Нэнси Савока,США,1991,tt0101748,7.3
Дурак,драма,Юрий Быков,Россия,2014,tt3560686,8.0
Дура,"детективный фильм, комедия",Алексей Коренев,СССР,1991,tt0191104,5.4
Дура,"комедия, драма",Максим Коростышевский,Россия,2005,tt0436254,6.5
Дух Сент-Луиса,"драма, биография",Билли Уайлдер,США,1957,tt0051003,7.1
Дурная биология,трэш,Фрэнк Хененлоттер,США,2008,tt0974977,4.7
Думают ли животные?,научно-популярный фильм,Феликс Соболев,СССР,1970,,-
Дух 45-го,документалистика,Кен Лоуч,Великобритания,2013,tt2332801,7.1
Дуня,"драма, экранизация",Иозеф фон Баки,Австрия,1955,tt0048024,5.4
Дуньхуан,драма,Дзюнъя Сато,"Япония, Китай",1988,tt0095071,6.8
"Думаю, как всё закончить","фильм-триллер, драматический фильм, экранизация романа",Чарли Кауфман,США,2020,tt7939766,6.5
Дунечка,драма,Александр Ефремов,"Россия, Беларусь",2005,tt0470738,7.2
Думаю о Дженнифер,"драма, комедия",Ноэль Блэк,США,1971,tt0067266,4.0
Дуракам здесь не место,"экспериментальный, документальный фильм",Олег Мавроматти,"Россия, Болгария",2015,tt5128388,6.6
Дурная слава,драма,Дуглас Макграт,США,2006,tt0420609,7.0
Думай как мужчина,"комедия, мелодрама",Тим Стори,США,2012,tt1621045,6.5
Дума про казака Голоту,драматический фильм,Игорь Савченко,СССР,1937,tt0128953,6.2
Думай как мужчина 2,романтическая кинокомедия,Тим Стори,США,2014,tt2239832,5.7
Дума о Ковпаке,"драма, военный фильм",Тимофей Левчук,СССР,,tt0070008,7.4
Дуплет,Детектив,Алоиз Бренч,Латвия,1992,tt0424058,6.1
Дума о Британке,"драма, исторический фильм","Игорь Ветров, Николай Винграновский",СССР,1969,tt5276978,Рейтинг не найден
Дударики,приключенческий фильм,Станислав Клименко,СССР,1979,tt5501024,6.5
Дульсинея Тобосская,"драма, мюзикл",Светлана Дружинина,СССР,1980,tt0080666,6.3
Дьявол в деталях. Дело Миранды,историческая драма,Мишель Даннер,США,2023,tt14866108,6.6
Дьявол в деталях,"криминальный триллер, неонуар",Джон Ли Хэнкок,США,2021,tt10016180,6.3
Её звали Муму,драматический фильм,Владимир Владимирович Мирзоев,Россия,2015,tt5847740,5.3
Дунай,"мелодрама, драматический фильм",Любовь Мульменко,Россия,2021,tt15881420,6.1
Её заветное желание,аниме,Тамура Котаро,Япония,2020,tt12879624,7.6
Её геройский подвиг,фарс,Евгений Бауэр,Российская империя,1914,tt0412698,Рейтинг не найден
Её друг бандит,"комедия, короткометражный, немой","Чарльз Чаплин, Мэйбл Норманд",США,1914,tt0004074,Рейтинг не найден
Её брачная ночь,"мелодрама, комедия",Фрэнк Таттл,США,1930,tt0020968,7.0
Её величество танцовщица,"драма, немое кино",Рихард Айхберг,,1922,tt0280761,Рейтинг не найден
Её большое сердце,драма,Аждар Ибрагимов,"СССР, Азербайджанская ССР",1958,tt7852944,5.9
Её алиби,"комедия, криминальный фильм",Брюс Бересфорд,США,1989,tt0097500,5.8
Единственный сын,драма,Ясудзиро Одзу,Япония,1936,tt0027752,7.7
Единство,документальный фильм,Шон Монсон,США,2015,tt2049636,7.3
Единственный хороший индеец,вестерн,Кевин Уиллмотт,США,2009,tt1078917,6.6
Думай по-крупному,"приключенческая, комедия, роуд-муви",Джон Тёртелтауб,США,1989,tt0100772,4.6
Единственный живой парень в Нью-Йорке,драма,Марк Уэбб,США,2017,tt0460890,6.4
Единственная дорога,"драма, военный фильм",Владимир Павлович,"СССР, Югославия",1974,tt0181730,5.8
Единственный выход,Научно-популярный фильм,Виктор Ман,СССР,1981,tt10073116,Рейтинг не найден
Единорог,комедия,Роберт Коппола Шварцман,,2018,tt7149336,5.2
Единственный,"драма, боевик, триллер",Гунашекхар,Индия,2003,tt0366840,8.0
Единица «с обманом»,"детский, комедия",Андрей Праченко,СССР,1984,tt0262916,5.6
Его фотография в газетах,романтическая комедия,Джон Эмерсон,США,1916,tt0006809,5.9
Едва я открою глаза,"драматический фильм, художественный фильм",Лейла Бузид,Франция,"5 сентября, 2015, 6 октября, 2016",tt4400174,6.7
Егорка,"семейный, приключения",Александр Яновский,СССР,1984,tt0262917,6.5
Единожды солгав…,драма,Владимир Бортко,СССР,1987,tt0094348,7.4
Единожды падший,"драматический фильм, криминальный фильм",Эш Адамс,США,2010,tt1087524,4.7
Его сиятельство шофёр,комедия,Михал Вашиньский,Польша,1935,tt0208235,6.4
Егор Булычов и другие,драма,Сергей Соловьёв,СССР,1971,tt0068001,6.8
Его превосходительство,драма,Григорий Рошаль,СССР,1927,tt0017844,6.3
Единственная…,мелодрама,Иосиф Хейфиц,СССР,1975,tt0171261,6.5
Его превосходительство субъект,комедия,Михал Вашиньский,Польша,1933,tt0151124,6.9
Его место для свиданий,комедия,Чарльз Чаплин,США,1914,tt0004108,6.2
Его новая профессия,комедия,Чарльз Чаплин,США,1914,tt0004101,5.9
Его новая работа,комедия,Чарли Чаплин,США,1915,tt0005489,6.0
Его музыкальная карьера,комедия,Чарльз Чаплин,США,1914,tt0004100,5.9
Его любимое времяпрепровождение,комедия,Джордж Николс,США,1914,tt0004091,5.0
Его зовут Сухэ-Батор,исторический фильм,"Александр Зархи, Иосиф Хейфиц","СССР, МНР",1942,tt0035578,6.3
Единичка,"военно, приключенческая, драма",Кирилл Белевич,Россия,2015,tt4196010,5.9
Его звали Роберт,"Фантастическая, комедия",Илья Ольшвангер,СССР,1967,tt0062508,6.6
Его собачье дело,,Марк Каллен,США,2017,tt4694544,5.3
Единственная,"мелодрама, музыкальный фильм",К. С. Адияман,Индия,2002,tt0222024,5.4
Его глаза,"драма, мелодрама","Вячеслав Висковский, Александр Волков",Российская империя,1916,tt0212624,Рейтинг не найден
Его женщина,мелодрама,Эдвард Сломен,США,1931,tt0021963,5.6
Его дом,"фильм ужасов, триллер",Реми Уикс,Великобритания,2020,tt8508734,6.4
Его девушка Пятница,"бурлескная комедия, comedy of remarriage",Говард Хоукс,США,"11 января, 1940, 18 января, 1940, 21 сентября, 1940",tt0032599,7.8
Его выздоровление,"драма, детективный фильм",Брончо Билли Андерсон,США,1915,tt0192120,4.5
Его величество мсье Дюпон,комедия,Алессандро Блазетти,"Франция, Италия",1950,tt0042859,6.7
Еда,"комедия, драма",Генри Джэглом,США,1990,tt0099480,6.2
Егерь,"новелла, экранизация",Герман Ливанов,СССР,1959,,-
Его брачная ночь,комедия,Роско Арбакл,США,1917,tt0008112,5.9
Его большая любовь,драма,"Станислава Пежановская, Мечислав Кравич",Польша,1936,tt0026545,6.8
Египтянин,"драма, пеплум",Майкл Кертис,США,1954,tt0046949,6.5
Егерь,"Боевик, Драма, криминальный фильм",Александр Цацуев,Россия,2004,tt0415774,5.8
Его зовут Никак,комедия,Карл Мака,Гонконг,1979,tt0081774,5.8
Евротур,"приключенческий фильм, комедия, Панк-рок, поп",Джефф Шеффер,США,2004,tt0356150,6.6
Европейцы,драма,Джеймс Айвори,Великобритания,1979,tt0079123,6.1
Его игра,драма,Спайк Ли,США,1998,tt0124718,6.9
Европейские каникулы,"приключения, комедия",Эми Хекерлинг,США,1985,tt0089670,6.2
Его доисторическое прошлое,"комедия, короткометражный, немой",Чарльз Чаплин,США,1914,tt0004102,5.3
"Европа, Европа","драма, военный фильм, исторический фильм, фильм-биография",Агнешка Холланд,"Польша, Германия, Франция",1990,tt0099776,7.5
Европейская история,"драма, криминальный фильм, политический триллер",Игорь Гостев,СССР,1984,tt0087223,5.2
Европа,научная фантастика,Себастьян Кордеро,,2013,tt2051879,6.4
Европа 51,драма,Роберто Росселлини,Италия,1952,tt0043511,7.4
Его брат,драма,Патрис Шеро,Франция,2002,tt0351770,6.9
Еврейское счастье,драма,Виталий Манский,СССР,1990,tt2386290,5.5
Европа,драма,Ларс фон Триер,"Дания, Швеция, Франция, Германия, Швейцария",1991,tt0101829,7.5
"Ехали мы, ехали…",кинокомедия,"Ефим Березин, Юрий Тимошенко",СССР,1962,tt0178993,6.2
Евровидение: История огненной саги,"комедийный фильм, музыкальный фильм",Дэвид Добкин,США,"26 июня, 2020",tt8580274,6.5
Ёлки 10,комедия,"Александра Лупашко, Сергей Наумов",Россия,2023,tt28115289,3.1
Его величество полиэтиленовый пакет,"короткометражный фильм, псевдодокументальное кино, комедия",Джереми Коннер,,2010,,-
Желаю успеха,,Александр Косарев,СССР,1980,tt0207846,5.8
Железная госпожа,"боевик, приключенческий фильм",Сун Цуньшоу,Китайская Республика,1969,tt1386698,6.0
Желание сердца,Комедия,Михаэль Койш,Германия,1999,tt0188307,5.5
Его бедовая любовь,"драма, комедия, мелодрама",Зияфет Аббасов,"СССР, Азербайджанская ССР",1980,tt1636822,6.7
Желаем успеха,киноновелла,Исидор Анненский,СССР,,,-
Желание подсматривать,"эротика, драма",Лаура Гемсер,Италия,1986,tt0092180,4.1
Желание любви,"драма, экранизация",Виктор Георгиев,Россия,1993,tt5133956,5.8
Жду и надеюсь,драма,Сурен Шахбазян,СССР,1980,tt2454220,6.9
Желание,драма,Ли Чжун Ик,Республика Корея,2013,tt3153634,8.2
Желание,драма,"Марчелло Пальеро, Роберто Росселлини",Италия,1946,tt0035797,6.4
Желание,драма,Фрэнк Борзейги,США,1936,tt0027515,7.1
Еврейское счастье,драма,Алексей Грановский,СССР,1925,tt0015959,6.0
Ждите связного,"военный фильм, драма",Отар Коберидзе,СССР,1979,tt0280633,5.5
Ждите нас на рассвете,"военный фильм, исторический фильм",Эмиль Лотяну,СССР,1963,tt0173492,7.5
Ждите писем,киноповесть,Юлий Карасик,СССР,1960,tt0173493,5.7
Ждите «Джона Графтона»,,Андрис Розенбергс,СССР,1979,tt2395225,Рейтинг не найден
"Ждите меня, острова!",мелодрама,"Николай Лебедев, Иосиф Шапиро",СССР,1977,tt1718958,5.0
"Ждём тебя, парень","киноповесть, экранизация, производственный фильм, молодёжный фильм",Равиль Батыров,СССР,1972,tt0170836,7.4
Жди меня,"драма, военный фильм","Александр Столпер, Борис Иванов",СССР,1943,tt0036558,7.3
Жги!,"драма, мелодрама, музыкальный",Кирилл Плетнёв,Россия,2017,tt7126386,6.1
Жатва в Амитивилле,фильм ужасов,Томас Дж. Черчилль,США,2020,tt11177556,2.6
Жатва,драматический фильм,Афина Рахель Цангари,Германия,2024,tt13610344,6.0
Жатва,"ужасы, триллер",Стивен Хопкинс,США,2007,tt0444682,5.6
Жасмин,драма,Вуди Аллен,США,2013,tt2334873,7.3
Жаркий полдень,драма,Зако Хеския,Болгария,1965,tt0276986,7.0
Жаркое лето в Кабуле,драма,"Али Хамраев, Вали Латифи",СССР,1983,tt0171945,6.0
Жаркое американское лето,"комедия, сатира",Дэвид Уэйн,США,2001,tt0243655,6.5
Жгучая тайна,драма,Эндрю Биркин,ФРГ,1988,tt0094816,6.5
Европейское лечение,комедия,Эдвин Стэнтон Портер,США,1904,tt0231549,5.3
Жара и пыль,"драма, мелодрама",Джеймс Айвори,Великобритания,1983,tt0084058,6.5
Жар-птица,драма,Роман Михайлов,"Россия, Индия",2024,,-
Жаркие летние ночи,драма,Элайджа Байнум,США,2017,tt3416536,6.4
Жар-птица,"драма, мелодрама",Пеэтер Ребане,"Великобритания, Эстония",2021,tt4061620,7.1
Жареные зелёные помидоры,комедийная драма,Джон Эвнет,США,1991,tt0101921,7.7
Жареные голубки,комедия,Тадеуш Хмелевский,Польша,1966,tt0060832,6.5
Жапплу,драматический фильм,Кристиан Дюгей,Франция,"13 марта, 2013, 6 февраля, 2014",tt2018079,6.6
"Жди меня, Анна","Киноповесть, военный",Валентин Виноградов,СССР,1969,tt0065244,6.6
Жар тела,"триллер, эротика, неонуар",Лоуренс Кэздан,США,1981,tt0082089,7.4
Жар,драма,Метью Чэпмен,США,1986,tt0091972,4.9
Жаннетт: Детство Жанны д’Арк,"драматический фильм, музыкальный фильм",Брюно Дюмон,Франция,"2017, 25 декабря, 2019, 6 сентября, 2017",tt6340264,5.9
Жанна Парижская,"мелодрама, драма, военный фильм",Роберт Стивенсон,США,1942,tt0034919,6.8
Жанна и отличный парень,драма,"Оливье Дюкастель, Жак Мартино",Франция,1998,tt0123923,6.4
"Жанна Дильман, набережная Коммерции 23, Брюссель 1080","артхаус, драматический фильм",Шанталь Акерман,"Бельгия, Франция",1975,tt0073198,7.5
Жанна Дюбарри,"исторический фильм, биографический фильм, драматический фильм",Майвенн,Франция,2023,tt17277414,6.7
Жанна д'Арк,"историко, биографическая, драма",Люк Бессон,"Франция, Чехия, [, ], США",1999,tt0151137,6.4
Жанна д’Арк,"драма, исторический фильм",Жорж Мельес,Франция,1900,tt0132251,6.6
Жанна д’Арк,"фильм-биография, драма, исторический фильм, военный фильм",Виктор Флеминг,США,1948,tt0040491,6.4
Жара,"комедия, мелодрама",Резо Гигинеишвили,Россия,2006,tt0913446,4.3
Жанна д'Арк,"биографический фильм, приключенческий фильм, драма",Кристиан Дюгей,Канада,1999,tt0178145,6.6
Жандарм на прогулке,комедия,Жан Жиро,Франция,1970,tt0065769,6.5
Жандарм и инопланетяне,"романтическая, комедия, фантастика",Жан Жиро,Франция,1979,tt0079200,6.3
Жандарм из Сен-Тропе,комедия,Жан Жиро,"Франция, Италия",1964,tt0058135,7.1
Жандарм и жандарметки,"романтическая, комедия","Жан Жиро, Тони Абоянц",Франция,1982,tt0083996,6.2
Жара,драма,Филлип Нойс,Австралия,1982,tt0084059,6.4
"Жан-Люк, затравленный",драма,Клод Горетта,Швейцария,1966,tt0881265,7.9
Жандарм женится,комедия,Жан Жиро,"Франция, Италия",1968,tt0063005,6.8
Жандарм в Нью-Йорке,комедия,Жан Жиро,"Франция, Италия, США",1965,tt0060450,6.4
Жан де Флоретт,драма,Клод Берри,Франция,1986,tt0091288,8.1
"Жаль, что она блудница",драма,Джузеппе Патрони Гриффи,Италия,1971,tt0069678,6.3
Жак-фаталист и его хозяин,экранизация романа,Клод Сантелли,Франция,,tt0252557,Рейтинг не найден
Жако из Нанта,Драма,"Аньес Варда, Жак Деми",Франция,1991,tt0102141,7.7
Жажда страсти,"мистика, ужасы, триллер, детектив, эротика",Андрей Харитонов,СССР,1991,tt0271270,6.1
Жажда смерти 4: Разгром,боевик,Дж. Ли Томпсон,США,1987,tt0092857,5.5
Жажда смерти 5: Обличье смерти,боевик,Аллан А. Голдштейн,США,1994,tt0109578,4.9
Жанна (2022),"драма, экранизация",Константин Статский,Россия,2022,tt23713066,6.9
Жажда смерти 2,боевик,Майкл Уиннер,США,1982,tt0082250,6.0
Жажда смерти,триллер,Майкл Уиннер,Канада,1974,tt0071402,6.9
Жажда над ручьём,мелодрама,Константин Осин,СССР,1968,tt5074400,Рейтинг не найден
Жажда мести,"боевик, мелодрама, боевик, драматический фильм",Ракеш Рошан,"Индия, Индия",1988,tt0151206,6.6
Жажда золота,комедия,Жерар Ури,Франция,1993,tt0108179,4.7
Жалоба,социальная драма,Тимур Золоев,СССР,1986,tt0267143,6.2
Жажда золота,фильм-триллер,Энтони Хэйес,Австралия,2022,tt6020800,5.4
Жажда,"драма, фэнтези",Пак Чхан Ук,Республика Корея,2009,tt0762073,7.1
Жажда,психологическая драма,Дмитрий Тюрин,Россия,2013,tt2410266,6.9
Жажда,"драма, военный",Евгений Ташков,СССР,1959,tt0053466,7.0
Жажда странствий,комедия,Дэвид Уэйн,США,2012,tt1655460,5.6
"Жажда, война за воду","фильм-катастрофа, драма",Бен Рекхи,США,2005,tt0423514,5.4
Жажда смерти,"криминальный, боевик",Элай Рот,США,2018,tt1137450,6.3
Жажда,"драма, мелодрама",Гуру Датт,Индия,1957,tt0050870,8.3
Жадность,комедия,Джонатан Линн,США,1994,tt0109936,6.3
Жажда,драма,Ингмар Бергман,Швеция,1949,tt0041998,6.5
Жадность,"комедия, сатира",Майкл Уинтерботтом,Великобритания,2019,tt8972256,5.8
Жаворонок,"военный фильм, драма","Никита Курихин, Леонид Менакер",СССР,1964,tt0314947,7.2
Жаворонки на нитке,"комедийный фильм, парабола",Иржи Менцель,Чехословакия,1990,tt0064994,7.3
Жажда любви,Фильм-драма,Корэёси Курахара,Япония,1966,tt0060082,7.3
Жаворонки,драма,Ольгерт Дункерс,СССР,,tt0207845,6.6
Жажда смерти 3,"детектив, боевик",Майкл Уиннер,США,1985,tt0089003,5.8
Жажда жизни,драма,Винсент Миннелли,США,1956,tt0049456,7.3
Железный человек,"Фильм нуар, Спортивный фильм",Джозеф Певни,США,1951,tt0043678,6.2
Железный Флаг,"боевик, драма",Чжан Чэ,Гонконг,1980,tt0080743,6.9
Железный треугольник,драма,Эрик Уэстон,США,1989,tt0097593,5.8
Жажда,"триллер, фильм ужасов, фантастика",Род Харди,Австралия,1979,tt0080016,5.8
Женщины,"драма, комедия",Джордж Кьюкор,США,1939,tt0032143,7.7
"Женщина, пушка и лапша","комедия, драма",Чжан Имоу,Китай,2009,tt1428556,5.6
"Женщина, которую забыл Бог","романтический фильм, немое кино, драматический фильм",Сесил Блаунт Демилль,США,1917,tt0008786,6.1
"Женщина, которую я бросил",фильм-драма,Кириро Ураяма,Япония,1969,tt0203191,7.5
"Женщина, которая ушла",драма,Лав Диас,Филиппины,9 сентября,tt5843990,7.1
"Женщина, которая убежала",драма,Хон Сансу,Республика Корея,2020,tt11697690,6.7
"Женщина, которая смеётся","драма, мелодрама",Рышард Ордыньский,Польша,1931,tt0904054,Рейтинг не найден
"Женщина, которая изобрела любовь","драма, мелодрама",Вячеслав Висковский,Россия,1918,tt0220182,Рейтинг не найден
Женщина-оса,"фантастика, фильм ужасов",Джим Уайнорски,США,1995,tt0114896,4.1
"Женщина, которая поёт","музыкальный фильм, мелодрама",Александр Орлов,СССР,1978,tt0169403,5.8
Ж. К. В. Д.,"драма, трагикомедия",Мабрук Эль Мекри,"Бельгия, Франция, Люксембург",2008,tt1130988,7.0
Женщина-оборотень,фильм ужасов,Рино Ди Сильвестро,Италия,1976,tt0074829,5.0
Женщина-невидимка,"Фантастика, Кинокомедия, Мелодрама",А. Эдвард Сазерленд,США,"1940, 27 декабря, 1940",tt0032637,5.9
Женщина-насекомое,фильм-драма,Сёхэй Имамура,The Tokyo Night Sky Is Always the Densest Shade of Blue,1963,tt0057363,7.4
Железный человек,драматический,Тод Браунинг,США,1931,tt0022002,5.8
Женщина-кошка,"супергероика, технофэнтези",Питоф,"США, Австралия, Франция",2004,tt0327554,3.4
Женщина-волк из Лондона,"Детектив, Фильм ужасов",Жан Ярброу,США,1946,tt0038934,5.2
Женщина-демон,"драма, мистика",Канэто Синдо,Япония,1964,tt0058430,7.9
Загробная скиталица,фильм ужасов,Виктор Туржанский,Российская империя,1915,tt0006238,7.0
Женщина-арбуз,Комедия,Шерил Дунье,США,1996,tt0118125,7.1
Женщина Сайкаку,"драма, мелодрама",Кэндзи Мидзогути,Япония,1952,tt0045112,8.1
Женщина сверху,"романтическая комедия, мелодрама",Фина Торрес,США,2000,tt0206420,5.3
Женщина с душою куртизанки,драма,Александр Гарин,Российская империя,1916,,-
Женщина французского лейтенанта,"драма, мелодрама",Карел Рейш,Великобритания,1981,tt0082416,6.9
Женщина с…,"драматический фильм, ЛГБТ-фильм","Малгожата Шумовская, Михал Энглерт",Польша,2023,tt26746630,6.8
Женщина с разбитым носом,"Драма, Комедия, Мелодрама",Срджан Колевич,Сербия,2010,tt1324061,6.8
Женщина на пляже,мелодрама,Джозеф Пивни,США,1955,tt0048064,6.4
Женщина с кинжалом,драма,Яков Протазанов,Российская империя,1916,tt0007581,Рейтинг не найден
Женщина по имени Голда,"драма, биография",Алан Гибсон,США,,tt0084914,7.5
Женщина на войне,"чёрная комедия, фильм-триллер",Бенедикт Эрлингссон,"Франция, Исландия, Украина",2018,tt7279188,7.4
Женщина на Луне,фантастика,Фриц Ланг,Германия,1929,tt0019901,7.2
Женщина из Токио,"драма, комедия",Ясудзиро Одзу,Япония,1933,tt0024676,7.0
Женщина из племени апачей,Вестерн,Роджер Корман,США,"1955, 15 сентября, 1955",tt0047837,4.7
Женщина издалека,"военный фильм, драма",Тахир Сабиров,СССР,1978,,-
Женщина на пирсе 13,Фильм нуар,Роберт Стивенсон,США,1949,tt0041495,6.0
Женщина из Москвы,драма,Людвиг Бергер,США,1928,tt0018592,6.0
Женщина идёт впереди,"биографический фильм, драматический фильм",Сюзанна Уайт,США,"29 июня, 2018, 5 июля, 2018",tt5436228,6.7
Женщина идёт одна по земле,фильм-драма,Фумио Камэи,Япония,1953,tt0396778,Рейтинг не найден
Женщина из пятого округа,триллер,Павел Павликовский,"Франция, Польша, Великобритания",2011,tt1605777,5.3
Женщина под влиянием,драма,Джон Кассаветис,США,1974,tt0072417,8.0
Женщина есть женщина,комедия,Жан-Люк Годар,"Франция, Италия","Жан-Люк Годар, Жан-Люк Годар, 1961",tt0055572,7.3
Женщина и четверо её мужчин,притча,Альгимантас Пуйпа,СССР,1983,tt0088451,7.3
Женщина на пляже,нуар,Жан Ренуар,США,1947,tt0040000,6.4
Женщина для всех,мелодрама,Анатолий Матешко,СССР,1991,tt0204754,5.8
Женщина моря,драма,Джозеф фон Штернберг,США,1926,tt0017575,Рейтинг не найден
Женщина дня,"мелодрама, триллер","Александр Баранов, Бахытжан Килибаев",СССР,1989,tt0310391,6.9
Женщина дела,"драматический фильм, немое кино, романтический фильм",Кларенс Браун,США,1928,tt0019591,7.1
Женщина его мечты,"Фильм нуар, Мелодрама, Комедия","Джон Фэрроу, Ричард Флейшер",США,1951,tt0043643,7.0
Женщина года,"комедия, comedy of remarriage",Джордж Стивенс,США,1942,tt0035567,7.1
Женщина в черном 2: Ангел смерти,"ужасы, мистика, драма",Том Харпер,Распутин: Сумасшедший монах,2014,tt2339741,4.8
Женщина в чёрном,"фильм ужасов, мистика",Герберт Уайз,Великобритания,,tt0098672,7.1
Женщина в чёрном,,Джеймс Уоткинс,Распутин: Сумасшедший монах,2012,tt1596365,6.4
Женщина в пламени,драматический фильм,Роберт ван Акерен,ФРГ,1983,tt0083949,5.9
Женщина в песках,драма,Хироси Тэсигахара,The Tokyo Night Sky Is Always the Densest Shade of Blue,1964,tt0058625,8.4
Женщина в окне,"триллер, драма, детектив",Джо Райт,США,"14 мая, 2021",tt6111574,5.7
Женщина в камере №9,Women in Prison,Хесус Франко,Швейцария,1977,tt0123847,4.3
Женщина в красном,"комедия, мелодрама",Джин Уайлдер,США,1984,tt0088414,6.0
Женщина в зеркале,мелодрама,Паоло Кваренья,Италия,1984,tt0087165,4.6
Женщина в золоте,драма,Саймон Кертис,"Германия, Великобритания, США, Австрия",2015,tt2404425,7.3
Женщина Жанна,мелодрама,Сесиль Блаунт де Милль,США,1916,tt0008150,6.4
Женщина в дельфине,"приключения, фантастика, немое кино",Артур Кикебуш-Бренкен,,1920,tt0011208,7.0
"Женщина, которая желанна",драма,Курт Бернхардт,Германия,1929,tt0018588,6.7
Женщина в зелёном,детектив,Рой Уильям Нейл,США,1945,tt0038259,6.6
Жизнь побеждает,"драма, шпионский",Дину Негряну,,1951,tt0141956,7.3
Жизнь по Джейн Остин,"драма, комедия",Робин Свайкорд,США,2007,tt0866437,6.7
Жизнь Пи,"приключенческая, драма",Энг Ли,"США, Великобритания, Китайская Республика",2012,tt0454876,7.9
Женщина в комнате 13,"немое кино, драматический фильм, фильм-тайна",Фрэнк Ллойд,США,1920,tt0011876,Рейтинг не найден
Жизнь одна,"мелодрама, Мосфильм",Виталий Москаленко,Россия,2003,tt0372620,5.9
Женщина в комнате,"драма, триллер",Фрэнк Дарабонт,США,1983,tt0086534,6.0
Жизнь не может быть скучной,"комедия, драма, бадди-муви",Зоя Ахтар,Индия,2011,tt1562872,8.2
Жизнь на Мэйпл-Драйв,"драматический фильм, ЛГБТ-фильм, сериал, связанный с ЛГБТ",Кен Олин,США,"1992, 16 марта, 1992",tt0104118,7.0
Жизнь на земле,"комедия, драма",Абдеррахман Сиссако,"Мали, Мавритания, Франция",1998,tt0157160,6.8
Жизнь Мухомацу,фильм-драма,Хироси Инагаки,Япония,1958,tt0051955,7.5
Жизнь под страхом,"драматический фильм, романтический фильм, психологический триллер",Яш Чопра,Индия,1993,tt0109555,7.6
Жизнь морских обитателей,драма,Чжан Чи,Китай,2019,tt10121894,6.1
Жизнь Леонардо да Винчи,"исторический фильм, драма, фильм-биография, мини-сериал",Ренато Кастеллани,"Италия, Испания",1971,tt0068854,8.0
Жизнь Моисея,драма,Джеймс Стюарт Блэктон,США,1909,tt0001285,5.5
Жизнь как чудо,"комедия, мелодрама, музыкальный фильм, военная, драма",Эмир Кустурица,Сербия и Черногория,2004,tt0322420,7.5
Жизнь Клима Самгина,"драма, история",Виктор Титов,СССР,1988,tt0090552,7.7
Жизнь как сон,документальный фильм,Бейонсе,США,2013,tt2324998,6.6
Жизнь испытывает нас,"драма, мелодрама",Шамиль Махмудбеков,Азербайджанская ССР,1971,,-
"Жизнь как смертельная болезнь, передающаяся половым путём",драма,Кшиштоф Занусси,Франция,2000,tt0257289,7.0
Жизнь как дом,драма,Ирвин Уинклер,США,2001,tt0264796,7.4
Жизнь как катастрофа,"драма, комедия",Тод Харрисон Уильямс,США,2007,tt0783601,5.4
Жизнь Иисуса,драма,Мартин Скорсезе,США,,tt31066312,Рейтинг не найден
Жизнь Иисуса,драма,Брюно Дюмон,Франция,1997,tt0120448,7.0
Жизнь и смерть Пушкина,Биографический,Василий Гончаров,Российская империя,1910,tt0202158,5.0
Жизнь и смерть Фердинанда Люса,"драматический фильм, экранизация романа",Анатолий Бобровский,СССР,1976,tt0074078,6.8
Жизнь и страсти Иисуса Христа,"драма, фильм-биография","Фернан Зекка, Люсьен Нонге",Франция,1903,tt0127962,6.5
Жизнь на перемотке,комедия,Антони Марсьяно,Франция,2019,tt7998848,7.2
Жизнь и смерть порнобанды,"хоррор, роуд-муви",Младен Джорджевич,Сербия,2009,tt1388427,6.0
Жизнь и смерть дворянина Чертопханова,драматический фильм,Виктор Туров,СССР,1971,tt3069756,5.9
Жизнь и удивительные приключения Робинзона Крузо,приключенческий фильм,Станислав Говорухин,СССР,1972,tt0069541,6.5
Жизнь и смерть полковника Блимпа,"военный фильм, драма, мелодрама","Майкл Пауэлл, Эмерих Прессбургер",Великобритания,1943,tt0036112,8.0
Жизнь и приключения четырёх друзей,детский фильм,Олег Ерышев,СССР,,tt0461861,7.3
Жизнь и смерть Питера Селлерса,"фильм-биография, драма",Стивен Хопкинс,"Великобритания, США",2004,tt0352520,6.9
Жизнь и ничего больше,драма,Бертран Тавернье,Франция,1989,tt0098596,7.5
Жизнь и необычайные приключения солдата Ивана Чонкина,комедия,Иржи Менцель,"Чехия, Россия, Великобритания, Франция, Италия",1994,tt0110348,7.0
Жизнь и один день,драматический фильм,Саид Рустаи,Иран,2014,tt5460658,8.2
Жизнь и деяния бессмертного вождя Карагеоргия,исторический фильм,Илья Станоевич,Королевство Сербия,1911,tt0266688,6.0
Жизнь забавами полна,драма,Пётр Тодоровский,Россия,2001,tt0339942,6.0
Жизнь и времена судьи Роя Бина,"комедия, мелодрама, вестерн, экранизация",Джон Хьюстон,США,1972,tt0068853,6.8
Жизнь за год,"драма , мелодрама",Митя Окорн,США,2020,tt6598238,6.2
Жизнь за один день,документальный,Кевин Макдональд,США,2011,tt1687247,7.6
Жизнь за кадром,"комедия, мелодрама",Дэвид Мэмет,США,2000,tt0120202,6.7
Жизнь женщины,драма,Канэто Синдо,Япония,1953,tt0046145,7.2
«Жизнь за жизнь»,драма,Евгений Бауэр,Российская империя,1916,tt0212633,6.4
Жизнь за гранью,психологический триллер,Агнешка Войтович-Восло,США,2009,tt0838247,5.9
Жизнь даётся один раз,"Криминальная, драма, Прото-нуар",Фриц Ланг,США,"29 января, 1937",tt0029808,7.2
Жизнь евреев в Палестине,документальный фильм,Noah Sokolovsky,Российская империя,1913,tt0231984,5.5
Жизнь Дэвида Гейла,"детектив, драма",Алан Паркер,"США, Германия",2003,tt0289992,7.5
Жизнь других,"триллер, драма, Инструментальная",Флориан Хенкель фон Доннерсмарк,Германия,"15 марта, 2006, 23 марта, 2006",tt0405094,8.4
Жизнь Джавида,"драма, исторический",Рамиз Гасаноглу,Азербайджан,2007,tt1279418,8.4
Жизнь для живых,драматический фильм,В. Шантарам,Британская Индия,1939,tt0275497,7.6
Жизнь генерала Вильи,приключенческий фильм,Кристи Кэбэнн,США,1914,tt0004223,6.1
Жизнь врасплох,драма,Александр Бруньковский,Россия,2007,tt0766224,5.8
Женщина из джунглей,фильм ужасов,Реджинальд Ле Борг,США,1944,tt0036975,4.6
Жизнь во имя любви,"музыкальный фильм, романтический фильм",Махеш Бхатт,Индия,1990,tt0149573,6.3
Жизнь взаймы,драма,Сидни Поллак,США,1977,tt0075774,5.8
Жизнь вдвоем,комедия,Клемен Дюур,Франция,1958,tt0052363,6.0
Жизнь Верди,"мини-сериал, биографический фильм, исторический фильм, музыкальный фильм",Ренато Кастеллани,ФРГ,,tt0087621,8.1
Жизнь в стиле кантри,драма,Кристофер Кейн,США,,tt0105191,7.1
Жизнь в чемоданах,"драма, приключения",Питер Гринуэй,Нидерланды,2005,tt0486192,6.1
Жизнь в отчаянии,Комедия,Джон Уотерс,США,1977,tt0075936,7.0
Жизнь в розовом цвете,"драма, музыкальный фильм, биография",Оливье Даан,"Франция, Великобритания, Чехия",2007,tt0450188,7.5
Жизнь в мотеле,"драма, триллер",Гейб Польски,США,2012,tt1559036,5.9
Жизнь в смерти,драма,Евгений Бауэр,Российская империя,1914,tt0209509,Рейтинг не найден
Жизнь в военные времена,"чёрная комедия, драма",Тодд Солондз,США,2009,tt0808526,6.4
Жизнь богемы,"комедия, драма",Аки Каурисмяки,"Франция, Германия, Швеция, Финляндия",1992,tt0105750,7.6
Жизнь богемы,"драма, экранизация",Марсель Л’Эрбье,Франция,1945,tt0035515,6.3
Жизнь впереди,комедия,Карен Оганесян,Россия,2017,tt7475284,5.5
Жизнь бенгальского улана,военный фильм,Генри Хэтэуэй,США,1935,tt0026643,7.0
Жизнь в цитадели,драма,Герберт Раппапорт,СССР,1947,tt0040014,6.0
Жизнь,драматический фильм,Маттиас Гласнер,Германия,2024,tt27165281,7.5
Женщина в окне,"нуар, триллер, детектив",Фриц Ланг,США,1944,tt0037469,7.6
Жыве Беларусь!,драма,Кшиштоф Лукашевич,Польша,2012,tt2723138,6.5
Жуткий,фильм-триллер,Киёси Куросава,Япония,"13 февраля, 2016",tt4900708,6.4
Жизнь в зоопарке,документальный,"Згуриди, Александр Михайлович",СССР,1940,tt0038690,Рейтинг не найден
Жизнь в забвении,"комедия, драма",Том Дичилло,США,1995,tt0113677,7.5
Жутко громко и запредельно близко,драма,Стивен Долдри,США,2011,tt0477302,6.9
"За рекой, в тени деревьев",экранизация романа,,США,2022,tt5652768,6.7
Жизнь Берлиоза,"биографический фильм, исторический фильм, драма, музыкальный фильм","Жак Требута, Виктор Сергеев",Канада,,tt0281515,7.4
Заброшенная шахта,"Фильм ужасов, Приключенческий, Мистический",Джефф Чемберлен,Америка,2012,tt1329404,3.8
Заброшенная станция,драматический фильм,Алиреза Раисиан,Иран,2002,tt0333645,6.6
Забриски-Пойнт,драма,Микеланджело Антониони,США,1970,tt0066601,6.9
Забойный футбол,"комедия, мелодрама, спорт",Шерри Хорман,Германия,2004,tt0375911,6.7
Забойный реванш,"спорт, комедия",Питер Сигал,США,2013,tt1661382,6.4
Жизнь американского пожарного,боевик,Эдвин Портер,США,1903,tt0000447,6.4
Заблудший (Гнёзда),драма,Семён Туманов,СССР,1966,tt0061211,7.0
Жутковатое приключение Алисы,"немое кино, анимационно-игровой фильм",Уолт Дисней,США,"1 апреля, 1924",tt0014664,5.3
Жизнь Адель,романтический фильм,Абделатиф Кешиш,"Франция, Бельгия, Испания",2013,tt2278871,7.7
Заблудшие,"драма, исторический фильм, военный фильм",Андре Тешине,"Франция, Великобритания",2003,tt0329111,6.5
Заблудшие ангелы,драма,Хью Хадсон,США,"1989, 31 мая, 1990",tt0097782,5.9
Заблудшие,социально-психологическая молодежная драма,Калью Комиссаров,СССР,1970,tt0447515,5.3
Заблудившееся орудие,,Йозеф Мах,Чехословакия,1958,tt0257287,5.9
Забивание камнями Сорайи М.,драма,Сайрус Наурасте,США,2008,tt1277737,7.9
Забери мою душу,"слэшер, фильм ужасов",Уэс Крэйвен,США,2010,tt0872230,4.8
Забарджад,драма,Баходыр Одылов,Узбекистан,2007,,-
Забинтованная,"Мелодрама, Ужасы",Мария Битти,Германия,"2009, 19 ноября, 2009",tt1434925,4.7
Забирая жизни,"психологический триллер, детектив",Ди Джей Карузо,"США, Канада","16 марта, 2004, 8 апреля, 2004",tt0364045,6.2
Забегаловка,"комедия, драма",Барри Левинсон,США,1982,tt0083833,7.0
Забавы молодых,мелодрама,Евгений Герасимов,СССР,1987,tt0137045,6.4
Жуть,фильм ужасов,"Джин Джозеф, Томас Доран",США,1986,tt0090057,4.9
Забавы и игры,фантастика,Герд Освальд,США,1964,tt0667815,7.2
Забавные приключения Дика и Джейн,комедия,Тед Котчефф,США,1977,tt0076059,6.4
Забавная ферма,комедия,Джордж Рой Хилл,США,1988,tt0095188,6.2
Забавные игры,"триллер, фильм ужасов",Михаэль Ханеке,Австрия,"11 сентября, 1997, 1997",tt0119167,7.5
Забавная мордашка,"кинокомедия, мюзикл, мелодрама",Стэнли Донен,США,"1957, 13 февраля, 1957",tt0050419,7.0
Заат,"научно-фантастический, фильм ужасов",Дон Бартон,США,1971,tt0072666,2.2
"Забавная история, случившаяся по дороге на форум",комедия,Ричард Лестер,"США, Великобритания",1966,tt0060438,6.8
За шкуру полицейского,"детектив, боевик, мелодрама",Ален Делон,Франция,1981,tt0082935,6.4
За что?,"исторический фильм, мелодрама",Ежи Кавалерович,Россия,1995,tt0115039,6.8
За что мне это?,мелодрама,Педро Альмодовар,Испания,1984,tt0088461,7.1
За час до рассвета,"историко-революционный, драма, экранизация","Нерсес Оганесян, Эразм Карамян",СССР,1973,tt0421018,5.9
За холмами,драма,Кристиан Мунджиу,"Румыния, Франция, Бельгия",2012,tt2258281,7.5
За что стоит умереть,"драма, комедия",Гас Ван Сент,"США, Великобритания, Канада",1995,tt0114681,6.8
"За тех, кто в море","драма, военный, приключение",Александр Файнциммер,СССР,1947,tt0166886,4.1
"За тех, кого мы любим","драма, военный, исторический",Таку Синдзё,Япония,2007,tt0882797,5.8
За твою судьбу,"драма, военный",Тимур Золоев,СССР,1972,tt4695102,6.2
Забавные игры,"драма, триллер",Михаэль Ханеке,США,2007,tt0808279,6.5
За тонким человеком,"детектив, кинокомедия",В. С. ван Дайк,США,1936,tt0027260,7.6
За счастьем,драма,Евгений Бауэр,Россия,1917,tt0008800,6.7
За советскую родину,драма,"Рафаил Музыкант, Юрий Музыкант",СССР,1937,tt0029813,5.8
За спичками,комедия,"Леонид Гайдай, Ристо Орко","СССР, Финляндия",1980,tt0081796,6.8
За синими ночами,мелодрама,Ольгерд Воронцов,СССР,,tt2844020,4.9
За стеной,Фильм нуар,Крейн Уилбур,США,1950,tt0042826,6.7
За синей дверью,"Фэнтези, приключения, семейный",Мариуш Палей,Польша,2016,tt6233882,5.5
За рекой — граница,"драма, экранизация",Алты Карлиев,СССР,1970,tt0068009,5.3
За решёткой,"драматический фильм, тюремный фильм",Ури Барбаш,Израиль,1984,tt0087699,6.7
За пять секунд до катастрофы,научная фантастика,Анатолий Иванов,СССР,1977,tt5450640,Рейтинг не найден
За стенами тюрьмы Фолсом,Фильм нуар,Крейн Уилбур,США,1951,tt0043677,6.6
За пригоршню долларов,вестерн,,ФРГ,1964,tt0058461,7.9
За пропастью во ржи,"драма, биография",Дэнни Стронг,США,2017,tt4986134,6.7
За пригоршню динамита,"сапата-вестерн, Военный, Драма",Серджо Леоне,Италия,1971,tt0067140,7.6
За прекрасных дам!,комедия,Анатолий Эйрамджан,СССР,1989,tt0098700,5.7
За стеной,драма,Кшиштоф Занусси,Польша,1971,tt0068010,7.1
За пределами долины кукол,"комедия, драма, музыка",Расс Мейер,США,1970,tt0065466,6.1
За пределами временного барьера,Научно-фантастический фильм,Эдгар Г. Ульмер,США,1960,tt0053651,5.3
За сигаретами,"роуд-муви, драматический фильм, комедийный фильм",Эмманюэль Берко,Франция,2013,tt2289538,6.4
За отдельными столиками,драма,Делберт Манн,США,1958,tt0052182,7.4
За пивом!,"драматический фильм, военный фильм",Питер Фаррелли,США,2022,tt10268488,6.8
За последней чертой,"боевик, детективная драма",Николай Стамбула,СССР,1991,tt0204752,7.1
За облаками,"драма, мелодрама","Микеланджело Антониони, Вим Вендерс","Германия, Италия, Франция",1995,tt0114086,6.4
За облаками — небо,"Киноповесть, драма",Юрий Егоров,СССР,1973,tt0170826,5.9
За наших любимых,драма,Морис Пиала,Франция,1983,tt0086650,7.1
За нами Москва,Военные фильмы,Мажит Бегалин,СССР,1967,tt0348483,5.9
За нас двоих,драма,Клод Лелуш,"Франция, Канада",1979,tt0080184,6.3
За право первой ночи,драма,Александр Уральский,Российская империя,1916,,-
Заговор,"военный фильм, драматический фильм",Рене Генвиль,Франция,1973,tt0069912,6.1
Заблудшие души,"драма, экранизация",Карл Фройлих,Германия,1921,tt0012323,Рейтинг не найден
Заговор «Параллакс»,триллер,Алан Пакула,США,1974,tt0071970,7.1
За поворотом — поворот,драма,Ольгерт Дункерс,СССР,1968,tt2396391,5.6
За пределами закона,"драма, криминал, триллер",Ларри Фергюсон,США,"1992, 22 апреля, 1993",tt0103805,6.4
Зал ожидания,драма,Карен Сперлинг,США,1973,,-
Залётчики,комедия,Кирилл Кузин,Россия,2014,tt3718062,1.2
За нас с вами,драма,Андрей Смирнов,Россия,2023,tt27868137,6.7
Зал самоубийц,"драма, мелодрама",Ян Комаса,Польша,2011,tt1808454,6.6
Зал ожидания,драма,Жак Робен,Франция,1964,tt0302905,6.1
Заговор,детектив,Маноле Маркус,Румыния,1973,tt0125709,6.3
Зал Джимми,"историческая, драма",Кен Лоуч,"Великобритания, Ирландия, Франция",2014,tt3110960,6.7
Закусочная на шоссе 66,Криминальная комедия,Джон Марк Робинсон,США,1984,tt0088008,5.4
Зал ожидания,"короткометражка, драма, мелодрама",Йос Стеллинг,"Германия, Нидерланды",1996,tt0114884,7.3
Закусочная на колёсах,"боевик, комедия",Саммо Хун,"Гонконг, Испания",1984,tt0087578,7.0
Закупщик оружия,мелодрама,Нардо Кастильо,Канада,1984,tt0087374,3.9
Закрытый занавес,драматический фильм,"Джафар Панахи, Камбузья Партови",Иран,"12 февраля, 2013",tt2626926,6.5
За экраном,комедия,Чарли Чаплин,США,1916,tt0006414,6.9
Законы привлекательности,романтическая комедия,Питер Хауитт,США,2004,tt0323033,5.9
Закрытые пространства,"драма, комедия",Игорь Лебедев,Россия,2008,tt1279976,6.4
Закройщик из Торжка,комедия,Яков Протазанов,СССР,1925,tt0016559,6.9
Закрой мои глаза,"драма, мелодрама",Стивен Поляков,Великобритания,1991,tt0101595,6.2
Законы рукопашного боя 2: Тайное задание,боевик,Кёрт Андерсон,США,1992,tt0104823,5.3
Закон Ханны,"драма, вестерн",Рэйчел Талалэй,"США, Канада",2012,tt2082289,5.2
Законы Бруклина,"криминальная, драма",Майкл Корренте,США,2007,tt0283503,6.3
Закон улиц,драма,Ральф Хабиб,Франция,1956,tt0049448,6.2
Законопослушный гражданин,"фильм о вигилантах, триллер, драма, криминал",Ф. Гэри Грей,США,2009,tt1197624,7.4
Законный брак,мелодрама,Альберт Мкртчян,СССР,1985,tt0184071,7.1
Закон рынка,драма,Стефан Бризе,Франция,2015,tt4428814,6.8
Закон о детях,"драматический фильм, экранизация романа",Ричард Эйр,"Великобритания, США",2017 год,tt6040662,6.7
Закон противоположностей,драматический фильм,Рикки Тоньяцци,Италия,2000,tt0208032,7.1
Закон неизбежности,драма,Ник Гомес,США,1992,tt0104693,6.7
Закон ночи,"гангстерский фильм, драма",Бен Аффлек,США,2016,tt2361317,6.4
Закон доблести,боевик,"Майк Маккой, Скотт Во",США,2012,tt1591479,6.4
За пределами. Семьдесят первый,"документальный, спортивный",Дмитрий Плотников,Россия,2024,,-
Закон жизни,драма,"Александр Столпер, Борис Иванов",СССР,1940,tt0033293,5.2
Закон и кулак,боевик,Ежи Гофман,Польша,1964,tt0060852,7.3
Закон мести,"драма, триллер","Боджесси Кристофер, Скотт Лит",США,1999,tt0175997,3.8
Закон есть закон,комедия,Кристиан-Жак,"Франция, Италия",1958,tt0051851,7.4
Закон выжившего,"драма, триллер, неонуар",Жозе Джованни,Франция,1967,tt0196709,6.3
Закон границы,драма,Омер Лютфи Акад,Турция,1966,tt0261739,6.7
Закон Антарктиды,драма,Тимофей Левчук,СССР,1962,tt0143009,4.6
Закон бойни,"драматический фильм, ЛГБТ-фильм, фильм об американском футболе",,США,2002,tt0266971,5.9
Закон,"драма, исторический фильм",Владимир Наумов,СССР,1989,tt0098704,7.3
Закон желания,"комедийная драма, триллер",Педро Альмодовар,Испания,1987,tt0093412,7.1
Заколдованный остров,приключения,Аллан Двон,США,1958,tt0051581,4.8
Заколдованный замок,фильм ужасов,Роджер Корман,США,1963,tt0057128,6.7
Заколдованная Элла,"Комедия, фэнтези",Томми О'Хавер,"США, Ирландия, Великобритания",2004,tt0327679,6.3
Заклятье. Шёпот ведьм,фильм ужасов,Серик Бейсеу,Россия,2024,tt13358904,3.8
Заклятые друзья,"подростковая, комедийная драма, фильм-антология",Дэйзи Майер,"США, Канада",,tt1865368,5.0
Закон гор,экранизация,Николай Санишвили,СССР,1964,tt0273710,7.7
Закованная фильмой,драма,Никандр Туркин,РСФСР,1918,tt0220180,6.8
Заклятье: Спуск к дьяволу,фильм ужасов о сверхъестественном,Брендан Малдауни,Ирландия,2022,tt14550642,5.3
Заклятие. Зло внутри,фильм ужасов о сверхъестественном,Бишал Дутта,США,2023,tt15683734,5.2
Заклятие долины змей,"приключения, фантастика",Марек Пестрак,СССР,1987,tt0095456,5.4
Заклятье. Дом 32,фильм ужасов,Альберт Пинто,"Испания, Франция",2020,tt10952782,5.6
Заклятие,"фильм ужасов, триллер",Джеймс Ван,США,2013,tt1457767,7.5
«Заговор»,телевизионный спектакль,Светлана Аннапольская,СССР,1971,tt5953822,5.0
Заклятие 3: По воле дьявола,,Майкл Чавес,США,2021,tt7069210,6.3
Заклятье. Наши дни,"фильм ужасов, фильм-триллер, фильм-тайна",Ксавье Жанс,"Великобритания, Румыния",2017,tt4181782,5.1
Заколдованная гостиница,комедия,Жорж Мельес,Франция,1897,tt0000138,6.4
Заколдованный дом,фильм ужасов,Тед Николау,США,2000,tt0218625,3.9
Заключительный аккорд,мелодрама,Дуглас Сирк,Нацистская Германия,1936,tt0028225,6.7
Заклятие 2,фильм ужасов,Джеймс Ван,США,2016,tt3065204,7.3
Заключённый №13,комедия,"Эдвард Клайн, Бастер Китон",США,1920,tt0011071,7.1
Заклинатели слонов,документальный фильм,Kartiki Gonsalves,Индия,"8 декабря, 2022",tt23628262,7.5
Заклятие 4: Последние обряды,фильм ужасов о сверхъестественном,Майкл Чавес,США,2025,tt22898462,Рейтинг не найден
Закатный стриптиз,"драма, триллер, эротика",Пол Дж. Волк,США,1993,tt0105493,3.6
Замёрзший,комедия,Малколм Маубрэй,США,1989,tt0098042,5.5
Холодные души,"драма, комедия",Софи Бартез,"США, Франция",2009,tt1127877,6.4
Затаившись,"фильм ужасов, драматический фильм",,США,"15 сентября, 2015",tt2131532,6.4
Замёрзшие,психологический триллер,Адам Грин,США,2010,tt1323045,6.2
Заключённые,"драма, пропаганда",Евгений Червяков,СССР,1936,tt0028528,6.1
Заклинатель лошадей,драма,Роберт Редфорд,США,1998,tt0119314,6.7
Затаившиеся 3D,"фильм ужасов, триллер",Антуан Томас,"Канада, Италия",2011,tt1664664,3.3
Затаившийся,"фильм ужасов, триллер",Дэвид Шмёллер,Италия,1986,tt0090881,5.3
"Засыпай, мой малыш",музыкальная комедия,Фрэнк Ташлин,США,1958,tt0052141,6.6
Заклинательница акул,"триллер, ужасы",Джон Стоквелл,ЮАР,2012,tt1507563,4.3
Засушливое лето,драма,Метин Эрксан,Турция,1963,tt0062322,7.8
Застрял в любви,"комедия, драма",Джош Бун,США,2012,tt2205697,7.2
Застрял в тебе,комедия,"Питер Фаррелли, Бобби Фаррелли",США,2003,tt0338466,5.8
Заметая следы,"комедия, драма, роуд-муви",Малкольм Ингрэм,Канада,1999,tt0122743,4.7
Застигнутый дождём,комедия,Чарли Чаплин,США,1914,tt0003760,5.6
Застенчивый,"романтическая комедия, романтический фильм, немое кино","Фред С. Ньюмейер, Сэм Тейлор",США,"20 апреля, 1924",tt0014945,7.7
Застава в горах,Приключенческий фильм,Константин Юдин,СССР,1953,tt0212630,5.6
Застава в Марокко,"приключения, боевик",Роберт Флори,США,1949,tt0041724,5.1
Застава Ильича,киноповесть,Марлен Хуциев,СССР,1964,tt0058361,7.7
Заметки в поисках африканского Ореста,Документальный,Пьер Паоло Пазолини,,,tt0066163,6.6
Заселяя замки Венарии-Реале,драма,Питер Гринуэй,Италия,2007,tt1242785,6.7
Засада,"детектив, драма, триллер",Стюарт Гордон,"Канада, США, Великобритания, Германия",2007,tt0758786,6.5
Засада,о гражданской войне,"Базаров, Геннадий Садырович",СССР,1969,tt5277040,6.4
Засада,криминальная драма,Ёситаро Номура,Япония,1958,tt0226737,7.1
Засада,"боевик, приключенческий фильм",Хэ Мэнхуа,Гонконг,1973,tt0069702,6.4
#засранка,Комедия,Андрей Хуцуляк,Румыния,2021,tt14403262,6.8
Засекреченный город,приключенческий фильм,Михаил Юзовский,СССР,1974,tt1934489,6.3
Заря,драма,Роберт Найтс,Великобритания,1988,tt0094955,6.0
Стрелок,"триллер, боевик",Роберт Лоренц,США,2021,tt6902332,5.7
Заряженные смертью,боевик,Владимир Плотников,СССР,1991,tt0103321,5.5
Зарубки на память,"историческая, драма",Михаил Израилев,СССР,1972,tt4718998,5.7
Зарэ,драма,"Амо Бек-Назарян, Арменак Даниелян",СССР,1926,tt0184075,7.1
Зарубежный роман,"романтическая, комедия, драма",Билли Уайлдер,США,1948,tt0040367,7.3
Зареченские женихи,"комедия, мелодрама",Леонид Миллионщиков,СССР,1967,tt8203056,6.2
Зарево над Дравой,киноэпопея,Зако Хеския,Болгария,1974,tt0293718,8.3
Зародыш,"фантастика, ужасы, триллер",Ральф Нельсон,США,1976,tt0074475,5.1
"Засну, когда умру","криминальный фильм, драма, триллер",Майк Ходжес,"Великобритания, США",2003,tt0319531,5.8
Заре навстречу,"драма, экранизация, историко-революционный",Татьяна Лукашевич,СССР,1959,tt0323891,5.0
Заряженное оружие,"комедия, боевик, криминал, пародия",Джин Квинтано,США,"5 февраля, 1993, 27 июня, 1993, 15 июля, 1993",tt0107659,6.2
Зарево над Кладно,"исторический, экранизация",Владимир Влчек,Чехословакия,1955,tt0400782,2.4
Заражение,фильм-катастрофа,Стивен Содерберг,США,2011,tt1598778,6.8
Заражение,"фантастика, фильм ужасов",Луиджи Коцци,ФРГ,1980,tt0082000,5.1
Зарабатывая на жизнь,комедия,Генри Лерман,США,1914,tt0004288,5.5
"Запрягу я тройку борзых, темнокарих лошадей",драма,Яков Протазанов,Российская империя,1916,,-
Запыхавшись,"детектив, мелодрама, джалло",Тинто Брасс,"Италия, Франция",1967,tt0061493,5.5
Запятнанная репутация,"триллер, мелодрама, драма",Роберт Бентон,США,2003,tt0308383,6.2
Зарисовки об одеждах и городах,документальный,Вим Вендерс,ФРГ,1989,tt0096852,6.4
Зардоз,"фантастика, фэнтези, антиутопия",Джон Бурмен,Ирландия,1974,tt0070948,5.8
Заражение: Вирус смерти,зомби-комедия,Патрик Динхат,США,2006,tt0770739,4.7
Запутались  в любви,"Мелодрама, комедия",Леандер Хауссман,Германия,2008,tt1242452,6.7
Запрос в друзья,фильм ужасов,Симон Ферхёвен,Германия,2016,tt3352390,5.2
Запрещённый приём,"триллер, боевик, фэнтези",Зак Снайдер,"США, Канада",2011,tt0978764,6.1
Запрещённые священники,"драма, мелодрама, военный фильм",Дени де Ла Пательер,Франция,1973,tt0174143,5.4
Запутанная история,Чёрная комедия,"Сальво Фикарра, Валентино Пиконе, Джиамбаттисто Авеллино",Италия,2009,tt1409836,6.4
Запятнанные ангелы,мелодрама,Дуглас Сирк,США,1957,tt0051055,7.1
Запрещённая реальность,"боевик, фантастика",Константин Максимов,Россия,2009,tt1245736,3.6
Запрещённые игры,драма,Рене Клеман,Франция,1952,tt0043686,8.0
Запретный мир,фантастика,Аллан Хольцман,США,1982,tt0083959,5.1
Заражённая,"постапокалипсис, фильм ужасов, драма",Генри Хобсон,США,2015,tt1881002,5.6
Запрещённый Христос,драма,Курцио Малапарте,Италия,1951,tt0042354,7.1
Запретное царство,"уся, фэнтези",Роб Минкофф,"США, Китай, [, ], [, ]",2008,tt0865556,6.5
Запретное образование,документальный фильм,German Doin,Аргентина,2012,tt2351524,7.4
Запрещено,нуар,Рудольф Мате,США,1953,tt0045780,6.3
Запретная территория,комедия,Давид Внендт,Германия,2013,tt2524674,5.8
Запретная миссия,"боевик, кинокомедия, криминал, приключения, семейный",Барт Фрейндлих,США,2004,tt0337917,5.2
Запретный танец,музыкальный фильм,Грейдон Кларк,США,1990,tt0099595,4.0
Запретная планета,научная фантастика,Фред Маклауд Уилкокс,США,1956,tt0049223,7.5
Звездопад,военная драма,Игорь Таланкин,СССР,1981,tt0083145,6.6
Звездочёт,детектив,Анатолий Тютюнник,СССР,,tt5668120,6.2
Запретные желания,"боевик, мелодрама, комедия",В. В. Винаяк,Индия,2011,tt1625856,4.5
Звездолёт Эксетер,"научная фантастика, Фанатский фильм",,США,2002,tt0478893,5.7
Запретная тема,боевик,Джей Ли Томпсон,США,1989,tt0097670,5.5
Запретная страсть,драма,Катрин Брейя,Франция,2023,tt14550346,6.4
Звонок 2,"J-Horror, ужасы",Хидэо Наката,Япония,1999,tt0218553,5.9
Звонок 2,"триллер, ужасы",Хидэо Наката,США,2005,tt0377109,5.4
Звонок 0: Рождение,"мистика, ужасы",Норио Цурута,Япония,2000,tt0235712,5.9
Запрещённые песенки,"военный, музыкальный",Леонард Бучковский,Польша,1946,tt0040012,7.0
Зверюга,"комедия, драма, триллер, криминал",Серджо Корбуччи,"Италия, Франция",1974,tt0071208,6.7
Звоните Джейн,драматический фильм,Филлис Надж,США,"21 января, 2022, 1 декабря, 2022",tt7461272,6.5
Звонить Нортсайд 777,"нуар, детектив",Генри Хэтэуэй,США,1948,tt0040202,7.4
"Зверь, выходящий из моря",драма,Витаутас Жалакявичюс,"Россия, Литва",1992,tt3618568,6.7
Звонок,"J-Horror, триллер, ужасы, мистика",Хидэо Наката,Япония,1998,tt0178868,7.2
Зверь в джунглях,драматический фильм,Патрик Шиа,Франция,2023,tt19864472,5.4
Зверь из космоса,научно-фантастический фильм,Альфонсо Брешия,Италия,1980,tt0157383,4.1
Захват,боевик,Трой Кук,США,1995,tt0114606,3.8
Зверь с холодной кровью,"фильм ужасов, триллер, детектив",Фернандо Ди Лео,Италия,1971,tt0066827,5.1
Зверь,"психологический триллер, драматический фильм",Майкл Пирс,,"9 сентября, 2017",tt5628302,6.8
Звонок,"ужасы, триллер, мистика",Гор Вербински,США,2002,tt0298130,7.1
Звон мечей,документальный фильм,,ИГ,,,-
Зверь,военный,Кевин Рейнольдс,США,"1988, 29 сентября, 1988",tt0094716,7.3
Зверь,"кинофантастика, триллер",Елена Ланская,США,2007,tt0874917,3.2
Зверь,"драма, фэнтези, фильм ужасов, мелодрама",Валериан Боровчик,Франция,"1975, 20 августа, 1975, 26 апреля, 1976, 23 августа, 1976, 15 апреля, 1977, 28 января, 1978, 28 марта, 1978, 6 февраля, 1981, 22 августа, 1982",tt0072752,5.7
Звонки,"триллер, ужасы, драма",Хавьер Гутьеррес,"США, [, ]","2 февраля, 2017, 3 февраля, 2017",tt0498381,4.5
Зверь,"драма, мелодрама, экранизация",Луис Бунюэль,Мексика,1953,tt0044453,7.2
Зверофабрика,"криминальный фильм, драма",Стив Бушеми,США,2000,tt0204137,6.6
Звероловы,приключения,Глеб Нифонтов,СССР,1958,tt0146363,5.9
Зверобой,"приключенческий фильм, исторический фильм",Андрей Ростоцкий,СССР,1990,tt2930848,6.7
Зверинец,комедия,Джон Лэндис,США,1978,tt0077975,7.4
Звериная тропа,драма,Райнер Вернер Фасбиндер,ФРГ,1972,tt0069502,7.1
Зверинец,детективный фильм,Сатьяджит Рай,Индия,1967,tt0061474,7.2
Звери дикого Юга,"драма, фэнтези",Бен Зайтлин,США,2012,tt2125435,7.2
Зверь,"фильм-выживание, боевик",Бальтасар Кормакур,"США, Исландия",2022,tt13223398,5.6
Звериная ярость,"боевик, триллер",Ник Пауэлл,США,2019,tt7394816,4.9
Звёзды на крыльях,драма,Исаак Шмарук,СССР,1955,tt0314959,5.6
Звёзды и солдаты,драма,Миклош Янчо,"Венгрия, СССР",1967,tt0061537,7.5
Звенигора,"притча, драма",Александр Довженко,СССР,1927,tt0019611,7.1
Звёзды не гаснут,"биографический фильм, исторический фильм",Аждар Ибрагимов,СССР,1971,tt8228282,6.1
Звёзды встречаются в Москве,Документальный,"Василий Катанян, Владимир Бычков",СССР,1959,,-
Звёзды Эгера,драма,Зольтан Варконьи,Венгрия,1968,tt0062925,7.4
Звёзды и полосы,комедия,Пэт О'Коннор,США,1988,tt0096166,4.8
Звёздный цвет,драма,Николай Ильинский,СССР,1971,tt5293204,Рейтинг не найден
Звёздочки на земле,драма,Аамир Хан,Индия,2007,tt0986264,8.3
Звёзды в полдень,экранизация романа,Клер Дени,Франция,"25 мая, 2022, 14 октября, 2022, 14 июня, 2023",tt10354106,5.5
Звёздный путь: Планета Титанов,"приключенческий фильм, научная фантастика",Филип Кауфман,США,1978,,-
Звериная натура,комедия-драма,Мишель Гондри,"США, Франция",2001,tt0219822,6.4
Звёздный рубеж,"научно-фантастический, боевик",Эдвард Дрейк,США,2021,tt11762434,2.5
Звёздный путь: Возмездие,научная фантастика,Стюарт Бэрд,США,2002,tt0253754,6.4
Звёздный путь: Божественная вещь,"приключенческий фильм, научная фантастика",,Цель: Земля,,,-
Звёздный разум,"приключения, фантастика",Алекс Гурьев,Россия,2021,tt5656994,3.5
Звёздный путь: Секция 31,"научная фантастика, драма",Олатунде Осунсанми,США,2024,tt9603060,3.8
Звёздный путь: Пародия для взрослых,"порнопародия, порнофильм",Аксель Браун,США,2009,tt1489257,5.6
Звёзды,Трагикомедия,Александр Новиков-Янгинов,Россия,2018,,-
Звёздный путь: Поколения,научная фантастика,Дэвид Карсон,США,1994,tt0111280,6.6
Запрещённый,"драматический фильм, биографический фильм, фильм-триллер",Роман Бровко,Украина,2019,tt10330046,7.4
Звёздный путь 4: Дорога домой,научная фантастика,Леонард Нимой,Хорошая мать,1986,tt0092007,7.3
Звёздный путь 3: В поисках Спока,научная фантастика,Леонард Нимой,Хорошая мать,1984,tt0088170,6.6
Звёздный путь 2: Гнев Хана,научная фантастика,Николас Мейер,США,1982,tt0084726,7.7
Звёздный путь: Первый контакт,научная фантастика,Джонатан Фрэйкс,США,1996,tt0117731,7.6
Звёздный путь,"научная фантастика, приключение, боевик",Дж. Дж. Абрамс,"США, Германия",2009,tt0796366,7.9
Звёздный путь: Фильм,"приключенческий фильм, научная фантастика",Роберт Уайз,Цель: Земля,1979,tt0079945,6.4
Звёздный крейсер «Галактика»: План,научно-фантастический фильм,Эдвард Джеймс Олмос,США,"27 октября, 2009",tt1286130,7.0
Звёздный путь: Восстание,научная фантастика,Джонатан Фрэйкс,США,1998,tt0120844,6.4
Звёздный путь 6:,научная фантастика,Николас Мейер,США,1991,tt0102975,7.2
Звёздный мальчик,сказка,Анатолий Дудоров,СССР,,tt3002440,6.9
Звёздный крейсер «Галактика»: Кровь и хром,"Боевая фантастика, космическая опера, драма",Джонас Пейт,США,2012,tt1704292,6.9
Зеркало великого мага,"сказка, приключения",Дитер Шарфенберг,ГДР,1980,tt0371249,5.5
Звёздный Путь 5: Последний рубеж,научная фантастика,Уильям Шетнер,США,1989,tt0098382,5.5
,"супергеройский фильм, боевик",Форд Биб,США,1940,tt0032559,6.5
Зина,драма,Кен МакМуллен,Великобритания,1985,tt0090372,6.6
"Здравствуй, грусть!",драма,Отто Премингер,"США, Великобритания",1958,tt0051429,6.8
Зимняя кость,драма,Дебра Граник,США,2010,tt1399683,7.1
Зимняя песня,"драма, притча, трагикомедия",Отар Иоселиани,"Франция, Грузия",2015,tt4880956,6.2
Звёздный путь: Интрепид,"научная фантастика, Фанатский фильм",Роберт Уайз,"Дания, Шотландия",2007,tt2779140,7.8
Зимняя сказка,"мелодрама, комедия-драма",Эрик Ромер,Франция,1992,tt0104008,7.2
Зимняя спячка,драма,Нури Бильге Джейлан,"Турция, Германия, Франция",2014,tt2758880,8.0
Зимняя война,"военный фильм, драма",Пекка Парикка,Финляндия,1989,tt0098437,7.6
Зимняя жара,"мелодрама, комедия",Стефан Вюйе,"Бельгия, Испания, Россия, Франция",2004,tt0356317,6.7
Зимний сад,короткометражка,"Макс Складановский, Эмиль Складановский",Германия,1895,tt1754898,5.7
Зимняя вишня,мелодрама,Игорь Масленников,СССР,1985,tt0090371,6.8
Звёздный крейсер «Галактика»: Лезвие,"научная фантастика, драма, мистика",Феликс Энрикез Алькала,США,,tt0991178,7.6
Зимний отпуск,драма,Арво Круусемент,СССР,1978,tt0266786,6.7
Зимний путь,драма,"Сергей Тарамаев, Любовь Львова",Россия,2013,tt3563662,6.8
Зимний гость,драма,Алан Рикман,"США, Великобритания",1997,tt0120521,6.8
Зимородок,драматический фильм,Вячеслав Никифоров,СССР,1972,tt1721141,6.7
Зима мертвецов: Метелица,ужасы,Николай Пигарёв,Россия,2012,tt1731775,4.1
"Зима, весна, лето или осень","драма, романтическая комедия",Тиффани Полсен,США,2024,tt24515124,6.2
Зимнее утро,драма,Николай Лебедев,СССР,1967,tt0187612,7.4
"Зима, уходи!",документальный,"Алексей Жиряков, Денис Клеблеев, Дмитрий Кубасов, Аскольд Куров, Надежда Леонтьева, Анна Моисеенко, Мадина Мустафина, Зося Родкевич, Антон Серёгин, Елена Хорева",,2012,tt2332684,6.0
Зима в огне,документальный,Евгений Афинеевский,"США, Великобритания, Украина",2015,tt4908644,8.3
Зимние братья,драма,Хлинюр Палмасон,"Дания, Исландия",2017,tt5323760,6.3
Зильс-Мария,драма,Оливье Ассаяс,"Франция, Германия, Швейцария",2014,tt2452254,6.7
«Зима в военное время»,"военный фильм, драма",Мартин Кулховен,Нидерланды,2008,tt0795441,7.0
Зигмунд Колосовский,приключенческий,"Сигизмунд Навроцкий, Борис Дмоховский",СССР,1946,tt0038272,5.4
Зигзаг удачи,трагикомедия,Эльдар Рязанов,СССР,1968,tt0063840,7.2
Зигомар,"боевик, детектив, приключенческий фильм",Викторен Жассе,Франция,1911,tt0164986,6.3
Зи и компания,драма,Брайан Дж. Хаттон,Великобритания,1972,tt0069516,5.8
ЗЗЗЗЗ,фантастика,Джон Брахм,США,1964,tt0667853,7.0
Зет и два нуля,"комедия, драма",Питер Гринуэй,"Великобритания, Нидерланды",1985,tt0090366,7.2
Зефир в шоколаде,Музыкальная комедия,Александр Павловский,Украина,1994,tt0108647,5.3
Зеро. Сиреневая Литва,"криминальная драма, триллер",Эмилис Веливис,Литва,2006,tt0968712,7.3
Зеро 2,"триллер, чёрная комедия",Эмилис Веливис,Литва,2010,tt1592292,7.5
Зимний вечер в Гаграх,музыкальная лирическая комедия,Карен Шахназаров,СССР,1985,tt0090370,7.2
Звёзды по обмену,"комедия, семейный",Алексей Даруга,Украина,2022,tt15876298,4.5
Зеркальные войны. Отражение первое,"боевик, приключенческий фильм, криминальный фильм, драма",Василий Чигинский,Россия,2005,tt0337678,3.0
Зеркальная маска,"приключенческий фильм, драма, семейный фильм, фэнтези",Дэйв Маккин,Великобритания,2005,tt0366780,6.7
Зерно,"Фантастический фильм, драма, притча",Семих Капланоглу,,2017,tt4073682,6.1
Зеркало,триллер,Тим Хантер,США,2018,tt6083648,4.7
Зеркало,"триллер, фильм ужасов",Марина Сардженти,США,1990,tt0100156,5.5
Зеркало,драма,Джафар Панахи,Иран,1997,tt0117056,7.5
Зеркало,мелодрама,Ахмед Дыя эд-Дин,Египет,"11 мая, 1970",tt2800828,6.2
Зеркала 2,фильм ужасов о сверхъестественном,Виктор Гарсия,США,2010,tt1576699,4.8
Земные и небесные приключения,детское кино,Игорь Ветров,СССР,1974,tt4826666,Рейтинг не найден
Земун,мистический неовестерн,Эдуард Жолнин,Россия,2022,tt15382154,6.1
Зеркала,"фильм ужасов о сверхъестественном, мистика",Александр Ажа,"США, Румыния, Германия",2008,tt0790686,6.1
Зерам,фантастика,Кэйта Амэмия,Япония,1991,tt0103327,6.4
Зеркало Голландии,документальное кино,Берт Ханстра,Нидерланды,1950,tt0042990,7.3
Зеркало для героя,"драма, фантастика, магический реализм",Владимир Хотиненко,СССР,1987,tt0094371,7.5
Зеница ока,Драма,Геннадий Базаров,СССР,1976,,-
Земное ядро: Бросок в преисподнюю,"фантастика, фильм-катастрофа",Джон Эмиел,США,2003,tt0298814,5.5
Зеровилль,комедия-драма,Джеймс Франко,США,2019,tt1881109,4.6
Земля. Море. Огонь. Небо,"детский фильм, драма",Шамиль Махмудбеков,СССР,1967,tt3069762,6.2
Земные девушки легко доступны,"комедия, музыкальный фильм",Джулиан Темпл,США,1988,tt0097257,5.5
Зеркала,драма,Марина Мигунова,Россия,2013,tt3005822,6.1
"Земля, до востребования","приключенческий фильм, драма",Вениамин Дорман,СССР,1972,tt0314941,6.1
"Земля, позабытая временем","приключенческий фильм, фантастика, драма, фэнтези, триллер",Кевин Коннор,"Великобритания, США",1975,tt0073260,5.6
Зеркало,"драма, автобиография",Андрей Тарковский,СССР,1974,tt0072443,7.9
Земля Чарли,драма,Рольф де Хеер,Австралия,2013,tt3244512,7.3
Земля Фараонов,пеплум,Говард Хоукс,США,1955,tt0048283,6.6
Земля Эльзы,"драма, мелодрама",Юлия Колесник,Россия,,tt11872836,7.2
Земляне,документальный фильм,Шон Монсон,США,"24 сентября, 2005, 29 сентября, 2016",tt0358456,8.6
Земля Санникова,"приключенческий фильм, фантастика","Альберт Мкртчян, Леонид Попов",СССР,1973,tt0136624,6.9
Земля против паука,"Фантастика, чёрная комедия",Скотт Зилл,,2001,tt0282178,4.4
Земля птиц,"нуар, психологический триллер, драма",Питер Линч,Канада,2018,tt4560926,3.3
Земляки,"драма, экранизация",Валентин Виноградов,СССР,1974,tt0072442,6.8
Земля обетованная,драма,Анджей Вайда,Польша,1974,tt0072446,7.8
Земля против летающих тарелок,фантастика,Фред Сирс,США,"1956, 13 июня, 1956",tt0049169,6.3
Земля моего детства,Драма,Анатолий Ниточкин,СССР,1986,tt0267140,7.1
Земля молчания и тьмы,документальный фильм,Вернер Херцог,ФРГ,1971,tt0067324,7.9
Злоключения китайца в Китае,"приключенческая, комедия",Филипп де Брока,"Франция, Италия",1965,tt0059831,6.3
Земной апокалипсис,,Тандер Левин,США,2013,tt2756412,3.4
Злой дух Ямбуя,"приключения, драма",Борис Бунеев,СССР,1977,tt0316624,7.5
Золотой полоз,"драма, фэнтези, семейный фильм",Владимир Макеранец,Россия,2007,,-
Земляничная поляна,драма,Ингмар Бергман,Швеция,1957,tt0050986,8.1
Золотой рог,драма,Ефим Арон,СССР,1948,tt18303376,4.7
Золотой ребёнок,"приключенческий фильм, комедия",Майкл Ритчи,США,1986,tt0091129,6.0
Золотой приз,"приключенческий, триллер, Фильм нуар",Марк Робсон,США,1955,tt0048514,6.0
Золотой поезд,"боевик, приключенческий фильм",Богдан Поремба,"Польша, Румыния",1986,tt0094381,7.1
Земля отцов наших,драма,"Гига Лордкипанидзе, Гиули Чохонелидзе",СССР,1979,tt0281306,6.5
Золотой мальчик,драматический фильм,Пупи Авати,Италия,2014,tt3056858,5.4
Золотой Луи,драматический фильм,Дэвид Уорк Гриффит,США,1909,tt0000882,5.6
Золотой Лотос,мелодрама,Юэ Фэн,Гонконг,,tt0194061,Рейтинг не найден
Золотой лёд 2: В погоне за золотом,"романтика, драма, мелодрама, спорт",Шон Макнамара,США,,tt0463953,6.1
Золотой компас,"приключенческий фильм, семейный фильм, фэнтези",Крис Вайц,"США, Великобритания",2007,tt0385752,6.1
Земля против паука,"фантастика, фильм ужасов, приключения",Берт Гордон,США,1958,tt0051570,4.7
Золотой дом,,Владимир Басов,СССР,1959,,-
Золотой жук,фэнтези,"Фернан Зекка, Сегундо де Шомон",Франция,1907,tt0171720,6.4
Золотой ключик,фильм-сказка,Александр Птушко,СССР,1939,tt0032162,6.5
Золотой клюв,драма,Евгений Червяков,СССР,1928,tt0229866,Рейтинг не найден
Земля отцов,киноповесть,Шакен Айманов,СССР,1966,tt0170835,6.6
Золотой демон,"фильм-драма, мелодрама",Кодзи Сима,Япония,1954,tt0045971,6.7
Золотой город,драматический фильм,Файт Харлан,Федеративная Республика Германия,1942,tt0034800,6.1
Золотой век,"Историческая, драма",Илья Хотиненко,Россия,2003,tt6413648,4.2
Золотой глаз,"боевик, приключенческий фильм, триллер",Мартин Кэмпбелл,"Великобритания, США, Россия",1995,tt0113189,7.2
Золотое сердце,музыкальный фильм,,СССР,1989,,-
Золотой век,"комедия, сюрреализм",Луис Бунюэль,Франция,1930,tt0021577,7.2
Золотой век,"драма, мелодрама, фильм-биография, исторический фильм",Шекхар Капур,Великобритания,2007,tt0414055,6.8
Золотой гусь,"сказка, комедия, семейный фильм",Зигфрид Хартманн,ГДР,1964,tt0183126,6.4
Золотой лёд,"драма, мелодрама, комедия, спорт",Пол Майкл Глейзер,США,1992,tt0104040,6.9
Золотое Королевство,драматический фильм,Брайан Перкинс,Мьянма,2015,tt3440132,6.1
Золотое озеро,приключенческий фильм,Владимир Шнейдеров,СССР,1935,tt0027239,5.0
Золотое путешествие Синдбада,"приключения, сказка",Гордон Хесслер,"Великобритания, США",1973,tt0071569,6.8
Золотое кольцо,"романтическая комедия, мелодрама, роуд-муви",Шота Гамисония,Россия,2020,tt12075970,5.7
Золото Шарпа,военная драма,Том Клегг,Великобритания,1995,tt0114417,7.2
Золото Флинна,биографический фильм,Рассел Малкэхи,Австралия,2018,tt5303442,5.1
Золото Умальты,"истерн, приключения",Андрей Богатырёв,Россия,2024,tt28940477,5.0
Золото сёгуна,"дзидайгэки, историческая, драма",Хидэо Гося,Япония,1969,tt0064387,7.6
Золото Рейна,Биографический фильм,Фатих Акин,Германия,2022,tt15536668,6.7
Золото Неаполя,трагикомедия,Витторио Де Сика,Италия,1954,tt0047313,7.3
Золотой бычок,комедия,Никита Акопян,СССР,1955,tt0361100,7.6
Золото Маккенны,вестерн,Джей Ли Томпсон,США,1969,tt0064615,6.7
Золото,драма,Андрей Мармонтов,Россия,2012,,-
Золото Калифорнии,"музыкальная, комедия, вестерн",Джошуа Логан,США,1969,tt0064782,6.6
Золото дураков,приключения,Энди Теннант,США,2008,tt0770752,5.7
Золото джунглей,"драма, приключенческий, исторический фильм",Агустин Диас Янес,Испания,"9 ноября, 2017",tt5162658,5.7
Золото,"драма, триллер",Стивен Гейган,США,2016,tt1800302,6.7
Золото,военная драма,Дамир Вятич-Бережных,СССР,1969,tt0167510,6.3
Золотая шпага,сказка,"Геннадий Шумский, Станислав Соколов",СССР,1990,tt0818924,6.3
Золотая цепь,драма,Род Холкомб,США,1991,tt0101560,5.1
Золотая цепь,приключения,Александр Муратов,СССР,1986,tt0092294,6.3
Золотая тропа,приключенческий фильм,Константин Пипинашвили,СССР,1945,tt0038269,5.6
Золотая стрела,"приключенческий фильм, фильм-сказка",Антонио Маргерити,Италия,1962,tt0058113,4.7
Золотая речка,Приключения,Вениамин Дорман,СССР,1976,tt0075458,6.8
Золотая рыбка,телеспектакль,Марк Розовский,СССР,,tt8193490,6.1
Золотая пыль,"драма, мелодрама, вестерн",Майкл Уинтерботтом,"Великобритания, Франция, Канада",2000,tt0218378,6.3
Золотая пропасть,драматический фильм,Фикрет Алиев,"СССР, Азербайджанская ССР",1980,tt0230999,7.9
Золотая пуговица,сатира,Александр Рогожкин,СССР,1986,tt0091133,5.8
Золотая пуля,"вестерн, социальная драма",Дамиано Дамиани,Италия,1966,tt0061429,7.0
Золото врага,боевик,Кристиан Дрю Сидарис,США,1993,tt0106819,4.2
Золотая молодёжь,"комедия, драма, военный фильм",Стивен Фрай,Великобритания,2003,tt0325123,6.5
Золотая мина,детективный фильм,Евгений Татарский,СССР,1977,tt0076958,7.0
Золото,"Драма, Исторический фильм","Фабио Бонци, Леонид Биц","Россия, Италия",1992,tt0108661,5.9
Золотая перчатка,"криминальная, драма, триллер, фильм ужасов",Фатих Акин,Германия,2019,tt7670212,6.7
Золотая курица,"комедия, драма",Самсон Чиу,Гонконг,2002,tt0354593,7.1
Золотая ласточка,"боевик, приключенческий фильм",Чжан Чэ,Гонконг,1968,tt0063105,6.7
Золотая чаша,драма,Джеймс Айвори,"США, Франция, Великобритания",2000,tt0200669,5.9
Золотая лихорадка,трагикомедия,Чарли Чаплин,США,"26 июня, 1925, 15 августа, 1925, 19 сентября, 1925, 27 сентября, 1925",tt0015864,8.1
Золотая крепость,"приключения, семейный",Сатьяджит Рай,Индия,1974,tt0072190,8.3
Золотая симфония,"ревю, мелодрама, музыкальный фильм",Франц Антел,Австрия,1956,tt0048684,6.1
Золотая каска,"драма, криминальный",Жак Беккер,Франция,1952,tt0043386,7.6
Золотая статуэтка ниндзя,боевик,Годфри Хо,Гонконг,1986,tt0091130,3.6
Золотая клетка,"комедия, драма",Рубен Алвес,"Франция, Бельгия",2013,tt2261749,7.2
Золотая карета,"комедия, драма",Жан Ренуар,"Франция, Италия",1952,tt0044487,7.0
Золотая Орда,приключенческий,Джордж Шерман,США,1951,tt0043593,5.4
Золотая женщина,драма,Владимир Славинский,Чехословакия,1920,tt0248623,Рейтинг не найден
Золотая девушка,"драма, фантастика, спортивный фильм",Джозеф Сарджент,США,1979,tt0079225,4.9
Золотая баба,"приключенческий, исторический фильм, истерн",Виктор Кобзев,СССР,1986,tt0092295,5.3
Зои,"арт-хаус, социальная фантастика, мелодрама",Дрейк Доримус,США,2018,tt6010628,6.1
Зозуля с дипломом,"комедия, мелодрама",Вадим Ильенко,СССР,1971,tt4680796,6.1
Зовите меня «О»!,криминальный фильм,Робер Энрико,"Франция, Италия",1968,tt0063072,6.1
Зодиак,детектив,Дэвид Финчер,США,2007,tt0443706,7.7
Зодчий теней,фильм ужасов,Джэйми Диксон,"Канада, США",1998,tt0117611,4.8
Зови меня Дрозд,мелодрама,Павел Мирзоев,Россия,2020,tt16244198,7.6
Игра в снежки,"документальное кино, комедия",Луи Люмьер,Франция,1896,tt0000041,6.7
Золотая клетка,драма,Диего Кемада-Диес,Мексика,2013,tt2042583,7.6
Игра в прятки,триллер,Джон Полсон,США,2005,tt0382077,5.9
Игра в прятки,"комедия, драма, мелодрама",Боб Джиральди,США,1987,tt0093186,6.4
Зов юности,мелодрама,Хью Форд,Великобритания,1921,tt0012023,7.2
Игра в привидение,комедия,Роберт Ф. Макгоун,США,1928,tt0234787,7.0
Игра в полях господних,драма,Эктор Бабенко,США,1991,tt0101373,6.8
Игра в правду,"комедия, драма",Виктор Шамиров,Россия,2013,tt2996932,6.9
Игра в любовь,комедия,Аббас Мирза Шарифзаде,"СССР, ЗСФСР",1935,tt1767344,5.5
Золотая жила,приключенческий фильм,"Чарлтон Хестон, Фрейзер Кларк Хестон",США,1982,tt0084359,5.7
"Игра в кальмара в реальной жизни на $456,000!",,,,"24 ноября, 2021",tt18296440,7.7
Игра в карты по-научному,комедийный фильм,Луиджи Коменчини,Италия,1972,tt0069235,7.6
Игра в карты,документальный фильм,Луи Люмьер,Франция,1895,tt0000026,5.6
Зодиак,психологический триллер,Александр Балкли,США,2005,tt0371739,5.3
Игра в имена,комедия,Мохан Кришна Индраганти,Индия,2008,tt1704137,7.4
Игра в браслетах,,Никита Хубов,Россия,1998,tt0319543,4.8
Игра Блэка,"триллер, криминал",Оскар Тор Аксельссон,Исландия,2012,tt1860181,6.7
Игра в имитацию,"историческая, драма",Мортен Тильдум,США,"29 августа, 2014",tt2084970,8.0
Игра без правил,"драма, биография, триллер",Даг Лайман,"США, ОАЭ",2010,tt0977855,6.8
Иваника и Симоника,"Притча,семейный фильм,короткометражный фильм,сказка",Павле Чарквиани,СССР,1976,tt0288072,6.4
Игра без правил,шпионский фильм,Ярополк Лапшин,СССР,1965,tt0314193,6.3
Игра агентов,"боевик, триллер",Грант С. Джонсон,США,2022,tt14168394,4.1
Игра без ничьей,шпионский,Юрий Кавтарадзе,СССР,1966,tt0275015,5.9
Игра,"комедия, триллер",Дмитрий Астрахан,Россия,2018,tt10988396,5.4
Игра,психологический триллер,Дэвид Финчер,США,1997,tt0119174,7.7
Игра,комедия,Александр Рогожкин,Россия,2008,tt1285165,4.6
Игла,"триллер, драма, артхаус",Рашид Нугманов,СССР,1988,tt0097561,6.9
Игра,"мелодрама, экранизация","Арвидс Криевс, Гунар Пиесис",СССР,1981,tt0251740,6.5
Игла Remix,"драма, триллер",Рашид Нугманов,"Россия, Казахстан",2010,tt1718800,5.2
Игденбу,драма,Александр Бек-Назаров,СССР,1930,tt0370766,6.5
Иванов Катер,драма,Марк Осепьян,СССР,1972,tt0176861,7.6
Иваново детство,драма,Андрей Тарковский,СССР,1962,tt0056111,8.0
Ивин А.,драма,Игорь Черницкий,СССР,1990,tt0099867,6.0
Иванко и царь Поганин,сказка,Борис Небиеридзе,СССР,1984,tt2116904,7.1
Ивановъ,"Драма, трагикомедия",Вадим Дубровицкий,Россия,2010,tt2890340,6.8
Иван Сила,"биография, приключения","Виктор Андриенко, Игорь Письменный",Украина,2013,tt2401213,7.4
Иван сын Амира,драматический фильм,Максим Панфилов,Россия,2013,tt3208950,6.4
Иван Макарович,драма,Игорь Добролюбов,СССР,1968,tt0319585,7.7
Иван и «Коломбина»,драма,Валерий Чечунов,СССР,1975,tt0073186,5.3
Иван Никулин — русский матрос,военный фильм,Игорь Савченко,СССР,1944,tt0036963,5.6
Игра,кинокомедия,Борис Галкин,Россия,1992,tt0176838,Рейтинг не найден
Иван Франко,биографический фильм,Тимофей Левчук,СССР,1956,tt0172615,7.5
Иван Грозный,"драма, исторический фильм, биографический фильм",Сергей Эйзенштейн,СССР,,tt0037824,7.7
Иван Фёдоров,драма,"Юрий Сорокин, Юрий Швырёв",СССР,1991,tt0102610,5.9
Иван Денисович,драма,Глеб Панфилов,Россия,2021,tt15225256,5.2
Иванна,"военный фильм, драма",Виктор Ивченко,СССР,1959,tt0174784,6.3
Иван Васильевич меняет всё,"комедия, пародия, фантастика, приключенческий фильм, музыкальный фильм","Михаил Семичев, Роман Ким",Россия,2023,tt29278798,4.4
Иван Бровкин на целине,комедия,Иван Лукинский,СССР,1958,tt0051789,6.7
Иван,драма,Виталий Дудин,СССР,1982,tt3596270,6.9
Иван,"Драма, Роуд-муви",Алёна Давыдова,Россия,2016,tt6866388,7.0
Иван,драма,Александр Довженко,СССР,1932,tt0023071,6.4
Иа,"драматический фильм, роуд-муви",Ежи Сколимовский,Польша,2022,tt19652910,6.7
Ив Сен-Лоран,Фильм-биография,Джалиль Леспер,Франция,2014,tt2707858,6.2
И… как Икар,детективный фильм,Анри Вернёй,Франция,1979,tt0079322,7.8
Иван да Марья,сказка,Борис Рыцарев,СССР,1974,tt0073185,6.4
"И эти губы, и глаза зелёные…",драма,Никита Михалков,СССР,1967,tt5135332,5.9
И чёрт с нами,"комедия, сатира",Александр Павловский,СССР,1991,tt0102090,4.6
Иван Павлов. Поиски истины,биографический,Карен Геворкян,СССР,,tt0308422,6.9
И шёл поезд,комедия,Георгий Шенгелая,Грузия,2005,tt0843284,6.4
И целого мира мало,боевик,Майкл Эптед,"Великобритания, США",1999,tt0143145,6.4
И ты увидишь небо,"драма, военный фильм",Георгий Кузнецов,СССР,1978,tt3069800,6.0
…И тогда я сказал — нет…,"драма, школьный фильм",Павел Арсенов,СССР,1973,tt0070210,6.5
Ибан и Чарли,драма,Джеймс Болтон,США,2000,tt0253063,5.6
Иван Бабушкин,"исторический фильм, биография",Георгий Кузнецов,СССР,1985,tt5638488,6.7
Иван Васильевич меняет профессию,"научно-фантастическая комедия, приключения, мюзикл",Леонид Гайдай,СССР,1973,tt0070233,8.2
И стал свет,драматический фильм,Отар Давидович Иоселиани,Франция,"1989, 7 июня, 1990",tt0097297,7.3
И спотыкается бегущий,драма,Стэнли Крамер,США,1979,tt0079831,6.1
И снова Анискин,"детективный фильм, комедия","Михаил Жаров, Виталий Иванов",СССР,1978,tt0077029,6.2
И спустился ворон,драма,Джонатан Сэнгер,США,1995,tt0112893,6.5
Идеальный незнакомец,"неонуар, триллер",Джеймс Фоули,США,2007,tt0457433,5.7
Избранный,документальный фильм,Нати Барац,Израиль,2008,tt1286798,7.5
И это всё о нём,детектив,Игорь Шатров,СССР,,tt0243982,6.8
Избранные,драма,Сергей Соловьёв,"СССР, Колумбия",1982,tt0085741,6.8
Избранные,драма,Джереми Каган,США,1981,tt0082175,7.2
И черепахи могут летать,драма,Бахман Гобади,"Иран, Франция, Ирак",2004,tt0424227,8.0
И твою маму тоже,"драма, комедия, роуд-муви, бадди-муви, эротика",Альфонсо Куарон,Мексика,2001,tt0245574,7.7
Избранник судьбы,"музыкальная, комедия",Всеволод Шиловский,СССР,1987,tt5687002,Рейтинг не найден
Избавь меня от небытия,биографический фильм,Скотт Купер,США,2025,tt31923069,Рейтинг не найден
Избавление,"триллер, приключения, драма",Джон Бурмен,США,1972,tt0068473,7.6
Избавление,драма,Сатьяджит Рай,Индия,1981,tt0083018,7.9
Избави нас.,фильм ужасов,"Крю Эннис, Ли Рой Кунц",США,2023,tt14462452,4.8
Избавление,"драма, фильм-биография",Джордж Фостер Платт,США,1919,tt0010061,6.7
Избавитель,"Фильм ужасов, Научная фантастика",Крсто Папич,СФРЮ,1976,tt0074701,6.7
Избави нас от лукавого,"детектив, ужасы, триллер",Скотт Дерриксон,США,2014,tt2377322,6.2
Изабель,драма,Бен Сомбогарт,Нидерланды,2011,tt1609132,6.0
Избави нас от лукавого,документальный фильм,Эми Джей Берг,США,2006,tt0814075,7.9
Из-за чести,драма,Арташес Ай-Артян,СССР,1956,tt0049375,6.4
Из-за тебя,"Мелодрама, Фильм нуар",Джозеф Певни,США,1952,tt0044403,6.4
И снова лесной разбойник,"приключенческий фильм, детский фильм, комедия, семейный фильм",Густав Эмк,ФРГ,1979,tt0079620,6.5
Из-за тебя,"мелодрама, комедия",Джаянт Паранджи,Индия,2014,tt3686226,5.0
Из-за Грасии,"мелодрама, комедия, драма",Том Симес,США,2017,tt4372736,5.6
Из-за денег,драматический фильм,Дэвид Уорк Гриффит,США,1908,tt0000728,5.8
«Из тьмы»,Фильм ужасов,Корин Харди,"США, Великобритания, Ирландия",2015,tt2474976,5.7
Иваново счастье,драматический фильм,Иван Соснин,Россия,2021,tt11862870,6.4
Из темноты,"комедия, ужасы",Джеффри Лау,Гонконг,1995,tt0113356,6.8
Из тьмы,,Майкл Шрёдер,США,1988,tt0095803,5.4
Из России с любовью,боевик,Теренс Янг,Великобритания,1963,tt0057076,7.3
Из темноты,драма,Лэрри Илайкэнн,США,,tt0110752,7.5
Из последних желаний,Мелодрама,Нитара Ли Осборн,США,2009,tt1090679,4.4
Из породы беглецов,драма,Сидни Люмет,США,1960,tt0052832,7.1
Из пекла,"криминальный, триллер",Скотт Купер,"США, Великобритания",2013,tt1206543,6.7
Из прошлого,"криминальная драма, нуар",Жак Турнёр,США,1947,tt0039689,8.0
Из ночи в утро,"Драма, Мелодрама",Флетчер Маркл,США,1951,tt0043852,6.8
Из Уфы с любовью,"комедия, драма",Айнур Аскаров,Россия,2017,tt6918070,6.4
Из нового Бруклина в Нью-Йорк по Бруклинскому мосту,документальный фильм,,США,1899,tt0256957,5.6
Из мрака,Драма,Джордж Мелфорд,США,1915,tt0005847,5.0
Из Парижа с любовью,"боевик, триллер, криминал",Пьер Морель,Франция,2010,tt1179034,6.4
Из машины,"научно-фантастический, триллер",Алекс Гарленд,Великобритания,2015,tt0470752,7.7
Из Монтгомери в Мемфис,Документальный фильм,Сидни Люмет,США,1971,tt0065944,8.2
Из Китая с любовью,комедия,"Стивен Чоу, Лик-Чи Ли",Гонконг,1994,tt0109962,7.1
Из лучших побуждений,кинокомедия,Роберт Эшер,Великобритания,1966,tt0060857,5.9
Из любви к золоту,криминальный фильм,Дэвид Гриффит,США,1908,tt0000689,6.2
Из Лебяжьего сообщают,драма,Василий Шукшин,СССР,1960,tt0175780,6.7
Из жизни Потапова,производственный фильм,Николай Скуйбин,,1985,tt0089357,6.2
Из жизни Фёдора Кузькина,драма,Станислав Ростоцкий,СССР,1989,tt0097602,7.4
Из джунглей в джунгли,комедийный фильм,Джон Пасквин,США,1997,tt0119432,5.2
Из жизни отдыхающих,"романтическая, мелодрама",Николай Губенко,СССР,1980,tt0080939,7.1
Из жизни начальника уголовного розыска,"детектив, драма",Степан Пучинян,СССР,1983,tt0085740,6.2
Из ада в ад,драма,Дмитрий Астрахан,"Россия, Беларусь, Германия",1996,tt0116368,6.0
Из времени во время,"приключенческий фильм, драма, фэнтези",Джулиан Феллоуз,Великобритания,2009,tt1031241,6.7
Из Африки,"мелодрама, драма, биография",Сидни Поллак,США,1985,tt0089755,7.1
Из ада,"триллер, ужасы, мистика","Альберт Хьюз, Аллен Хьюз",США,Робби Колтрейн,tt0120681,6.7
Из могилы,"фильм ужасов, фэнтези",Кевин Коннор,Великобритания,1973,tt0070078,6.6
Иерихон,"военный, драма",Анри Калеф,Франция,1945,tt0037830,7.0
Ижорский батальон,романтическая драма,Геннадий Казанский,СССР,1972,tt2050549,6.4
Из 13 в 30,"фэнтезийная, романтическая комедия",Гари Виник,США,2004,tt0337563,6.3
Из жизни тайных агентов,"комедия, боевик",Герберт Росс,США,1993,tt0108442,6.0
Идущие за горизонт,"приключенческий фильм, драма",Николай Калинин,СССР,,tt4621800,6.0
Иерей-сан,"боевик, драма",Егор Баранов,Россия,2015,tt5275764,5.9
Из жизни марионеток,"драма, эротика",Ингмар Бергман,"ФРГ, Швеция",1980,tt0080397,7.2
Идущий в огне,"приключенческий фильм, боевик, комедия",Джей Ли Томпсон,США,1986,tt0091055,5.1
Иезавель,драма,Уильям Уайлер,США,1938,tt0030287,7.4
Иду к тебе...,"драматический фильм, биографический фильм",Николай Мащенко,СССР,1971,tt5299510,5.8
Идущие по хвосту тигра,"драма, приключения",Акира Куросава,Япония,1945,tt0038182,6.7
Иду на вулкан,драма,Тофик Исмайлов,СССР,,tt1456655,6.2
Иду на грозу,мелодрама,Сергей Микаэлян,СССР,1965,tt0129152,7.4
Из вечности,приключенческая драма,Джон Фэрроу,США,1956,tt0048975,6.5
"Идти тихо, идти глубоко",Драма,Роберт Уайз,США,1958,tt0052151,7.3
Иду искать,драма,Игорь Добролюбов,СССР,1966,tt2256578,6.5
Иерусалим,"научно-популярный, документальный",Даниэль Фергюсон,"США, Великобритания",2013,tt2385006,7.3
Идол дневных спектаклей,"романтическая, комедия",Фрэнк Капра,США,1928,tt0019151,6.9
Иеремия Джонсон,"вестерн, драма",Сидни Поллак,США,1972,tt0068762,7.6
,комедия,Серж Корбер,Франция,1967,tt0155755,6.0
Идиоты,"драма, комедия",Ларс фон Триер,Франция,1998,tt0154421,6.7
Идите с Богом,"драма, комедия, фильм-путешествие",Золтан Спиранделли,Германия,2002,tt0295001,6.9
здесь, спустя час, я остановила работу парсинга.